user_id,mod_id,game_id,event_name,timestamp
346,59,23,download_mod,2026-01-01 00:00:00
141,350,28,view_mod,2026-01-01 00:01:00
111,316,19,view_mod,2026-01-01 00:02:00
77,103,43,like_mod,2026-01-01 00:03:00
879,131,13,like_mod,2026-01-01 00:04:00
18,221,32,download_mod,2026-01-01 00:05:00
410,278,21,view_mod,2026-01-01 00:06:00
930,226,29,like_mod,2026-01-01 00:07:00
11,331,45,download_mod,2026-01-01 00:08:00
223,493,16,view_mod,2026-01-01 00:09:00
564,325,15,view_mod,2026-01-01 00:10:00
234,219,9,download_mod,2026-01-01 00:11:00
553,123,20,download_mod,2026-01-01 00:12:00
404,433,34,view_mod,2026-01-01 00:13:00
199,166,7,download_mod,2026-01-01 00:14:00
473,96,15,download_mod,2026-01-01 00:15:00
761,51,33,view_mod,2026-01-01 00:16:00
415,95,19,upload_mod,2026-01-01 00:17:00
478,144,37,view_mod,2026-01-01 00:18:00
625,491,20,view_mod,2026-01-01 00:19:00
117,422,31,download_mod,2026-01-01 00:20:00
51,139,7,upload_mod,2026-01-01 00:21:00
350,49,5,view_mod,2026-01-01 00:22:00
925,146,26,download_mod,2026-01-01 00:23:00
96,333,11,download_mod,2026-01-01 00:24:00
220,416,35,upload_mod,2026-01-01 00:25:00
840,142,6,upload_mod,2026-01-01 00:26:00
978,122,29,download_mod,2026-01-01 00:27:00
506,312,43,view_mod,2026-01-01 00:28:00
835,337,46,download_mod,2026-01-01 00:29:00
476,485,30,upload_mod,2026-01-01 00:30:00
475,194,19,like_mod,2026-01-01 00:31:00
449,391,42,view_mod,2026-01-01 00:32:00
992,315,26,view_mod,2026-01-01 00:33:00
465,304,30,upload_mod,2026-01-01 00:34:00
274,375,7,download_mod,2026-01-01 00:35:00
454,405,16,view_mod,2026-01-01 00:36:00
535,149,38,view_mod,2026-01-01 00:37:00
596,12,17,view_mod,2026-01-01 00:38:00
801,475,31,view_mod,2026-01-01 00:39:00
626,437,43,view_mod,2026-01-01 00:40:00
732,261,39,download_mod,2026-01-01 00:41:00
465,153,30,view_mod,2026-01-01 00:42:00
192,354,35,like_mod,2026-01-01 00:43:00
452,385,38,view_mod,2026-01-01 00:44:00
640,476,44,view_mod,2026-01-01 00:45:00
299,51,44,download_mod,2026-01-01 00:46:00
208,250,43,view_mod,2026-01-01 00:47:00
433,143,36,like_mod,2026-01-01 00:48:00
110,427,41,view_mod,2026-01-01 00:49:00
990,171,44,download_mod,2026-01-01 00:50:00
485,197,44,view_mod,2026-01-01 00:51:00
344,347,17,view_mod,2026-01-01 00:52:00
265,187,13,like_mod,2026-01-01 00:53:00
296,379,7,upload_mod,2026-01-01 00:54:00
971,408,2,view_mod,2026-01-01 00:55:00
414,287,11,view_mod,2026-01-01 00:56:00
837,352,44,download_mod,2026-01-01 00:57:00
761,260,7,upload_mod,2026-01-01 00:58:00
135,245,26,view_mod,2026-01-01 00:59:00
49,47,39,upload_mod,2026-01-01 01:00:00
452,473,3,view_mod,2026-01-01 01:01:00
982,141,20,like_mod,2026-01-01 01:02:00
834,390,10,view_mod,2026-01-01 01:03:00
998,333,20,download_mod,2026-01-01 01:04:00
97,20,15,download_mod,2026-01-01 01:05:00
739,266,11,upload_mod,2026-01-01 01:06:00
497,42,40,view_mod,2026-01-01 01:07:00
702,132,32,download_mod,2026-01-01 01:08:00
50,499,8,download_mod,2026-01-01 01:09:00
911,496,39,upload_mod,2026-01-01 01:10:00
304,328,11,view_mod,2026-01-01 01:11:00
463,345,19,view_mod,2026-01-01 01:12:00
88,356,33,download_mod,2026-01-01 01:13:00
309,60,23,like_mod,2026-01-01 01:14:00
547,356,38,download_mod,2026-01-01 01:15:00
282,305,32,download_mod,2026-01-01 01:16:00
514,113,14,upload_mod,2026-01-01 01:17:00
205,116,22,like_mod,2026-01-01 01:18:00
144,12,3,upload_mod,2026-01-01 01:19:00
586,271,19,view_mod,2026-01-01 01:20:00
357,346,16,download_mod,2026-01-01 01:21:00
423,145,30,download_mod,2026-01-01 01:22:00
131,193,16,view_mod,2026-01-01 01:23:00
433,420,4,like_mod,2026-01-01 01:24:00
369,315,39,view_mod,2026-01-01 01:25:00
654,19,16,download_mod,2026-01-01 01:26:00
984,316,5,upload_mod,2026-01-01 01:27:00
733,312,12,like_mod,2026-01-01 01:28:00
808,373,48,view_mod,2026-01-01 01:29:00
386,310,2,upload_mod,2026-01-01 01:30:00
7,404,24,view_mod,2026-01-01 01:31:00
867,19,44,upload_mod,2026-01-01 01:32:00
784,406,46,download_mod,2026-01-01 01:33:00
464,435,32,upload_mod,2026-01-01 01:34:00
831,334,49,like_mod,2026-01-01 01:35:00
426,35,23,view_mod,2026-01-01 01:36:00
419,6,17,upload_mod,2026-01-01 01:37:00
358,413,35,download_mod,2026-01-01 01:38:00
496,132,36,download_mod,2026-01-01 01:39:00
202,196,21,view_mod,2026-01-01 01:40:00
965,98,23,download_mod,2026-01-01 01:41:00
785,345,32,view_mod,2026-01-01 01:42:00
75,454,40,download_mod,2026-01-01 01:43:00
818,372,30,download_mod,2026-01-01 01:44:00
66,296,47,download_mod,2026-01-01 01:45:00
978,437,2,view_mod,2026-01-01 01:46:00
470,188,28,like_mod,2026-01-01 01:47:00
732,29,13,download_mod,2026-01-01 01:48:00
788,440,3,view_mod,2026-01-01 01:49:00
182,230,22,view_mod,2026-01-01 01:50:00
748,4,41,view_mod,2026-01-01 01:51:00
516,457,43,upload_mod,2026-01-01 01:52:00
548,13,34,view_mod,2026-01-01 01:53:00
51,353,10,view_mod,2026-01-01 01:54:00
419,189,36,view_mod,2026-01-01 01:55:00
370,4,10,view_mod,2026-01-01 01:56:00
538,370,32,upload_mod,2026-01-01 01:57:00
537,301,32,download_mod,2026-01-01 01:58:00
272,406,38,download_mod,2026-01-01 01:59:00
557,330,38,view_mod,2026-01-01 02:00:00
48,385,31,view_mod,2026-01-01 02:01:00
243,172,12,like_mod,2026-01-01 02:02:00
947,334,21,download_mod,2026-01-01 02:03:00
381,376,12,download_mod,2026-01-01 02:04:00
848,87,12,download_mod,2026-01-01 02:05:00
531,392,13,view_mod,2026-01-01 02:06:00
860,468,41,view_mod,2026-01-01 02:07:00
142,307,16,download_mod,2026-01-01 02:08:00
772,104,23,download_mod,2026-01-01 02:09:00
127,212,48,download_mod,2026-01-01 02:10:00
485,5,37,like_mod,2026-01-01 02:11:00
106,166,20,upload_mod,2026-01-01 02:12:00
493,352,40,like_mod,2026-01-01 02:13:00
593,425,18,view_mod,2026-01-01 02:14:00
299,109,36,view_mod,2026-01-01 02:15:00
219,266,48,view_mod,2026-01-01 02:16:00
200,272,44,download_mod,2026-01-01 02:17:00
693,336,13,view_mod,2026-01-01 02:18:00
102,5,10,view_mod,2026-01-01 02:19:00
629,296,19,view_mod,2026-01-01 02:20:00
482,487,13,view_mod,2026-01-01 02:21:00
78,215,32,view_mod,2026-01-01 02:22:00
392,193,9,view_mod,2026-01-01 02:23:00
450,457,25,upload_mod,2026-01-01 02:24:00
945,11,15,download_mod,2026-01-01 02:25:00
881,451,44,view_mod,2026-01-01 02:26:00
584,256,40,download_mod,2026-01-01 02:27:00
379,163,35,view_mod,2026-01-01 02:28:00
663,47,46,download_mod,2026-01-01 02:29:00
339,330,46,view_mod,2026-01-01 02:30:00
42,145,2,download_mod,2026-01-01 02:31:00
361,81,26,view_mod,2026-01-01 02:32:00
197,6,2,view_mod,2026-01-01 02:33:00
346,115,19,download_mod,2026-01-01 02:34:00
70,465,20,download_mod,2026-01-01 02:35:00
689,17,39,download_mod,2026-01-01 02:36:00
184,207,28,download_mod,2026-01-01 02:37:00
386,243,27,upload_mod,2026-01-01 02:38:00
110,121,18,upload_mod,2026-01-01 02:39:00
433,62,7,view_mod,2026-01-01 02:40:00
815,396,27,download_mod,2026-01-01 02:41:00
584,280,1,download_mod,2026-01-01 02:42:00
36,442,43,view_mod,2026-01-01 02:43:00
702,412,17,view_mod,2026-01-01 02:44:00
976,181,42,view_mod,2026-01-01 02:45:00
207,9,45,view_mod,2026-01-01 02:46:00
719,309,47,download_mod,2026-01-01 02:47:00
473,346,47,view_mod,2026-01-01 02:48:00
626,458,41,download_mod,2026-01-01 02:49:00
415,388,34,view_mod,2026-01-01 02:50:00
751,46,7,view_mod,2026-01-01 02:51:00
933,190,3,view_mod,2026-01-01 02:52:00
238,399,36,view_mod,2026-01-01 02:53:00
745,309,23,view_mod,2026-01-01 02:54:00
508,47,13,view_mod,2026-01-01 02:55:00
95,193,18,download_mod,2026-01-01 02:56:00
84,325,43,like_mod,2026-01-01 02:57:00
818,462,18,download_mod,2026-01-01 02:58:00
772,472,36,upload_mod,2026-01-01 02:59:00
129,38,47,download_mod,2026-01-01 03:00:00
968,336,43,view_mod,2026-01-01 03:01:00
477,258,17,view_mod,2026-01-01 03:02:00
809,214,41,view_mod,2026-01-01 03:03:00
769,293,11,like_mod,2026-01-01 03:04:00
304,413,36,download_mod,2026-01-01 03:05:00
238,420,10,view_mod,2026-01-01 03:06:00
834,283,13,download_mod,2026-01-01 03:07:00
512,396,25,view_mod,2026-01-01 03:08:00
196,295,2,download_mod,2026-01-01 03:09:00
305,176,20,view_mod,2026-01-01 03:10:00
774,467,43,download_mod,2026-01-01 03:11:00
76,457,39,view_mod,2026-01-01 03:12:00
51,384,47,upload_mod,2026-01-01 03:13:00
702,283,17,view_mod,2026-01-01 03:14:00
810,188,10,view_mod,2026-01-01 03:15:00
95,39,46,upload_mod,2026-01-01 03:16:00
200,60,38,download_mod,2026-01-01 03:17:00
302,403,40,upload_mod,2026-01-01 03:18:00
207,72,19,like_mod,2026-01-01 03:19:00
948,245,19,download_mod,2026-01-01 03:20:00
627,194,31,view_mod,2026-01-01 03:21:00
361,255,9,view_mod,2026-01-01 03:22:00
995,395,21,view_mod,2026-01-01 03:23:00
6,297,20,like_mod,2026-01-01 03:24:00
165,178,13,view_mod,2026-01-01 03:25:00
583,237,36,view_mod,2026-01-01 03:26:00
437,272,38,upload_mod,2026-01-01 03:27:00
588,254,19,download_mod,2026-01-01 03:28:00
398,312,26,view_mod,2026-01-01 03:29:00
522,374,38,view_mod,2026-01-01 03:30:00
866,356,46,upload_mod,2026-01-01 03:31:00
360,312,1,like_mod,2026-01-01 03:32:00
109,422,22,like_mod,2026-01-01 03:33:00
796,150,10,view_mod,2026-01-01 03:34:00
21,461,43,view_mod,2026-01-01 03:35:00
242,301,47,like_mod,2026-01-01 03:36:00
649,66,9,upload_mod,2026-01-01 03:37:00
853,295,1,view_mod,2026-01-01 03:38:00
54,215,49,download_mod,2026-01-01 03:39:00
28,429,15,view_mod,2026-01-01 03:40:00
74,8,11,view_mod,2026-01-01 03:41:00
112,120,49,view_mod,2026-01-01 03:42:00
672,496,40,view_mod,2026-01-01 03:43:00
205,223,47,upload_mod,2026-01-01 03:44:00
666,372,7,view_mod,2026-01-01 03:45:00
147,275,25,view_mod,2026-01-01 03:46:00
752,200,9,view_mod,2026-01-01 03:47:00
132,323,16,view_mod,2026-01-01 03:48:00
516,380,12,like_mod,2026-01-01 03:49:00
246,39,29,view_mod,2026-01-01 03:50:00
382,25,3,view_mod,2026-01-01 03:51:00
862,384,19,upload_mod,2026-01-01 03:52:00
218,137,4,like_mod,2026-01-01 03:53:00
776,117,28,download_mod,2026-01-01 03:54:00
751,249,29,download_mod,2026-01-01 03:55:00
365,463,24,download_mod,2026-01-01 03:56:00
361,324,26,view_mod,2026-01-01 03:57:00
183,117,23,view_mod,2026-01-01 03:58:00
707,136,11,view_mod,2026-01-01 03:59:00
125,76,24,download_mod,2026-01-01 04:00:00
389,107,12,view_mod,2026-01-01 04:01:00
476,148,49,upload_mod,2026-01-01 04:02:00
421,321,36,download_mod,2026-01-01 04:03:00
488,92,40,view_mod,2026-01-01 04:04:00
176,494,45,like_mod,2026-01-01 04:05:00
490,217,34,download_mod,2026-01-01 04:06:00
802,32,4,view_mod,2026-01-01 04:07:00
653,392,13,upload_mod,2026-01-01 04:08:00
523,434,36,view_mod,2026-01-01 04:09:00
460,425,28,view_mod,2026-01-01 04:10:00
844,296,1,upload_mod,2026-01-01 04:11:00
970,26,28,download_mod,2026-01-01 04:12:00
195,173,34,view_mod,2026-01-01 04:13:00
211,395,25,view_mod,2026-01-01 04:14:00
589,16,14,download_mod,2026-01-01 04:15:00
748,179,25,download_mod,2026-01-01 04:16:00
453,167,23,download_mod,2026-01-01 04:17:00
167,370,40,view_mod,2026-01-01 04:18:00
650,351,10,download_mod,2026-01-01 04:19:00
877,125,30,download_mod,2026-01-01 04:20:00
66,187,36,download_mod,2026-01-01 04:21:00
282,270,39,download_mod,2026-01-01 04:22:00
88,499,21,view_mod,2026-01-01 04:23:00
589,358,17,upload_mod,2026-01-01 04:24:00
93,23,27,view_mod,2026-01-01 04:25:00
376,300,47,like_mod,2026-01-01 04:26:00
719,348,24,download_mod,2026-01-01 04:27:00
748,385,21,download_mod,2026-01-01 04:28:00
742,41,4,download_mod,2026-01-01 04:29:00
421,21,5,download_mod,2026-01-01 04:30:00
594,363,30,download_mod,2026-01-01 04:31:00
185,459,47,view_mod,2026-01-01 04:32:00
869,75,45,download_mod,2026-01-01 04:33:00
427,270,18,download_mod,2026-01-01 04:34:00
607,458,31,view_mod,2026-01-01 04:35:00
251,499,4,view_mod,2026-01-01 04:36:00
359,341,17,download_mod,2026-01-01 04:37:00
94,401,10,view_mod,2026-01-01 04:38:00
126,166,2,upload_mod,2026-01-01 04:39:00
988,47,44,download_mod,2026-01-01 04:40:00
762,199,24,view_mod,2026-01-01 04:41:00
840,314,14,view_mod,2026-01-01 04:42:00
979,222,42,like_mod,2026-01-01 04:43:00
833,75,35,download_mod,2026-01-01 04:44:00
309,34,39,view_mod,2026-01-01 04:45:00
875,149,47,download_mod,2026-01-01 04:46:00
324,121,23,view_mod,2026-01-01 04:47:00
204,305,36,view_mod,2026-01-01 04:48:00
259,191,29,download_mod,2026-01-01 04:49:00
459,197,40,download_mod,2026-01-01 04:50:00
906,96,25,view_mod,2026-01-01 04:51:00
913,478,37,download_mod,2026-01-01 04:52:00
844,441,17,download_mod,2026-01-01 04:53:00
623,342,14,download_mod,2026-01-01 04:54:00
671,361,23,view_mod,2026-01-01 04:55:00
84,409,49,download_mod,2026-01-01 04:56:00
70,67,17,download_mod,2026-01-01 04:57:00
916,97,40,upload_mod,2026-01-01 04:58:00
465,110,23,download_mod,2026-01-01 04:59:00
252,220,5,view_mod,2026-01-01 05:00:00
27,131,2,like_mod,2026-01-01 05:01:00
274,133,44,view_mod,2026-01-01 05:02:00
593,212,1,view_mod,2026-01-01 05:03:00
470,313,38,download_mod,2026-01-01 05:04:00
737,239,39,view_mod,2026-01-01 05:05:00
848,189,43,download_mod,2026-01-01 05:06:00
784,95,37,like_mod,2026-01-01 05:07:00
227,188,49,upload_mod,2026-01-01 05:08:00
563,147,11,view_mod,2026-01-01 05:09:00
47,312,3,view_mod,2026-01-01 05:10:00
287,390,19,upload_mod,2026-01-01 05:11:00
394,264,17,download_mod,2026-01-01 05:12:00
173,400,46,view_mod,2026-01-01 05:13:00
178,442,24,view_mod,2026-01-01 05:14:00
659,1,7,download_mod,2026-01-01 05:15:00
686,427,11,download_mod,2026-01-01 05:16:00
745,355,1,view_mod,2026-01-01 05:17:00
883,397,4,view_mod,2026-01-01 05:18:00
514,49,2,like_mod,2026-01-01 05:19:00
833,173,41,download_mod,2026-01-01 05:20:00
100,324,28,view_mod,2026-01-01 05:21:00
353,198,49,download_mod,2026-01-01 05:22:00
646,133,46,download_mod,2026-01-01 05:23:00
112,108,23,view_mod,2026-01-01 05:24:00
299,1,18,upload_mod,2026-01-01 05:25:00
487,465,30,download_mod,2026-01-01 05:26:00
600,242,39,view_mod,2026-01-01 05:27:00
263,233,33,view_mod,2026-01-01 05:28:00
270,299,17,view_mod,2026-01-01 05:29:00
103,453,11,like_mod,2026-01-01 05:30:00
205,71,19,download_mod,2026-01-01 05:31:00
736,482,40,download_mod,2026-01-01 05:32:00
928,267,28,download_mod,2026-01-01 05:33:00
513,233,25,view_mod,2026-01-01 05:34:00
537,493,27,download_mod,2026-01-01 05:35:00
825,34,2,like_mod,2026-01-01 05:36:00
229,124,46,upload_mod,2026-01-01 05:37:00
40,75,45,download_mod,2026-01-01 05:38:00
839,19,1,like_mod,2026-01-01 05:39:00
781,107,28,view_mod,2026-01-01 05:40:00
110,416,8,like_mod,2026-01-01 05:41:00
72,145,45,download_mod,2026-01-01 05:42:00
102,194,38,view_mod,2026-01-01 05:43:00
712,368,41,like_mod,2026-01-01 05:44:00
476,53,34,download_mod,2026-01-01 05:45:00
911,119,45,like_mod,2026-01-01 05:46:00
894,191,45,download_mod,2026-01-01 05:47:00
762,498,22,view_mod,2026-01-01 05:48:00
437,209,33,view_mod,2026-01-01 05:49:00
215,442,20,download_mod,2026-01-01 05:50:00
993,386,42,view_mod,2026-01-01 05:51:00
549,457,38,view_mod,2026-01-01 05:52:00
477,381,21,view_mod,2026-01-01 05:53:00
108,228,36,upload_mod,2026-01-01 05:54:00
165,455,35,download_mod,2026-01-01 05:55:00
371,492,12,view_mod,2026-01-01 05:56:00
204,209,42,view_mod,2026-01-01 05:57:00
400,12,12,download_mod,2026-01-01 05:58:00
620,122,10,view_mod,2026-01-01 05:59:00
232,285,37,like_mod,2026-01-01 06:00:00
540,464,6,view_mod,2026-01-01 06:01:00
38,47,28,view_mod,2026-01-01 06:02:00
267,239,12,upload_mod,2026-01-01 06:03:00
938,131,6,download_mod,2026-01-01 06:04:00
408,313,29,like_mod,2026-01-01 06:05:00
411,73,25,view_mod,2026-01-01 06:06:00
204,205,9,download_mod,2026-01-01 06:07:00
141,184,46,view_mod,2026-01-01 06:08:00
614,474,22,view_mod,2026-01-01 06:09:00
546,305,40,like_mod,2026-01-01 06:10:00
348,360,45,view_mod,2026-01-01 06:11:00
970,472,26,view_mod,2026-01-01 06:12:00
32,255,33,view_mod,2026-01-01 06:13:00
165,24,38,view_mod,2026-01-01 06:14:00
565,332,1,download_mod,2026-01-01 06:15:00
231,258,24,view_mod,2026-01-01 06:16:00
51,239,23,view_mod,2026-01-01 06:17:00
430,496,43,download_mod,2026-01-01 06:18:00
565,40,9,like_mod,2026-01-01 06:19:00
250,419,20,view_mod,2026-01-01 06:20:00
990,31,30,view_mod,2026-01-01 06:21:00
519,330,15,view_mod,2026-01-01 06:22:00
92,249,34,view_mod,2026-01-01 06:23:00
17,229,32,view_mod,2026-01-01 06:24:00
174,237,49,view_mod,2026-01-01 06:25:00
879,428,36,like_mod,2026-01-01 06:26:00
696,114,39,download_mod,2026-01-01 06:27:00
434,14,2,download_mod,2026-01-01 06:28:00
252,458,34,download_mod,2026-01-01 06:29:00
244,69,49,upload_mod,2026-01-01 06:30:00
626,145,48,view_mod,2026-01-01 06:31:00
201,483,3,upload_mod,2026-01-01 06:32:00
19,244,45,download_mod,2026-01-01 06:33:00
574,205,33,view_mod,2026-01-01 06:34:00
739,119,12,view_mod,2026-01-01 06:35:00
963,286,3,download_mod,2026-01-01 06:36:00
830,101,34,view_mod,2026-01-01 06:37:00
707,167,19,download_mod,2026-01-01 06:38:00
250,109,41,like_mod,2026-01-01 06:39:00
960,7,40,download_mod,2026-01-01 06:40:00
692,176,45,view_mod,2026-01-01 06:41:00
636,396,14,view_mod,2026-01-01 06:42:00
123,498,18,like_mod,2026-01-01 06:43:00
894,418,24,download_mod,2026-01-01 06:44:00
662,271,20,like_mod,2026-01-01 06:45:00
815,31,47,view_mod,2026-01-01 06:46:00
613,461,44,like_mod,2026-01-01 06:47:00
39,438,30,like_mod,2026-01-01 06:48:00
867,45,29,view_mod,2026-01-01 06:49:00
208,75,36,view_mod,2026-01-01 06:50:00
170,250,17,download_mod,2026-01-01 06:51:00
512,124,41,upload_mod,2026-01-01 06:52:00
546,469,3,like_mod,2026-01-01 06:53:00
716,265,21,upload_mod,2026-01-01 06:54:00
361,457,28,download_mod,2026-01-01 06:55:00
508,303,21,like_mod,2026-01-01 06:56:00
816,358,37,like_mod,2026-01-01 06:57:00
420,188,29,view_mod,2026-01-01 06:58:00
725,377,10,view_mod,2026-01-01 06:59:00
916,198,30,view_mod,2026-01-01 07:00:00
165,83,36,like_mod,2026-01-01 07:01:00
43,368,32,download_mod,2026-01-01 07:02:00
970,364,37,view_mod,2026-01-01 07:03:00
337,227,45,view_mod,2026-01-01 07:04:00
744,208,21,view_mod,2026-01-01 07:05:00
925,172,25,download_mod,2026-01-01 07:06:00
889,483,43,view_mod,2026-01-01 07:07:00
172,89,11,view_mod,2026-01-01 07:08:00
123,336,2,view_mod,2026-01-01 07:09:00
648,51,25,like_mod,2026-01-01 07:10:00
513,465,23,upload_mod,2026-01-01 07:11:00
9,254,5,like_mod,2026-01-01 07:12:00
952,102,29,download_mod,2026-01-01 07:13:00
410,387,22,upload_mod,2026-01-01 07:14:00
948,64,24,view_mod,2026-01-01 07:15:00
942,165,7,upload_mod,2026-01-01 07:16:00
216,434,7,view_mod,2026-01-01 07:17:00
984,175,4,view_mod,2026-01-01 07:18:00
573,211,44,upload_mod,2026-01-01 07:19:00
43,90,22,download_mod,2026-01-01 07:20:00
230,100,12,view_mod,2026-01-01 07:21:00
351,234,22,view_mod,2026-01-01 07:22:00
135,186,21,download_mod,2026-01-01 07:23:00
55,391,44,upload_mod,2026-01-01 07:24:00
698,94,8,download_mod,2026-01-01 07:25:00
831,21,17,download_mod,2026-01-01 07:26:00
280,81,38,view_mod,2026-01-01 07:27:00
529,182,24,view_mod,2026-01-01 07:28:00
728,98,39,view_mod,2026-01-01 07:29:00
300,237,18,view_mod,2026-01-01 07:30:00
359,315,47,like_mod,2026-01-01 07:31:00
343,472,21,view_mod,2026-01-01 07:32:00
426,217,26,view_mod,2026-01-01 07:33:00
470,210,5,download_mod,2026-01-01 07:34:00
872,290,37,view_mod,2026-01-01 07:35:00
842,244,31,view_mod,2026-01-01 07:36:00
386,375,10,download_mod,2026-01-01 07:37:00
234,388,35,download_mod,2026-01-01 07:38:00
971,192,6,download_mod,2026-01-01 07:39:00
492,361,12,view_mod,2026-01-01 07:40:00
402,494,38,view_mod,2026-01-01 07:41:00
306,308,25,like_mod,2026-01-01 07:42:00
43,248,36,download_mod,2026-01-01 07:43:00
657,181,29,download_mod,2026-01-01 07:44:00
204,212,32,view_mod,2026-01-01 07:45:00
632,347,22,download_mod,2026-01-01 07:46:00
125,149,30,view_mod,2026-01-01 07:47:00
512,86,3,view_mod,2026-01-01 07:48:00
975,154,13,download_mod,2026-01-01 07:49:00
500,359,23,upload_mod,2026-01-01 07:50:00
479,316,25,view_mod,2026-01-01 07:51:00
783,66,18,upload_mod,2026-01-01 07:52:00
636,40,16,upload_mod,2026-01-01 07:53:00
205,381,28,like_mod,2026-01-01 07:54:00
15,358,17,download_mod,2026-01-01 07:55:00
523,412,39,view_mod,2026-01-01 07:56:00
394,237,29,download_mod,2026-01-01 07:57:00
234,379,44,upload_mod,2026-01-01 07:58:00
115,360,45,like_mod,2026-01-01 07:59:00
461,336,33,view_mod,2026-01-01 08:00:00
948,426,25,view_mod,2026-01-01 08:01:00
575,252,33,download_mod,2026-01-01 08:02:00
626,459,11,view_mod,2026-01-01 08:03:00
877,296,40,view_mod,2026-01-01 08:04:00
852,210,10,download_mod,2026-01-01 08:05:00
559,9,38,view_mod,2026-01-01 08:06:00
746,211,35,download_mod,2026-01-01 08:07:00
770,185,31,download_mod,2026-01-01 08:08:00
788,417,4,view_mod,2026-01-01 08:09:00
869,245,5,view_mod,2026-01-01 08:10:00
613,274,18,view_mod,2026-01-01 08:11:00
854,308,42,view_mod,2026-01-01 08:12:00
805,265,36,like_mod,2026-01-01 08:13:00
405,255,15,like_mod,2026-01-01 08:14:00
716,45,30,download_mod,2026-01-01 08:15:00
136,327,15,view_mod,2026-01-01 08:16:00
847,218,44,download_mod,2026-01-01 08:17:00
571,338,46,view_mod,2026-01-01 08:18:00
291,135,25,download_mod,2026-01-01 08:19:00
919,191,33,view_mod,2026-01-01 08:20:00
936,490,18,download_mod,2026-01-01 08:21:00
913,284,45,download_mod,2026-01-01 08:22:00
894,164,18,view_mod,2026-01-01 08:23:00
717,361,38,download_mod,2026-01-01 08:24:00
44,268,44,download_mod,2026-01-01 08:25:00
576,337,8,download_mod,2026-01-01 08:26:00
343,200,37,like_mod,2026-01-01 08:27:00
317,400,42,download_mod,2026-01-01 08:28:00
708,93,40,upload_mod,2026-01-01 08:29:00
233,111,6,download_mod,2026-01-01 08:30:00
519,399,44,download_mod,2026-01-01 08:31:00
377,223,38,view_mod,2026-01-01 08:32:00
545,170,49,view_mod,2026-01-01 08:33:00
585,75,37,download_mod,2026-01-01 08:34:00
104,191,17,view_mod,2026-01-01 08:35:00
243,212,14,view_mod,2026-01-01 08:36:00
381,138,7,view_mod,2026-01-01 08:37:00
52,44,41,download_mod,2026-01-01 08:38:00
429,425,38,download_mod,2026-01-01 08:39:00
153,7,16,view_mod,2026-01-01 08:40:00
430,328,34,view_mod,2026-01-01 08:41:00
681,195,44,view_mod,2026-01-01 08:42:00
242,431,19,upload_mod,2026-01-01 08:43:00
736,309,20,upload_mod,2026-01-01 08:44:00
727,459,7,view_mod,2026-01-01 08:45:00
12,358,38,upload_mod,2026-01-01 08:46:00
284,373,13,download_mod,2026-01-01 08:47:00
572,156,40,download_mod,2026-01-01 08:48:00
402,207,14,download_mod,2026-01-01 08:49:00
213,323,24,download_mod,2026-01-01 08:50:00
154,209,10,view_mod,2026-01-01 08:51:00
44,49,27,download_mod,2026-01-01 08:52:00
300,371,4,upload_mod,2026-01-01 08:53:00
948,88,27,download_mod,2026-01-01 08:54:00
67,167,42,download_mod,2026-01-01 08:55:00
483,382,38,download_mod,2026-01-01 08:56:00
576,203,2,like_mod,2026-01-01 08:57:00
88,490,23,like_mod,2026-01-01 08:58:00
702,155,45,download_mod,2026-01-01 08:59:00
198,229,47,download_mod,2026-01-01 09:00:00
400,71,36,download_mod,2026-01-01 09:01:00
227,34,17,download_mod,2026-01-01 09:02:00
130,246,20,download_mod,2026-01-01 09:03:00
855,292,7,download_mod,2026-01-01 09:04:00
841,353,34,view_mod,2026-01-01 09:05:00
189,146,41,view_mod,2026-01-01 09:06:00
349,262,10,view_mod,2026-01-01 09:07:00
13,441,24,download_mod,2026-01-01 09:08:00
577,104,26,view_mod,2026-01-01 09:09:00
447,445,9,view_mod,2026-01-01 09:10:00
930,395,18,download_mod,2026-01-01 09:11:00
188,278,49,view_mod,2026-01-01 09:12:00
588,209,8,upload_mod,2026-01-01 09:13:00
870,452,10,view_mod,2026-01-01 09:14:00
353,428,34,view_mod,2026-01-01 09:15:00
185,248,9,view_mod,2026-01-01 09:16:00
873,373,48,like_mod,2026-01-01 09:17:00
757,231,16,download_mod,2026-01-01 09:18:00
188,105,1,view_mod,2026-01-01 09:19:00
213,270,26,like_mod,2026-01-01 09:20:00
115,103,47,view_mod,2026-01-01 09:21:00
290,441,5,view_mod,2026-01-01 09:22:00
80,30,1,view_mod,2026-01-01 09:23:00
513,233,23,view_mod,2026-01-01 09:24:00
741,229,11,view_mod,2026-01-01 09:25:00
820,425,34,download_mod,2026-01-01 09:26:00
654,118,10,download_mod,2026-01-01 09:27:00
918,126,2,like_mod,2026-01-01 09:28:00
77,100,9,view_mod,2026-01-01 09:29:00
275,448,37,view_mod,2026-01-01 09:30:00
428,152,11,view_mod,2026-01-01 09:31:00
629,183,9,upload_mod,2026-01-01 09:32:00
848,21,44,upload_mod,2026-01-01 09:33:00
893,482,1,like_mod,2026-01-01 09:34:00
78,172,7,view_mod,2026-01-01 09:35:00
685,469,17,download_mod,2026-01-01 09:36:00
162,180,25,upload_mod,2026-01-01 09:37:00
186,260,15,upload_mod,2026-01-01 09:38:00
260,10,44,view_mod,2026-01-01 09:39:00
528,472,5,view_mod,2026-01-01 09:40:00
762,354,16,view_mod,2026-01-01 09:41:00
60,144,22,upload_mod,2026-01-01 09:42:00
826,142,1,view_mod,2026-01-01 09:43:00
712,278,7,like_mod,2026-01-01 09:44:00
143,205,15,download_mod,2026-01-01 09:45:00
283,181,35,view_mod,2026-01-01 09:46:00
149,418,22,view_mod,2026-01-01 09:47:00
471,204,35,download_mod,2026-01-01 09:48:00
657,85,43,upload_mod,2026-01-01 09:49:00
730,419,26,download_mod,2026-01-01 09:50:00
212,109,36,view_mod,2026-01-01 09:51:00
351,455,25,download_mod,2026-01-01 09:52:00
430,487,23,view_mod,2026-01-01 09:53:00
501,26,5,view_mod,2026-01-01 09:54:00
252,118,34,view_mod,2026-01-01 09:55:00
59,95,47,view_mod,2026-01-01 09:56:00
320,246,28,view_mod,2026-01-01 09:57:00
364,98,34,view_mod,2026-01-01 09:58:00
119,48,24,view_mod,2026-01-01 09:59:00
506,122,34,upload_mod,2026-01-01 10:00:00
502,147,32,like_mod,2026-01-01 10:01:00
826,31,48,view_mod,2026-01-01 10:02:00
303,112,39,view_mod,2026-01-01 10:03:00
611,288,33,view_mod,2026-01-01 10:04:00
659,483,28,view_mod,2026-01-01 10:05:00
354,438,29,view_mod,2026-01-01 10:06:00
886,196,27,view_mod,2026-01-01 10:07:00
547,151,15,download_mod,2026-01-01 10:08:00
534,376,24,download_mod,2026-01-01 10:09:00
171,26,8,download_mod,2026-01-01 10:10:00
838,320,16,view_mod,2026-01-01 10:11:00
686,488,46,upload_mod,2026-01-01 10:12:00
661,348,23,download_mod,2026-01-01 10:13:00
456,143,45,view_mod,2026-01-01 10:14:00
987,241,1,like_mod,2026-01-01 10:15:00
505,153,40,view_mod,2026-01-01 10:16:00
589,68,16,download_mod,2026-01-01 10:17:00
119,59,11,upload_mod,2026-01-01 10:18:00
771,381,12,download_mod,2026-01-01 10:19:00
839,344,38,download_mod,2026-01-01 10:20:00
553,231,46,view_mod,2026-01-01 10:21:00
895,488,45,like_mod,2026-01-01 10:22:00
380,254,34,view_mod,2026-01-01 10:23:00
562,312,22,view_mod,2026-01-01 10:24:00
557,297,4,like_mod,2026-01-01 10:25:00
147,226,20,view_mod,2026-01-01 10:26:00
500,224,37,view_mod,2026-01-01 10:27:00
850,127,37,view_mod,2026-01-01 10:28:00
824,453,21,view_mod,2026-01-01 10:29:00
358,387,18,like_mod,2026-01-01 10:30:00
326,453,8,view_mod,2026-01-01 10:31:00
960,367,35,view_mod,2026-01-01 10:32:00
201,329,42,like_mod,2026-01-01 10:33:00
878,232,46,download_mod,2026-01-01 10:34:00
249,202,46,view_mod,2026-01-01 10:35:00
367,202,34,upload_mod,2026-01-01 10:36:00
307,316,26,view_mod,2026-01-01 10:37:00
84,160,44,view_mod,2026-01-01 10:38:00
746,6,6,download_mod,2026-01-01 10:39:00
732,387,31,view_mod,2026-01-01 10:40:00
561,352,30,view_mod,2026-01-01 10:41:00
186,475,45,download_mod,2026-01-01 10:42:00
903,189,37,download_mod,2026-01-01 10:43:00
20,11,27,download_mod,2026-01-01 10:44:00
835,174,46,like_mod,2026-01-01 10:45:00
788,162,39,upload_mod,2026-01-01 10:46:00
815,208,15,view_mod,2026-01-01 10:47:00
693,10,7,view_mod,2026-01-01 10:48:00
47,492,13,download_mod,2026-01-01 10:49:00
524,114,7,view_mod,2026-01-01 10:50:00
671,163,15,download_mod,2026-01-01 10:51:00
9,45,8,download_mod,2026-01-01 10:52:00
496,495,28,like_mod,2026-01-01 10:53:00
664,335,42,view_mod,2026-01-01 10:54:00
545,248,49,view_mod,2026-01-01 10:55:00
171,475,26,view_mod,2026-01-01 10:56:00
682,298,1,view_mod,2026-01-01 10:57:00
354,272,6,view_mod,2026-01-01 10:58:00
779,79,21,upload_mod,2026-01-01 10:59:00
401,278,48,download_mod,2026-01-01 11:00:00
362,378,7,view_mod,2026-01-01 11:01:00
181,90,16,download_mod,2026-01-01 11:02:00
674,218,13,upload_mod,2026-01-01 11:03:00
915,113,43,view_mod,2026-01-01 11:04:00
484,292,29,download_mod,2026-01-01 11:05:00
360,300,15,download_mod,2026-01-01 11:06:00
223,356,32,view_mod,2026-01-01 11:07:00
737,19,20,download_mod,2026-01-01 11:08:00
178,211,43,download_mod,2026-01-01 11:09:00
316,28,12,download_mod,2026-01-01 11:10:00
783,130,30,view_mod,2026-01-01 11:11:00
794,376,38,view_mod,2026-01-01 11:12:00
389,145,8,view_mod,2026-01-01 11:13:00
166,406,5,download_mod,2026-01-01 11:14:00
184,329,4,view_mod,2026-01-01 11:15:00
135,258,16,view_mod,2026-01-01 11:16:00
690,136,28,download_mod,2026-01-01 11:17:00
493,361,42,view_mod,2026-01-01 11:18:00
72,30,15,upload_mod,2026-01-01 11:19:00
736,382,34,download_mod,2026-01-01 11:20:00
605,128,20,upload_mod,2026-01-01 11:21:00
144,43,32,view_mod,2026-01-01 11:22:00
809,46,11,view_mod,2026-01-01 11:23:00
759,7,32,download_mod,2026-01-01 11:24:00
43,245,24,view_mod,2026-01-01 11:25:00
56,222,11,view_mod,2026-01-01 11:26:00
685,262,45,download_mod,2026-01-01 11:27:00
827,244,30,download_mod,2026-01-01 11:28:00
22,264,9,view_mod,2026-01-01 11:29:00
179,450,24,view_mod,2026-01-01 11:30:00
442,446,19,view_mod,2026-01-01 11:31:00
486,254,39,view_mod,2026-01-01 11:32:00
641,96,5,view_mod,2026-01-01 11:33:00
172,454,8,view_mod,2026-01-01 11:34:00
293,478,17,view_mod,2026-01-01 11:35:00
479,351,10,like_mod,2026-01-01 11:36:00
475,493,22,download_mod,2026-01-01 11:37:00
664,27,48,view_mod,2026-01-01 11:38:00
160,280,7,download_mod,2026-01-01 11:39:00
924,397,6,view_mod,2026-01-01 11:40:00
83,372,37,like_mod,2026-01-01 11:41:00
185,495,37,view_mod,2026-01-01 11:42:00
555,438,27,like_mod,2026-01-01 11:43:00
742,20,16,upload_mod,2026-01-01 11:44:00
916,93,9,view_mod,2026-01-01 11:45:00
750,108,8,view_mod,2026-01-01 11:46:00
696,175,16,upload_mod,2026-01-01 11:47:00
837,32,44,download_mod,2026-01-01 11:48:00
688,25,28,view_mod,2026-01-01 11:49:00
201,350,12,download_mod,2026-01-01 11:50:00
769,190,25,download_mod,2026-01-01 11:51:00
968,189,43,like_mod,2026-01-01 11:52:00
269,34,38,view_mod,2026-01-01 11:53:00
204,386,31,download_mod,2026-01-01 11:54:00
705,268,4,like_mod,2026-01-01 11:55:00
758,60,25,view_mod,2026-01-01 11:56:00
585,401,39,view_mod,2026-01-01 11:57:00
438,458,23,view_mod,2026-01-01 11:58:00
647,6,36,view_mod,2026-01-01 11:59:00
75,399,23,view_mod,2026-01-01 12:00:00
415,26,20,download_mod,2026-01-01 12:01:00
460,121,18,view_mod,2026-01-01 12:02:00
634,419,46,view_mod,2026-01-01 12:03:00
588,214,32,download_mod,2026-01-01 12:04:00
769,227,4,download_mod,2026-01-01 12:05:00
933,419,1,view_mod,2026-01-01 12:06:00
762,250,48,download_mod,2026-01-01 12:07:00
143,432,7,view_mod,2026-01-01 12:08:00
94,220,7,view_mod,2026-01-01 12:09:00
730,60,32,view_mod,2026-01-01 12:10:00
328,351,21,view_mod,2026-01-01 12:11:00
555,405,46,view_mod,2026-01-01 12:12:00
277,240,33,download_mod,2026-01-01 12:13:00
109,251,14,view_mod,2026-01-01 12:14:00
743,122,24,view_mod,2026-01-01 12:15:00
684,475,49,view_mod,2026-01-01 12:16:00
187,89,39,upload_mod,2026-01-01 12:17:00
540,265,26,like_mod,2026-01-01 12:18:00
490,367,25,view_mod,2026-01-01 12:19:00
275,82,27,download_mod,2026-01-01 12:20:00
710,89,6,view_mod,2026-01-01 12:21:00
5,354,39,view_mod,2026-01-01 12:22:00
290,425,9,view_mod,2026-01-01 12:23:00
496,239,19,view_mod,2026-01-01 12:24:00
27,459,24,view_mod,2026-01-01 12:25:00
78,404,26,download_mod,2026-01-01 12:26:00
650,205,47,view_mod,2026-01-01 12:27:00
835,385,26,download_mod,2026-01-01 12:28:00
125,475,32,view_mod,2026-01-01 12:29:00
140,107,49,view_mod,2026-01-01 12:30:00
519,446,40,view_mod,2026-01-01 12:31:00
709,457,46,like_mod,2026-01-01 12:32:00
536,416,2,view_mod,2026-01-01 12:33:00
814,377,4,view_mod,2026-01-01 12:34:00
27,220,33,view_mod,2026-01-01 12:35:00
419,82,36,view_mod,2026-01-01 12:36:00
482,242,33,view_mod,2026-01-01 12:37:00
759,205,12,view_mod,2026-01-01 12:38:00
910,74,15,upload_mod,2026-01-01 12:39:00
659,460,43,view_mod,2026-01-01 12:40:00
799,428,18,view_mod,2026-01-01 12:41:00
323,340,39,like_mod,2026-01-01 12:42:00
612,206,2,upload_mod,2026-01-01 12:43:00
155,498,44,download_mod,2026-01-01 12:44:00
250,297,48,like_mod,2026-01-01 12:45:00
803,201,48,download_mod,2026-01-01 12:46:00
776,494,24,upload_mod,2026-01-01 12:47:00
461,117,8,download_mod,2026-01-01 12:48:00
257,465,22,view_mod,2026-01-01 12:49:00
121,443,26,view_mod,2026-01-01 12:50:00
98,89,12,download_mod,2026-01-01 12:51:00
587,110,29,view_mod,2026-01-01 12:52:00
506,35,25,download_mod,2026-01-01 12:53:00
888,496,11,view_mod,2026-01-01 12:54:00
912,458,34,view_mod,2026-01-01 12:55:00
357,496,22,download_mod,2026-01-01 12:56:00
836,145,38,view_mod,2026-01-01 12:57:00
555,369,7,like_mod,2026-01-01 12:58:00
406,480,48,like_mod,2026-01-01 12:59:00
841,144,25,download_mod,2026-01-01 13:00:00
504,174,11,view_mod,2026-01-01 13:01:00
89,285,36,view_mod,2026-01-01 13:02:00
231,192,4,view_mod,2026-01-01 13:03:00
901,326,43,view_mod,2026-01-01 13:04:00
834,364,47,download_mod,2026-01-01 13:05:00
142,260,19,view_mod,2026-01-01 13:06:00
746,244,41,view_mod,2026-01-01 13:07:00
74,497,25,view_mod,2026-01-01 13:08:00
162,386,48,download_mod,2026-01-01 13:09:00
748,271,42,view_mod,2026-01-01 13:10:00
439,234,39,view_mod,2026-01-01 13:11:00
345,158,30,view_mod,2026-01-01 13:12:00
320,290,38,view_mod,2026-01-01 13:13:00
170,49,18,view_mod,2026-01-01 13:14:00
632,357,5,upload_mod,2026-01-01 13:15:00
869,252,14,download_mod,2026-01-01 13:16:00
667,114,5,view_mod,2026-01-01 13:17:00
680,177,12,like_mod,2026-01-01 13:18:00
3,45,34,view_mod,2026-01-01 13:19:00
740,220,19,view_mod,2026-01-01 13:20:00
133,44,40,view_mod,2026-01-01 13:21:00
170,460,19,like_mod,2026-01-01 13:22:00
836,494,8,download_mod,2026-01-01 13:23:00
602,129,34,view_mod,2026-01-01 13:24:00
413,370,11,view_mod,2026-01-01 13:25:00
501,100,28,view_mod,2026-01-01 13:26:00
584,396,45,view_mod,2026-01-01 13:27:00
313,194,2,view_mod,2026-01-01 13:28:00
428,79,6,view_mod,2026-01-01 13:29:00
81,408,20,download_mod,2026-01-01 13:30:00
462,270,1,download_mod,2026-01-01 13:31:00
292,326,2,view_mod,2026-01-01 13:32:00
931,411,40,download_mod,2026-01-01 13:33:00
289,386,44,upload_mod,2026-01-01 13:34:00
666,478,1,view_mod,2026-01-01 13:35:00
283,411,30,like_mod,2026-01-01 13:36:00
450,173,46,download_mod,2026-01-01 13:37:00
67,325,34,download_mod,2026-01-01 13:38:00
439,375,1,download_mod,2026-01-01 13:39:00
240,254,39,view_mod,2026-01-01 13:40:00
895,12,16,download_mod,2026-01-01 13:41:00
13,434,46,view_mod,2026-01-01 13:42:00
522,460,41,download_mod,2026-01-01 13:43:00
228,218,48,download_mod,2026-01-01 13:44:00
443,162,21,download_mod,2026-01-01 13:45:00
931,69,17,upload_mod,2026-01-01 13:46:00
880,388,38,download_mod,2026-01-01 13:47:00
211,237,45,view_mod,2026-01-01 13:48:00
588,91,47,view_mod,2026-01-01 13:49:00
127,169,26,upload_mod,2026-01-01 13:50:00
557,479,30,view_mod,2026-01-01 13:51:00
475,468,1,view_mod,2026-01-01 13:52:00
546,354,47,download_mod,2026-01-01 13:53:00
995,472,1,view_mod,2026-01-01 13:54:00
177,30,37,download_mod,2026-01-01 13:55:00
465,110,1,view_mod,2026-01-01 13:56:00
275,16,12,view_mod,2026-01-01 13:57:00
397,416,38,view_mod,2026-01-01 13:58:00
134,163,39,download_mod,2026-01-01 13:59:00
308,74,32,upload_mod,2026-01-01 14:00:00
220,269,6,upload_mod,2026-01-01 14:01:00
467,473,7,like_mod,2026-01-01 14:02:00
583,235,19,download_mod,2026-01-01 14:03:00
963,426,27,view_mod,2026-01-01 14:04:00
348,60,47,download_mod,2026-01-01 14:05:00
35,383,47,view_mod,2026-01-01 14:06:00
280,472,1,download_mod,2026-01-01 14:07:00
606,94,2,view_mod,2026-01-01 14:08:00
62,288,13,view_mod,2026-01-01 14:09:00
495,194,45,view_mod,2026-01-01 14:10:00
47,473,1,view_mod,2026-01-01 14:11:00
951,300,48,view_mod,2026-01-01 14:12:00
305,63,10,view_mod,2026-01-01 14:13:00
697,83,11,view_mod,2026-01-01 14:14:00
338,404,22,view_mod,2026-01-01 14:15:00
531,162,32,upload_mod,2026-01-01 14:16:00
69,9,27,view_mod,2026-01-01 14:17:00
785,372,12,view_mod,2026-01-01 14:18:00
300,335,39,upload_mod,2026-01-01 14:19:00
659,365,5,view_mod,2026-01-01 14:20:00
645,183,31,download_mod,2026-01-01 14:21:00
296,12,2,like_mod,2026-01-01 14:22:00
802,212,31,view_mod,2026-01-01 14:23:00
909,326,32,like_mod,2026-01-01 14:24:00
658,360,42,view_mod,2026-01-01 14:25:00
265,384,10,view_mod,2026-01-01 14:26:00
876,265,39,download_mod,2026-01-01 14:27:00
504,368,45,like_mod,2026-01-01 14:28:00
585,181,28,view_mod,2026-01-01 14:29:00
610,442,5,view_mod,2026-01-01 14:30:00
512,466,46,download_mod,2026-01-01 14:31:00
571,252,36,view_mod,2026-01-01 14:32:00
512,59,3,download_mod,2026-01-01 14:33:00
107,113,13,view_mod,2026-01-01 14:34:00
283,118,17,view_mod,2026-01-01 14:35:00
107,99,11,view_mod,2026-01-01 14:36:00
362,188,7,view_mod,2026-01-01 14:37:00
997,22,28,upload_mod,2026-01-01 14:38:00
780,405,23,view_mod,2026-01-01 14:39:00
940,113,17,view_mod,2026-01-01 14:40:00
839,307,4,download_mod,2026-01-01 14:41:00
483,479,25,view_mod,2026-01-01 14:42:00
373,377,20,download_mod,2026-01-01 14:43:00
676,466,14,view_mod,2026-01-01 14:44:00
452,337,14,download_mod,2026-01-01 14:45:00
251,23,17,view_mod,2026-01-01 14:46:00
569,420,12,view_mod,2026-01-01 14:47:00
386,420,39,view_mod,2026-01-01 14:48:00
741,484,43,view_mod,2026-01-01 14:49:00
878,275,11,view_mod,2026-01-01 14:50:00
348,149,46,upload_mod,2026-01-01 14:51:00
672,43,28,like_mod,2026-01-01 14:52:00
292,451,27,upload_mod,2026-01-01 14:53:00
173,222,29,like_mod,2026-01-01 14:54:00
984,407,39,view_mod,2026-01-01 14:55:00
619,56,8,view_mod,2026-01-01 14:56:00
651,102,1,download_mod,2026-01-01 14:57:00
103,273,46,download_mod,2026-01-01 14:58:00
791,265,28,download_mod,2026-01-01 14:59:00
696,456,3,download_mod,2026-01-01 15:00:00
242,200,26,view_mod,2026-01-01 15:01:00
384,221,35,view_mod,2026-01-01 15:02:00
170,162,40,like_mod,2026-01-01 15:03:00
984,456,49,like_mod,2026-01-01 15:04:00
277,287,8,view_mod,2026-01-01 15:05:00
129,57,37,view_mod,2026-01-01 15:06:00
161,85,13,view_mod,2026-01-01 15:07:00
285,276,28,download_mod,2026-01-01 15:08:00
594,485,25,view_mod,2026-01-01 15:09:00
292,9,17,view_mod,2026-01-01 15:10:00
225,117,26,view_mod,2026-01-01 15:11:00
348,248,45,view_mod,2026-01-01 15:12:00
437,377,37,view_mod,2026-01-01 15:13:00
50,383,38,like_mod,2026-01-01 15:14:00
546,317,27,download_mod,2026-01-01 15:15:00
492,475,6,upload_mod,2026-01-01 15:16:00
976,23,4,view_mod,2026-01-01 15:17:00
585,406,23,view_mod,2026-01-01 15:18:00
630,251,48,download_mod,2026-01-01 15:19:00
652,418,49,like_mod,2026-01-01 15:20:00
501,84,18,download_mod,2026-01-01 15:21:00
983,166,3,view_mod,2026-01-01 15:22:00
872,135,46,like_mod,2026-01-01 15:23:00
624,341,33,view_mod,2026-01-01 15:24:00
186,135,28,like_mod,2026-01-01 15:25:00
199,156,45,download_mod,2026-01-01 15:26:00
866,132,15,view_mod,2026-01-01 15:27:00
318,32,28,view_mod,2026-01-01 15:28:00
122,310,39,view_mod,2026-01-01 15:29:00
221,228,11,download_mod,2026-01-01 15:30:00
349,441,27,view_mod,2026-01-01 15:31:00
620,321,43,download_mod,2026-01-01 15:32:00
711,339,1,view_mod,2026-01-01 15:33:00
761,472,39,view_mod,2026-01-01 15:34:00
506,233,35,download_mod,2026-01-01 15:35:00
22,89,14,view_mod,2026-01-01 15:36:00
401,43,38,download_mod,2026-01-01 15:37:00
299,466,12,view_mod,2026-01-01 15:38:00
413,335,27,download_mod,2026-01-01 15:39:00
587,255,49,view_mod,2026-01-01 15:40:00
992,156,1,upload_mod,2026-01-01 15:41:00
381,43,25,view_mod,2026-01-01 15:42:00
204,261,6,view_mod,2026-01-01 15:43:00
963,479,14,upload_mod,2026-01-01 15:44:00
874,450,47,download_mod,2026-01-01 15:45:00
70,161,6,download_mod,2026-01-01 15:46:00
925,497,20,view_mod,2026-01-01 15:47:00
37,307,8,download_mod,2026-01-01 15:48:00
91,143,36,download_mod,2026-01-01 15:49:00
188,454,15,view_mod,2026-01-01 15:50:00
15,331,4,download_mod,2026-01-01 15:51:00
207,36,30,like_mod,2026-01-01 15:52:00
538,202,40,like_mod,2026-01-01 15:53:00
215,397,38,like_mod,2026-01-01 15:54:00
901,460,21,view_mod,2026-01-01 15:55:00
314,356,6,view_mod,2026-01-01 15:56:00
891,237,49,download_mod,2026-01-01 15:57:00
897,207,13,view_mod,2026-01-01 15:58:00
625,252,2,download_mod,2026-01-01 15:59:00
552,109,42,download_mod,2026-01-01 16:00:00
508,25,7,view_mod,2026-01-01 16:01:00
958,317,21,like_mod,2026-01-01 16:02:00
876,80,25,view_mod,2026-01-01 16:03:00
753,456,9,upload_mod,2026-01-01 16:04:00
505,1,46,view_mod,2026-01-01 16:05:00
711,132,41,view_mod,2026-01-01 16:06:00
198,495,23,like_mod,2026-01-01 16:07:00
641,385,5,like_mod,2026-01-01 16:08:00
3,253,4,download_mod,2026-01-01 16:09:00
533,366,48,view_mod,2026-01-01 16:10:00
856,498,24,view_mod,2026-01-01 16:11:00
780,395,19,view_mod,2026-01-01 16:12:00
541,91,44,view_mod,2026-01-01 16:13:00
665,112,27,download_mod,2026-01-01 16:14:00
825,78,47,view_mod,2026-01-01 16:15:00
247,396,3,like_mod,2026-01-01 16:16:00
565,54,47,download_mod,2026-01-01 16:17:00
32,266,1,view_mod,2026-01-01 16:18:00
431,210,6,view_mod,2026-01-01 16:19:00
507,169,36,view_mod,2026-01-01 16:20:00
734,253,18,view_mod,2026-01-01 16:21:00
584,289,20,download_mod,2026-01-01 16:22:00
35,383,37,like_mod,2026-01-01 16:23:00
943,246,1,view_mod,2026-01-01 16:24:00
417,328,23,view_mod,2026-01-01 16:25:00
497,412,22,download_mod,2026-01-01 16:26:00
478,96,5,view_mod,2026-01-01 16:27:00
815,423,33,download_mod,2026-01-01 16:28:00
408,20,31,upload_mod,2026-01-01 16:29:00
220,464,38,view_mod,2026-01-01 16:30:00
155,397,22,view_mod,2026-01-01 16:31:00
353,480,7,view_mod,2026-01-01 16:32:00
979,447,10,download_mod,2026-01-01 16:33:00
383,47,41,view_mod,2026-01-01 16:34:00
821,7,7,view_mod,2026-01-01 16:35:00
286,198,36,view_mod,2026-01-01 16:36:00
186,462,22,view_mod,2026-01-01 16:37:00
661,3,4,view_mod,2026-01-01 16:38:00
640,359,16,download_mod,2026-01-01 16:39:00
123,332,2,view_mod,2026-01-01 16:40:00
646,224,46,like_mod,2026-01-01 16:41:00
924,323,10,view_mod,2026-01-01 16:42:00
46,2,23,like_mod,2026-01-01 16:43:00
35,102,26,view_mod,2026-01-01 16:44:00
766,431,37,upload_mod,2026-01-01 16:45:00
474,223,4,view_mod,2026-01-01 16:46:00
273,28,35,like_mod,2026-01-01 16:47:00
338,351,1,view_mod,2026-01-01 16:48:00
842,377,35,download_mod,2026-01-01 16:49:00
254,131,44,download_mod,2026-01-01 16:50:00
489,405,45,download_mod,2026-01-01 16:51:00
788,237,25,view_mod,2026-01-01 16:52:00
10,332,33,upload_mod,2026-01-01 16:53:00
389,115,18,like_mod,2026-01-01 16:54:00
444,36,12,view_mod,2026-01-01 16:55:00
388,443,13,download_mod,2026-01-01 16:56:00
3,224,18,view_mod,2026-01-01 16:57:00
777,272,5,like_mod,2026-01-01 16:58:00
121,163,4,download_mod,2026-01-01 16:59:00
219,21,29,download_mod,2026-01-01 17:00:00
329,444,32,view_mod,2026-01-01 17:01:00
447,248,13,view_mod,2026-01-01 17:02:00
443,165,9,download_mod,2026-01-01 17:03:00
664,493,39,download_mod,2026-01-01 17:04:00
714,194,23,download_mod,2026-01-01 17:05:00
489,399,9,view_mod,2026-01-01 17:06:00
939,109,46,view_mod,2026-01-01 17:07:00
485,207,30,view_mod,2026-01-01 17:08:00
121,355,35,download_mod,2026-01-01 17:09:00
777,130,30,view_mod,2026-01-01 17:10:00
302,298,29,view_mod,2026-01-01 17:11:00
358,61,3,view_mod,2026-01-01 17:12:00
568,303,7,download_mod,2026-01-01 17:13:00
589,318,24,view_mod,2026-01-01 17:14:00
754,431,23,like_mod,2026-01-01 17:15:00
588,254,6,download_mod,2026-01-01 17:16:00
876,428,8,like_mod,2026-01-01 17:17:00
949,493,30,like_mod,2026-01-01 17:18:00
965,417,28,view_mod,2026-01-01 17:19:00
144,362,23,view_mod,2026-01-01 17:20:00
538,39,14,upload_mod,2026-01-01 17:21:00
394,296,48,like_mod,2026-01-01 17:22:00
218,305,10,download_mod,2026-01-01 17:23:00
698,162,25,download_mod,2026-01-01 17:24:00
887,488,16,view_mod,2026-01-01 17:25:00
509,354,21,like_mod,2026-01-01 17:26:00
976,220,15,download_mod,2026-01-01 17:27:00
652,312,29,download_mod,2026-01-01 17:28:00
441,419,44,view_mod,2026-01-01 17:29:00
873,231,44,like_mod,2026-01-01 17:30:00
408,468,48,download_mod,2026-01-01 17:31:00
795,169,46,like_mod,2026-01-01 17:32:00
663,393,35,view_mod,2026-01-01 17:33:00
43,298,38,download_mod,2026-01-01 17:34:00
577,209,38,view_mod,2026-01-01 17:35:00
904,324,42,view_mod,2026-01-01 17:36:00
859,302,49,view_mod,2026-01-01 17:37:00
236,479,13,download_mod,2026-01-01 17:38:00
380,179,11,upload_mod,2026-01-01 17:39:00
526,446,43,upload_mod,2026-01-01 17:40:00
796,330,14,view_mod,2026-01-01 17:41:00
210,145,47,view_mod,2026-01-01 17:42:00
169,277,25,download_mod,2026-01-01 17:43:00
684,401,17,view_mod,2026-01-01 17:44:00
610,449,18,view_mod,2026-01-01 17:45:00
319,134,25,download_mod,2026-01-01 17:46:00
845,107,43,view_mod,2026-01-01 17:47:00
76,60,14,like_mod,2026-01-01 17:48:00
751,454,8,view_mod,2026-01-01 17:49:00
911,348,45,like_mod,2026-01-01 17:50:00
790,493,29,download_mod,2026-01-01 17:51:00
32,337,36,download_mod,2026-01-01 17:52:00
899,450,21,view_mod,2026-01-01 17:53:00
67,127,2,download_mod,2026-01-01 17:54:00
64,422,35,download_mod,2026-01-01 17:55:00
353,143,12,download_mod,2026-01-01 17:56:00
282,109,25,download_mod,2026-01-01 17:57:00
537,277,37,view_mod,2026-01-01 17:58:00
232,392,8,download_mod,2026-01-01 17:59:00
929,374,42,like_mod,2026-01-01 18:00:00
299,13,40,like_mod,2026-01-01 18:01:00
362,245,8,download_mod,2026-01-01 18:02:00
778,281,41,view_mod,2026-01-01 18:03:00
693,245,32,view_mod,2026-01-01 18:04:00
692,191,44,like_mod,2026-01-01 18:05:00
606,378,2,like_mod,2026-01-01 18:06:00
926,418,20,download_mod,2026-01-01 18:07:00
615,105,19,like_mod,2026-01-01 18:08:00
255,433,5,view_mod,2026-01-01 18:09:00
321,453,19,download_mod,2026-01-01 18:10:00
232,307,24,view_mod,2026-01-01 18:11:00
661,418,33,view_mod,2026-01-01 18:12:00
775,484,35,view_mod,2026-01-01 18:13:00
789,413,40,view_mod,2026-01-01 18:14:00
84,55,26,view_mod,2026-01-01 18:15:00
697,363,49,view_mod,2026-01-01 18:16:00
436,235,40,view_mod,2026-01-01 18:17:00
98,410,14,upload_mod,2026-01-01 18:18:00
419,174,32,view_mod,2026-01-01 18:19:00
7,220,32,view_mod,2026-01-01 18:20:00
72,221,30,download_mod,2026-01-01 18:21:00
18,38,43,view_mod,2026-01-01 18:22:00
627,182,28,download_mod,2026-01-01 18:23:00
201,101,34,download_mod,2026-01-01 18:24:00
389,377,27,view_mod,2026-01-01 18:25:00
348,173,45,view_mod,2026-01-01 18:26:00
568,11,43,download_mod,2026-01-01 18:27:00
284,466,22,view_mod,2026-01-01 18:28:00
676,96,5,like_mod,2026-01-01 18:29:00
237,259,25,download_mod,2026-01-01 18:30:00
886,208,4,download_mod,2026-01-01 18:31:00
580,299,24,download_mod,2026-01-01 18:32:00
556,200,29,view_mod,2026-01-01 18:33:00
151,470,30,like_mod,2026-01-01 18:34:00
603,37,35,view_mod,2026-01-01 18:35:00
990,388,2,upload_mod,2026-01-01 18:36:00
523,396,22,upload_mod,2026-01-01 18:37:00
343,253,40,download_mod,2026-01-01 18:38:00
2,450,18,download_mod,2026-01-01 18:39:00
783,448,14,view_mod,2026-01-01 18:40:00
912,175,11,download_mod,2026-01-01 18:41:00
29,452,28,download_mod,2026-01-01 18:42:00
432,409,9,like_mod,2026-01-01 18:43:00
691,299,25,view_mod,2026-01-01 18:44:00
540,83,45,view_mod,2026-01-01 18:45:00
633,110,42,view_mod,2026-01-01 18:46:00
225,72,22,view_mod,2026-01-01 18:47:00
895,70,3,view_mod,2026-01-01 18:48:00
240,249,14,like_mod,2026-01-01 18:49:00
336,116,17,view_mod,2026-01-01 18:50:00
42,391,26,download_mod,2026-01-01 18:51:00
663,36,21,download_mod,2026-01-01 18:52:00
586,486,38,upload_mod,2026-01-01 18:53:00
655,229,37,upload_mod,2026-01-01 18:54:00
993,222,38,view_mod,2026-01-01 18:55:00
216,212,18,view_mod,2026-01-01 18:56:00
921,390,28,upload_mod,2026-01-01 18:57:00
870,418,7,view_mod,2026-01-01 18:58:00
139,46,10,download_mod,2026-01-01 18:59:00
394,216,46,download_mod,2026-01-01 19:00:00
986,287,17,view_mod,2026-01-01 19:01:00
611,155,39,view_mod,2026-01-01 19:02:00
553,65,30,like_mod,2026-01-01 19:03:00
517,75,1,download_mod,2026-01-01 19:04:00
477,406,3,view_mod,2026-01-01 19:05:00
184,462,11,download_mod,2026-01-01 19:06:00
188,267,43,upload_mod,2026-01-01 19:07:00
652,232,36,download_mod,2026-01-01 19:08:00
801,486,5,download_mod,2026-01-01 19:09:00
697,184,35,download_mod,2026-01-01 19:10:00
5,151,6,view_mod,2026-01-01 19:11:00
529,358,30,download_mod,2026-01-01 19:12:00
995,246,29,view_mod,2026-01-01 19:13:00
257,483,8,download_mod,2026-01-01 19:14:00
360,179,12,download_mod,2026-01-01 19:15:00
631,1,48,upload_mod,2026-01-01 19:16:00
892,394,31,view_mod,2026-01-01 19:17:00
732,170,3,upload_mod,2026-01-01 19:18:00
255,17,42,view_mod,2026-01-01 19:19:00
49,264,22,view_mod,2026-01-01 19:20:00
808,2,31,download_mod,2026-01-01 19:21:00
227,417,28,download_mod,2026-01-01 19:22:00
747,254,14,view_mod,2026-01-01 19:23:00
29,250,35,like_mod,2026-01-01 19:24:00
233,474,39,download_mod,2026-01-01 19:25:00
315,72,30,download_mod,2026-01-01 19:26:00
833,286,48,view_mod,2026-01-01 19:27:00
920,369,42,view_mod,2026-01-01 19:28:00
168,325,45,view_mod,2026-01-01 19:29:00
508,256,18,download_mod,2026-01-01 19:30:00
273,267,28,view_mod,2026-01-01 19:31:00
801,419,48,view_mod,2026-01-01 19:32:00
790,169,30,view_mod,2026-01-01 19:33:00
344,400,38,view_mod,2026-01-01 19:34:00
899,320,47,download_mod,2026-01-01 19:35:00
798,56,9,upload_mod,2026-01-01 19:36:00
867,116,35,download_mod,2026-01-01 19:37:00
851,172,27,view_mod,2026-01-01 19:38:00
502,218,26,view_mod,2026-01-01 19:39:00
645,121,32,view_mod,2026-01-01 19:40:00
381,322,39,upload_mod,2026-01-01 19:41:00
185,339,21,upload_mod,2026-01-01 19:42:00
26,164,16,download_mod,2026-01-01 19:43:00
769,22,32,download_mod,2026-01-01 19:44:00
557,339,25,like_mod,2026-01-01 19:45:00
908,166,11,download_mod,2026-01-01 19:46:00
137,375,40,download_mod,2026-01-01 19:47:00
922,164,12,download_mod,2026-01-01 19:48:00
385,346,10,view_mod,2026-01-01 19:49:00
36,259,40,view_mod,2026-01-01 19:50:00
12,80,5,view_mod,2026-01-01 19:51:00
5,153,9,upload_mod,2026-01-01 19:52:00
894,134,10,view_mod,2026-01-01 19:53:00
646,217,12,like_mod,2026-01-01 19:54:00
16,272,40,view_mod,2026-01-01 19:55:00
915,176,16,view_mod,2026-01-01 19:56:00
945,145,13,like_mod,2026-01-01 19:57:00
796,279,5,upload_mod,2026-01-01 19:58:00
679,113,3,download_mod,2026-01-01 19:59:00
730,294,2,download_mod,2026-01-01 20:00:00
585,256,14,view_mod,2026-01-01 20:01:00
233,202,12,view_mod,2026-01-01 20:02:00
805,423,9,like_mod,2026-01-01 20:03:00
572,42,4,download_mod,2026-01-01 20:04:00
323,428,5,download_mod,2026-01-01 20:05:00
989,234,30,view_mod,2026-01-01 20:06:00
997,390,41,view_mod,2026-01-01 20:07:00
355,210,28,like_mod,2026-01-01 20:08:00
614,123,3,download_mod,2026-01-01 20:09:00
405,414,26,view_mod,2026-01-01 20:10:00
386,417,27,view_mod,2026-01-01 20:11:00
278,152,40,view_mod,2026-01-01 20:12:00
75,129,31,download_mod,2026-01-01 20:13:00
174,304,25,view_mod,2026-01-01 20:14:00
469,463,1,download_mod,2026-01-01 20:15:00
883,140,7,download_mod,2026-01-01 20:16:00
208,341,31,view_mod,2026-01-01 20:17:00
858,109,34,view_mod,2026-01-01 20:18:00
907,366,5,upload_mod,2026-01-01 20:19:00
64,345,35,download_mod,2026-01-01 20:20:00
572,89,4,view_mod,2026-01-01 20:21:00
730,50,4,view_mod,2026-01-01 20:22:00
104,141,27,view_mod,2026-01-01 20:23:00
238,351,7,view_mod,2026-01-01 20:24:00
286,13,31,view_mod,2026-01-01 20:25:00
534,105,8,view_mod,2026-01-01 20:26:00
653,184,39,view_mod,2026-01-01 20:27:00
699,245,7,download_mod,2026-01-01 20:28:00
476,168,3,view_mod,2026-01-01 20:29:00
495,196,35,view_mod,2026-01-01 20:30:00
459,356,13,view_mod,2026-01-01 20:31:00
146,159,45,download_mod,2026-01-01 20:32:00
212,60,8,view_mod,2026-01-01 20:33:00
559,349,37,view_mod,2026-01-01 20:34:00
167,127,11,download_mod,2026-01-01 20:35:00
797,136,40,download_mod,2026-01-01 20:36:00
461,203,30,view_mod,2026-01-01 20:37:00
327,407,9,download_mod,2026-01-01 20:38:00
26,472,34,download_mod,2026-01-01 20:39:00
565,357,1,download_mod,2026-01-01 20:40:00
233,60,12,view_mod,2026-01-01 20:41:00
294,98,2,download_mod,2026-01-01 20:42:00
184,353,8,download_mod,2026-01-01 20:43:00
407,497,36,view_mod,2026-01-01 20:44:00
224,168,15,view_mod,2026-01-01 20:45:00
114,366,33,download_mod,2026-01-01 20:46:00
261,76,35,view_mod,2026-01-01 20:47:00
61,153,32,view_mod,2026-01-01 20:48:00
620,379,20,upload_mod,2026-01-01 20:49:00
164,60,22,download_mod,2026-01-01 20:50:00
16,283,21,upload_mod,2026-01-01 20:51:00
180,150,44,upload_mod,2026-01-01 20:52:00
274,190,10,view_mod,2026-01-01 20:53:00
457,394,4,upload_mod,2026-01-01 20:54:00
975,446,46,view_mod,2026-01-01 20:55:00
502,75,11,view_mod,2026-01-01 20:56:00
520,123,48,like_mod,2026-01-01 20:57:00
136,74,10,view_mod,2026-01-01 20:58:00
963,413,7,view_mod,2026-01-01 20:59:00
461,185,12,view_mod,2026-01-01 21:00:00
241,356,9,view_mod,2026-01-01 21:01:00
718,330,8,like_mod,2026-01-01 21:02:00
958,86,8,upload_mod,2026-01-01 21:03:00
20,176,45,download_mod,2026-01-01 21:04:00
116,126,37,view_mod,2026-01-01 21:05:00
782,104,18,download_mod,2026-01-01 21:06:00
519,119,19,like_mod,2026-01-01 21:07:00
93,125,39,upload_mod,2026-01-01 21:08:00
107,276,43,download_mod,2026-01-01 21:09:00
35,349,32,view_mod,2026-01-01 21:10:00
24,387,9,upload_mod,2026-01-01 21:11:00
488,399,1,like_mod,2026-01-01 21:12:00
675,281,7,download_mod,2026-01-01 21:13:00
823,350,33,like_mod,2026-01-01 21:14:00
241,404,22,like_mod,2026-01-01 21:15:00
241,270,45,view_mod,2026-01-01 21:16:00
996,63,33,view_mod,2026-01-01 21:17:00
217,344,44,like_mod,2026-01-01 21:18:00
634,399,46,download_mod,2026-01-01 21:19:00
317,246,46,view_mod,2026-01-01 21:20:00
393,300,1,view_mod,2026-01-01 21:21:00
895,183,17,view_mod,2026-01-01 21:22:00
367,385,24,like_mod,2026-01-01 21:23:00
81,268,26,view_mod,2026-01-01 21:24:00
778,494,23,download_mod,2026-01-01 21:25:00
449,229,36,view_mod,2026-01-01 21:26:00
680,152,49,like_mod,2026-01-01 21:27:00
22,208,35,view_mod,2026-01-01 21:28:00
568,9,37,view_mod,2026-01-01 21:29:00
855,245,40,upload_mod,2026-01-01 21:30:00
639,399,35,download_mod,2026-01-01 21:31:00
740,146,7,like_mod,2026-01-01 21:32:00
850,362,4,download_mod,2026-01-01 21:33:00
912,401,32,view_mod,2026-01-01 21:34:00
815,481,25,download_mod,2026-01-01 21:35:00
686,314,47,upload_mod,2026-01-01 21:36:00
520,423,11,download_mod,2026-01-01 21:37:00
78,295,19,view_mod,2026-01-01 21:38:00
202,480,36,view_mod,2026-01-01 21:39:00
1,35,2,upload_mod,2026-01-01 21:40:00
850,490,10,view_mod,2026-01-01 21:41:00
363,314,46,download_mod,2026-01-01 21:42:00
447,373,47,view_mod,2026-01-01 21:43:00
350,232,22,view_mod,2026-01-01 21:44:00
234,252,18,view_mod,2026-01-01 21:45:00
885,298,17,view_mod,2026-01-01 21:46:00
391,65,20,like_mod,2026-01-01 21:47:00
576,457,28,upload_mod,2026-01-01 21:48:00
785,32,48,download_mod,2026-01-01 21:49:00
238,499,21,view_mod,2026-01-01 21:50:00
258,60,15,view_mod,2026-01-01 21:51:00
286,120,41,view_mod,2026-01-01 21:52:00
991,430,45,view_mod,2026-01-01 21:53:00
627,403,10,download_mod,2026-01-01 21:54:00
328,319,4,view_mod,2026-01-01 21:55:00
517,400,33,like_mod,2026-01-01 21:56:00
268,397,1,view_mod,2026-01-01 21:57:00
484,157,49,like_mod,2026-01-01 21:58:00
842,472,33,view_mod,2026-01-01 21:59:00
560,344,14,view_mod,2026-01-01 22:00:00
380,428,13,like_mod,2026-01-01 22:01:00
770,473,16,view_mod,2026-01-01 22:02:00
451,312,1,view_mod,2026-01-01 22:03:00
291,302,25,view_mod,2026-01-01 22:04:00
334,297,5,upload_mod,2026-01-01 22:05:00
69,421,48,like_mod,2026-01-01 22:06:00
448,66,2,view_mod,2026-01-01 22:07:00
973,289,8,download_mod,2026-01-01 22:08:00
388,18,48,like_mod,2026-01-01 22:09:00
295,15,19,download_mod,2026-01-01 22:10:00
564,37,23,view_mod,2026-01-01 22:11:00
391,271,44,view_mod,2026-01-01 22:12:00
461,112,7,like_mod,2026-01-01 22:13:00
366,464,25,download_mod,2026-01-01 22:14:00
769,267,18,view_mod,2026-01-01 22:15:00
210,344,45,download_mod,2026-01-01 22:16:00
883,112,26,like_mod,2026-01-01 22:17:00
100,492,7,view_mod,2026-01-01 22:18:00
738,81,33,view_mod,2026-01-01 22:19:00
255,461,35,upload_mod,2026-01-01 22:20:00
652,65,37,view_mod,2026-01-01 22:21:00
337,184,20,download_mod,2026-01-01 22:22:00
229,400,44,download_mod,2026-01-01 22:23:00
52,244,14,download_mod,2026-01-01 22:24:00
321,243,36,view_mod,2026-01-01 22:25:00
458,212,15,view_mod,2026-01-01 22:26:00
212,431,30,like_mod,2026-01-01 22:27:00
569,285,25,like_mod,2026-01-01 22:28:00
890,311,27,download_mod,2026-01-01 22:29:00
715,196,44,view_mod,2026-01-01 22:30:00
462,118,29,view_mod,2026-01-01 22:31:00
5,408,48,view_mod,2026-01-01 22:32:00
23,391,41,view_mod,2026-01-01 22:33:00
927,253,40,view_mod,2026-01-01 22:34:00
35,174,23,download_mod,2026-01-01 22:35:00
334,195,20,like_mod,2026-01-01 22:36:00
18,170,31,like_mod,2026-01-01 22:37:00
780,202,22,view_mod,2026-01-01 22:38:00
584,414,10,download_mod,2026-01-01 22:39:00
762,387,41,upload_mod,2026-01-01 22:40:00
854,304,12,view_mod,2026-01-01 22:41:00
940,409,29,download_mod,2026-01-01 22:42:00
366,293,4,view_mod,2026-01-01 22:43:00
737,175,17,view_mod,2026-01-01 22:44:00
763,371,13,view_mod,2026-01-01 22:45:00
826,462,5,view_mod,2026-01-01 22:46:00
420,379,42,download_mod,2026-01-01 22:47:00
147,484,36,download_mod,2026-01-01 22:48:00
881,365,46,download_mod,2026-01-01 22:49:00
971,80,49,view_mod,2026-01-01 22:50:00
798,390,21,download_mod,2026-01-01 22:51:00
988,22,47,view_mod,2026-01-01 22:52:00
991,295,43,upload_mod,2026-01-01 22:53:00
811,228,23,download_mod,2026-01-01 22:54:00
629,295,36,view_mod,2026-01-01 22:55:00
960,202,18,view_mod,2026-01-01 22:56:00
579,193,22,view_mod,2026-01-01 22:57:00
970,58,4,download_mod,2026-01-01 22:58:00
4,60,2,download_mod,2026-01-01 22:59:00
103,150,6,view_mod,2026-01-01 23:00:00
668,70,46,like_mod,2026-01-01 23:01:00
482,77,34,view_mod,2026-01-01 23:02:00
248,243,46,view_mod,2026-01-01 23:03:00
286,128,42,download_mod,2026-01-01 23:04:00
18,328,17,view_mod,2026-01-01 23:05:00
655,109,23,download_mod,2026-01-01 23:06:00
765,97,11,download_mod,2026-01-01 23:07:00
881,258,38,download_mod,2026-01-01 23:08:00
397,24,10,download_mod,2026-01-01 23:09:00
960,77,27,download_mod,2026-01-01 23:10:00
691,479,34,upload_mod,2026-01-01 23:11:00
234,482,40,view_mod,2026-01-01 23:12:00
295,308,42,view_mod,2026-01-01 23:13:00
450,182,6,view_mod,2026-01-01 23:14:00
970,287,15,view_mod,2026-01-01 23:15:00
200,193,3,upload_mod,2026-01-01 23:16:00
484,435,32,upload_mod,2026-01-01 23:17:00
672,116,20,upload_mod,2026-01-01 23:18:00
213,225,22,view_mod,2026-01-01 23:19:00
620,124,22,download_mod,2026-01-01 23:20:00
747,231,48,view_mod,2026-01-01 23:21:00
56,497,2,view_mod,2026-01-01 23:22:00
984,393,42,view_mod,2026-01-01 23:23:00
234,385,30,like_mod,2026-01-01 23:24:00
774,65,15,view_mod,2026-01-01 23:25:00
684,132,38,download_mod,2026-01-01 23:26:00
517,159,42,download_mod,2026-01-01 23:27:00
442,283,12,download_mod,2026-01-01 23:28:00
91,7,16,download_mod,2026-01-01 23:29:00
92,153,25,view_mod,2026-01-01 23:30:00
843,255,12,view_mod,2026-01-01 23:31:00
992,447,35,download_mod,2026-01-01 23:32:00
912,98,32,view_mod,2026-01-01 23:33:00
611,341,25,view_mod,2026-01-01 23:34:00
567,295,29,view_mod,2026-01-01 23:35:00
423,328,36,download_mod,2026-01-01 23:36:00
263,437,11,download_mod,2026-01-01 23:37:00
759,387,48,view_mod,2026-01-01 23:38:00
936,211,9,view_mod,2026-01-01 23:39:00
83,150,47,download_mod,2026-01-01 23:40:00
246,92,46,view_mod,2026-01-01 23:41:00
615,368,49,view_mod,2026-01-01 23:42:00
955,416,49,view_mod,2026-01-01 23:43:00
108,16,49,view_mod,2026-01-01 23:44:00
597,464,3,view_mod,2026-01-01 23:45:00
255,418,4,like_mod,2026-01-01 23:46:00
185,391,14,view_mod,2026-01-01 23:47:00
778,285,25,download_mod,2026-01-01 23:48:00
128,251,11,download_mod,2026-01-01 23:49:00
134,384,20,download_mod,2026-01-01 23:50:00
963,404,42,like_mod,2026-01-01 23:51:00
571,458,5,download_mod,2026-01-01 23:52:00
295,139,45,view_mod,2026-01-01 23:53:00
98,464,9,like_mod,2026-01-01 23:54:00
39,436,16,download_mod,2026-01-01 23:55:00
73,21,47,view_mod,2026-01-01 23:56:00
57,400,20,view_mod,2026-01-01 23:57:00
822,87,40,download_mod,2026-01-01 23:58:00
509,53,18,upload_mod,2026-01-01 23:59:00
322,367,19,upload_mod,2026-01-02 00:00:00
469,85,30,like_mod,2026-01-02 00:01:00
658,283,33,view_mod,2026-01-02 00:02:00
208,367,39,download_mod,2026-01-02 00:03:00
731,402,18,view_mod,2026-01-02 00:04:00
364,385,3,view_mod,2026-01-02 00:05:00
131,6,48,upload_mod,2026-01-02 00:06:00
189,481,32,view_mod,2026-01-02 00:07:00
186,469,35,like_mod,2026-01-02 00:08:00
572,407,8,download_mod,2026-01-02 00:09:00
326,442,48,download_mod,2026-01-02 00:10:00
970,251,20,download_mod,2026-01-02 00:11:00
917,40,2,download_mod,2026-01-02 00:12:00
307,455,1,view_mod,2026-01-02 00:13:00
242,440,13,download_mod,2026-01-02 00:14:00
662,272,31,view_mod,2026-01-02 00:15:00
907,428,25,like_mod,2026-01-02 00:16:00
586,210,12,view_mod,2026-01-02 00:17:00
194,331,27,view_mod,2026-01-02 00:18:00
139,114,48,view_mod,2026-01-02 00:19:00
515,299,30,upload_mod,2026-01-02 00:20:00
123,380,5,like_mod,2026-01-02 00:21:00
683,258,14,view_mod,2026-01-02 00:22:00
256,312,35,view_mod,2026-01-02 00:23:00
565,332,31,view_mod,2026-01-02 00:24:00
57,66,45,download_mod,2026-01-02 00:25:00
703,359,26,view_mod,2026-01-02 00:26:00
126,426,4,view_mod,2026-01-02 00:27:00
772,235,1,view_mod,2026-01-02 00:28:00
216,126,11,download_mod,2026-01-02 00:29:00
732,355,14,like_mod,2026-01-02 00:30:00
616,152,42,view_mod,2026-01-02 00:31:00
744,446,17,download_mod,2026-01-02 00:32:00
817,98,46,upload_mod,2026-01-02 00:33:00
133,443,31,view_mod,2026-01-02 00:34:00
683,290,45,view_mod,2026-01-02 00:35:00
147,31,30,like_mod,2026-01-02 00:36:00
737,373,17,upload_mod,2026-01-02 00:37:00
312,446,48,view_mod,2026-01-02 00:38:00
920,185,5,like_mod,2026-01-02 00:39:00
319,153,49,view_mod,2026-01-02 00:40:00
216,298,41,view_mod,2026-01-02 00:41:00
5,5,24,view_mod,2026-01-02 00:42:00
545,237,34,like_mod,2026-01-02 00:43:00
172,265,32,download_mod,2026-01-02 00:44:00
445,187,3,view_mod,2026-01-02 00:45:00
995,292,25,view_mod,2026-01-02 00:46:00
397,461,35,view_mod,2026-01-02 00:47:00
748,32,19,view_mod,2026-01-02 00:48:00
643,81,5,download_mod,2026-01-02 00:49:00
477,266,5,view_mod,2026-01-02 00:50:00
734,295,37,download_mod,2026-01-02 00:51:00
653,381,44,view_mod,2026-01-02 00:52:00
861,414,15,upload_mod,2026-01-02 00:53:00
343,150,28,like_mod,2026-01-02 00:54:00
274,100,43,view_mod,2026-01-02 00:55:00
120,70,38,view_mod,2026-01-02 00:56:00
968,228,17,view_mod,2026-01-02 00:57:00
408,339,46,view_mod,2026-01-02 00:58:00
457,356,21,view_mod,2026-01-02 00:59:00
654,74,37,view_mod,2026-01-02 01:00:00
763,385,34,view_mod,2026-01-02 01:01:00
435,384,26,view_mod,2026-01-02 01:02:00
150,462,45,view_mod,2026-01-02 01:03:00
560,139,20,download_mod,2026-01-02 01:04:00
981,193,31,view_mod,2026-01-02 01:05:00
984,359,32,download_mod,2026-01-02 01:06:00
88,341,45,like_mod,2026-01-02 01:07:00
197,313,16,view_mod,2026-01-02 01:08:00
190,415,47,view_mod,2026-01-02 01:09:00
29,100,29,view_mod,2026-01-02 01:10:00
934,139,40,download_mod,2026-01-02 01:11:00
126,32,41,view_mod,2026-01-02 01:12:00
826,369,20,view_mod,2026-01-02 01:13:00
40,117,7,view_mod,2026-01-02 01:14:00
299,495,5,download_mod,2026-01-02 01:15:00
379,349,24,view_mod,2026-01-02 01:16:00
756,447,43,download_mod,2026-01-02 01:17:00
711,393,24,view_mod,2026-01-02 01:18:00
594,75,20,like_mod,2026-01-02 01:19:00
198,151,2,view_mod,2026-01-02 01:20:00
767,480,31,view_mod,2026-01-02 01:21:00
501,199,14,download_mod,2026-01-02 01:22:00
268,369,8,view_mod,2026-01-02 01:23:00
549,70,7,view_mod,2026-01-02 01:24:00
144,150,16,download_mod,2026-01-02 01:25:00
253,355,8,view_mod,2026-01-02 01:26:00
655,367,49,view_mod,2026-01-02 01:27:00
881,271,43,view_mod,2026-01-02 01:28:00
936,180,16,upload_mod,2026-01-02 01:29:00
460,399,25,view_mod,2026-01-02 01:30:00
109,42,37,view_mod,2026-01-02 01:31:00
977,463,39,download_mod,2026-01-02 01:32:00
309,367,4,view_mod,2026-01-02 01:33:00
684,46,31,view_mod,2026-01-02 01:34:00
836,225,20,like_mod,2026-01-02 01:35:00
915,130,44,view_mod,2026-01-02 01:36:00
171,140,48,view_mod,2026-01-02 01:37:00
719,15,17,view_mod,2026-01-02 01:38:00
760,479,34,download_mod,2026-01-02 01:39:00
827,351,33,view_mod,2026-01-02 01:40:00
585,181,5,view_mod,2026-01-02 01:41:00
553,281,47,upload_mod,2026-01-02 01:42:00
552,203,8,download_mod,2026-01-02 01:43:00
204,355,47,view_mod,2026-01-02 01:44:00
18,35,18,view_mod,2026-01-02 01:45:00
311,171,33,view_mod,2026-01-02 01:46:00
690,201,38,download_mod,2026-01-02 01:47:00
724,159,9,download_mod,2026-01-02 01:48:00
18,134,42,view_mod,2026-01-02 01:49:00
640,486,12,view_mod,2026-01-02 01:50:00
243,472,28,view_mod,2026-01-02 01:51:00
965,414,27,download_mod,2026-01-02 01:52:00
559,349,27,view_mod,2026-01-02 01:53:00
859,209,12,download_mod,2026-01-02 01:54:00
288,260,37,view_mod,2026-01-02 01:55:00
364,131,32,view_mod,2026-01-02 01:56:00
170,131,35,view_mod,2026-01-02 01:57:00
472,65,42,download_mod,2026-01-02 01:58:00
781,482,43,view_mod,2026-01-02 01:59:00
521,276,24,download_mod,2026-01-02 02:00:00
662,428,26,view_mod,2026-01-02 02:01:00
14,323,9,download_mod,2026-01-02 02:02:00
245,237,4,download_mod,2026-01-02 02:03:00
575,454,32,download_mod,2026-01-02 02:04:00
584,332,10,download_mod,2026-01-02 02:05:00
634,337,43,download_mod,2026-01-02 02:06:00
901,311,38,view_mod,2026-01-02 02:07:00
916,362,47,download_mod,2026-01-02 02:08:00
609,458,6,download_mod,2026-01-02 02:09:00
224,92,38,view_mod,2026-01-02 02:10:00
549,57,25,upload_mod,2026-01-02 02:11:00
803,440,20,like_mod,2026-01-02 02:12:00
603,172,16,like_mod,2026-01-02 02:13:00
1,297,11,view_mod,2026-01-02 02:14:00
682,293,12,like_mod,2026-01-02 02:15:00
358,320,12,like_mod,2026-01-02 02:16:00
563,183,44,view_mod,2026-01-02 02:17:00
228,157,27,download_mod,2026-01-02 02:18:00
258,47,7,download_mod,2026-01-02 02:19:00
756,399,36,view_mod,2026-01-02 02:20:00
566,493,48,view_mod,2026-01-02 02:21:00
116,453,34,download_mod,2026-01-02 02:22:00
76,295,40,view_mod,2026-01-02 02:23:00
234,96,12,view_mod,2026-01-02 02:24:00
164,296,7,download_mod,2026-01-02 02:25:00
634,478,2,download_mod,2026-01-02 02:26:00
747,288,14,view_mod,2026-01-02 02:27:00
857,201,4,like_mod,2026-01-02 02:28:00
513,362,4,view_mod,2026-01-02 02:29:00
254,172,7,view_mod,2026-01-02 02:30:00
454,317,47,download_mod,2026-01-02 02:31:00
834,18,47,view_mod,2026-01-02 02:32:00
969,239,34,download_mod,2026-01-02 02:33:00
648,225,26,download_mod,2026-01-02 02:34:00
357,308,14,download_mod,2026-01-02 02:35:00
184,88,38,download_mod,2026-01-02 02:36:00
972,481,23,download_mod,2026-01-02 02:37:00
55,389,44,view_mod,2026-01-02 02:38:00
645,326,33,download_mod,2026-01-02 02:39:00
237,54,25,view_mod,2026-01-02 02:40:00
497,274,14,view_mod,2026-01-02 02:41:00
635,485,17,view_mod,2026-01-02 02:42:00
806,263,3,download_mod,2026-01-02 02:43:00
704,153,37,download_mod,2026-01-02 02:44:00
763,441,18,view_mod,2026-01-02 02:45:00
32,448,44,download_mod,2026-01-02 02:46:00
915,457,22,view_mod,2026-01-02 02:47:00
529,325,1,view_mod,2026-01-02 02:48:00
328,479,31,like_mod,2026-01-02 02:49:00
667,387,18,download_mod,2026-01-02 02:50:00
500,312,22,download_mod,2026-01-02 02:51:00
68,127,5,download_mod,2026-01-02 02:52:00
545,30,43,view_mod,2026-01-02 02:53:00
8,431,3,view_mod,2026-01-02 02:54:00
740,212,11,download_mod,2026-01-02 02:55:00
93,238,34,download_mod,2026-01-02 02:56:00
890,282,20,upload_mod,2026-01-02 02:57:00
16,342,12,download_mod,2026-01-02 02:58:00
799,471,14,download_mod,2026-01-02 02:59:00
895,89,49,download_mod,2026-01-02 03:00:00
170,332,4,download_mod,2026-01-02 03:01:00
42,229,13,view_mod,2026-01-02 03:02:00
770,90,49,view_mod,2026-01-02 03:03:00
208,58,49,upload_mod,2026-01-02 03:04:00
402,67,1,view_mod,2026-01-02 03:05:00
980,466,29,download_mod,2026-01-02 03:06:00
353,402,46,view_mod,2026-01-02 03:07:00
9,435,31,upload_mod,2026-01-02 03:08:00
540,126,27,download_mod,2026-01-02 03:09:00
335,389,47,view_mod,2026-01-02 03:10:00
966,316,1,like_mod,2026-01-02 03:11:00
45,242,40,download_mod,2026-01-02 03:12:00
35,23,28,upload_mod,2026-01-02 03:13:00
212,63,24,view_mod,2026-01-02 03:14:00
242,51,42,upload_mod,2026-01-02 03:15:00
68,170,30,upload_mod,2026-01-02 03:16:00
558,189,49,view_mod,2026-01-02 03:17:00
145,471,44,download_mod,2026-01-02 03:18:00
475,344,25,like_mod,2026-01-02 03:19:00
959,23,34,view_mod,2026-01-02 03:20:00
158,441,3,view_mod,2026-01-02 03:21:00
763,107,33,view_mod,2026-01-02 03:22:00
322,381,28,download_mod,2026-01-02 03:23:00
114,93,14,view_mod,2026-01-02 03:24:00
465,422,18,view_mod,2026-01-02 03:25:00
48,321,22,view_mod,2026-01-02 03:26:00
597,401,8,upload_mod,2026-01-02 03:27:00
547,443,42,view_mod,2026-01-02 03:28:00
568,412,21,view_mod,2026-01-02 03:29:00
796,114,5,download_mod,2026-01-02 03:30:00
374,178,33,view_mod,2026-01-02 03:31:00
547,458,43,upload_mod,2026-01-02 03:32:00
359,200,7,view_mod,2026-01-02 03:33:00
802,390,23,view_mod,2026-01-02 03:34:00
662,236,35,view_mod,2026-01-02 03:35:00
132,183,40,view_mod,2026-01-02 03:36:00
448,169,36,view_mod,2026-01-02 03:37:00
77,187,45,view_mod,2026-01-02 03:38:00
677,235,28,view_mod,2026-01-02 03:39:00
620,45,12,view_mod,2026-01-02 03:40:00
819,370,46,upload_mod,2026-01-02 03:41:00
437,265,12,view_mod,2026-01-02 03:42:00
172,233,36,download_mod,2026-01-02 03:43:00
676,264,49,upload_mod,2026-01-02 03:44:00
707,13,38,download_mod,2026-01-02 03:45:00
519,492,15,view_mod,2026-01-02 03:46:00
356,454,43,view_mod,2026-01-02 03:47:00
134,250,38,view_mod,2026-01-02 03:48:00
35,311,43,download_mod,2026-01-02 03:49:00
827,125,49,view_mod,2026-01-02 03:50:00
233,456,11,download_mod,2026-01-02 03:51:00
295,155,16,view_mod,2026-01-02 03:52:00
503,226,5,download_mod,2026-01-02 03:53:00
436,243,40,view_mod,2026-01-02 03:54:00
252,222,40,view_mod,2026-01-02 03:55:00
692,211,9,download_mod,2026-01-02 03:56:00
118,285,24,download_mod,2026-01-02 03:57:00
593,269,33,download_mod,2026-01-02 03:58:00
838,177,36,download_mod,2026-01-02 03:59:00
948,430,12,view_mod,2026-01-02 04:00:00
717,136,12,download_mod,2026-01-02 04:01:00
315,477,47,view_mod,2026-01-02 04:02:00
888,212,22,download_mod,2026-01-02 04:03:00
536,157,3,view_mod,2026-01-02 04:04:00
127,272,48,view_mod,2026-01-02 04:05:00
8,75,33,download_mod,2026-01-02 04:06:00
134,294,20,download_mod,2026-01-02 04:07:00
246,174,35,view_mod,2026-01-02 04:08:00
21,28,44,download_mod,2026-01-02 04:09:00
63,398,33,view_mod,2026-01-02 04:10:00
122,439,27,download_mod,2026-01-02 04:11:00
88,392,15,view_mod,2026-01-02 04:12:00
634,35,5,view_mod,2026-01-02 04:13:00
776,277,23,view_mod,2026-01-02 04:14:00
688,215,45,view_mod,2026-01-02 04:15:00
993,344,27,view_mod,2026-01-02 04:16:00
439,357,11,upload_mod,2026-01-02 04:17:00
926,252,7,upload_mod,2026-01-02 04:18:00
323,402,48,view_mod,2026-01-02 04:19:00
119,204,31,download_mod,2026-01-02 04:20:00
903,219,5,download_mod,2026-01-02 04:21:00
504,430,21,view_mod,2026-01-02 04:22:00
611,346,1,view_mod,2026-01-02 04:23:00
16,354,5,view_mod,2026-01-02 04:24:00
398,44,1,view_mod,2026-01-02 04:25:00
983,228,39,view_mod,2026-01-02 04:26:00
951,6,17,like_mod,2026-01-02 04:27:00
953,33,18,view_mod,2026-01-02 04:28:00
533,360,47,download_mod,2026-01-02 04:29:00
827,339,25,view_mod,2026-01-02 04:30:00
477,475,44,like_mod,2026-01-02 04:31:00
756,129,27,like_mod,2026-01-02 04:32:00
356,257,23,upload_mod,2026-01-02 04:33:00
151,459,18,view_mod,2026-01-02 04:34:00
713,384,33,upload_mod,2026-01-02 04:35:00
892,151,18,download_mod,2026-01-02 04:36:00
635,42,3,view_mod,2026-01-02 04:37:00
549,494,37,view_mod,2026-01-02 04:38:00
505,472,37,like_mod,2026-01-02 04:39:00
523,110,12,download_mod,2026-01-02 04:40:00
91,336,18,view_mod,2026-01-02 04:41:00
781,185,36,download_mod,2026-01-02 04:42:00
958,214,1,download_mod,2026-01-02 04:43:00
989,240,3,download_mod,2026-01-02 04:44:00
972,59,49,view_mod,2026-01-02 04:45:00
734,130,12,like_mod,2026-01-02 04:46:00
100,271,44,upload_mod,2026-01-02 04:47:00
303,377,20,like_mod,2026-01-02 04:48:00
423,31,16,view_mod,2026-01-02 04:49:00
280,33,32,view_mod,2026-01-02 04:50:00
243,414,39,download_mod,2026-01-02 04:51:00
415,77,25,download_mod,2026-01-02 04:52:00
215,12,9,download_mod,2026-01-02 04:53:00
648,167,24,download_mod,2026-01-02 04:54:00
968,134,2,view_mod,2026-01-02 04:55:00
963,157,23,download_mod,2026-01-02 04:56:00
550,22,27,upload_mod,2026-01-02 04:57:00
756,391,3,view_mod,2026-01-02 04:58:00
323,15,29,download_mod,2026-01-02 04:59:00
816,473,6,download_mod,2026-01-02 05:00:00
106,106,4,view_mod,2026-01-02 05:01:00
441,485,40,view_mod,2026-01-02 05:02:00
986,401,19,like_mod,2026-01-02 05:03:00
372,387,46,view_mod,2026-01-02 05:04:00
516,365,3,download_mod,2026-01-02 05:05:00
637,141,25,view_mod,2026-01-02 05:06:00
314,358,1,view_mod,2026-01-02 05:07:00
523,442,49,view_mod,2026-01-02 05:08:00
761,488,41,like_mod,2026-01-02 05:09:00
799,305,16,view_mod,2026-01-02 05:10:00
883,392,22,view_mod,2026-01-02 05:11:00
837,454,13,like_mod,2026-01-02 05:12:00
724,115,13,view_mod,2026-01-02 05:13:00
117,58,41,view_mod,2026-01-02 05:14:00
583,448,47,view_mod,2026-01-02 05:15:00
551,3,18,upload_mod,2026-01-02 05:16:00
788,486,19,download_mod,2026-01-02 05:17:00
360,229,26,download_mod,2026-01-02 05:18:00
132,490,30,view_mod,2026-01-02 05:19:00
356,306,8,upload_mod,2026-01-02 05:20:00
325,293,6,view_mod,2026-01-02 05:21:00
852,239,24,view_mod,2026-01-02 05:22:00
9,318,6,download_mod,2026-01-02 05:23:00
368,488,25,download_mod,2026-01-02 05:24:00
133,159,31,download_mod,2026-01-02 05:25:00
216,1,2,upload_mod,2026-01-02 05:26:00
88,144,3,view_mod,2026-01-02 05:27:00
175,171,27,view_mod,2026-01-02 05:28:00
161,455,19,like_mod,2026-01-02 05:29:00
852,264,8,view_mod,2026-01-02 05:30:00
548,67,47,upload_mod,2026-01-02 05:31:00
96,235,48,like_mod,2026-01-02 05:32:00
678,444,27,download_mod,2026-01-02 05:33:00
987,331,29,view_mod,2026-01-02 05:34:00
860,175,10,view_mod,2026-01-02 05:35:00
205,341,27,view_mod,2026-01-02 05:36:00
950,432,48,view_mod,2026-01-02 05:37:00
112,477,24,view_mod,2026-01-02 05:38:00
264,164,11,view_mod,2026-01-02 05:39:00
359,145,24,view_mod,2026-01-02 05:40:00
933,154,31,view_mod,2026-01-02 05:41:00
216,238,6,view_mod,2026-01-02 05:42:00
606,198,48,download_mod,2026-01-02 05:43:00
956,156,17,download_mod,2026-01-02 05:44:00
506,196,2,view_mod,2026-01-02 05:45:00
411,240,9,upload_mod,2026-01-02 05:46:00
475,487,26,view_mod,2026-01-02 05:47:00
437,181,32,view_mod,2026-01-02 05:48:00
95,394,44,view_mod,2026-01-02 05:49:00
308,292,22,download_mod,2026-01-02 05:50:00
970,18,24,view_mod,2026-01-02 05:51:00
684,78,1,download_mod,2026-01-02 05:52:00
512,369,40,like_mod,2026-01-02 05:53:00
25,214,44,download_mod,2026-01-02 05:54:00
43,12,20,view_mod,2026-01-02 05:55:00
72,175,21,like_mod,2026-01-02 05:56:00
79,140,42,download_mod,2026-01-02 05:57:00
761,2,49,like_mod,2026-01-02 05:58:00
515,482,24,upload_mod,2026-01-02 05:59:00
742,411,41,view_mod,2026-01-02 06:00:00
592,133,31,view_mod,2026-01-02 06:01:00
87,386,8,view_mod,2026-01-02 06:02:00
542,434,1,view_mod,2026-01-02 06:03:00
314,259,13,view_mod,2026-01-02 06:04:00
310,274,30,download_mod,2026-01-02 06:05:00
667,211,12,like_mod,2026-01-02 06:06:00
488,385,37,upload_mod,2026-01-02 06:07:00
599,158,24,download_mod,2026-01-02 06:08:00
284,426,10,view_mod,2026-01-02 06:09:00
924,496,1,like_mod,2026-01-02 06:10:00
221,463,11,like_mod,2026-01-02 06:11:00
781,376,29,like_mod,2026-01-02 06:12:00
520,283,1,view_mod,2026-01-02 06:13:00
768,239,28,view_mod,2026-01-02 06:14:00
666,350,36,download_mod,2026-01-02 06:15:00
446,355,14,view_mod,2026-01-02 06:16:00
276,74,16,download_mod,2026-01-02 06:17:00
675,228,25,view_mod,2026-01-02 06:18:00
709,477,7,view_mod,2026-01-02 06:19:00
693,478,16,download_mod,2026-01-02 06:20:00
669,34,16,download_mod,2026-01-02 06:21:00
727,374,1,download_mod,2026-01-02 06:22:00
575,334,49,view_mod,2026-01-02 06:23:00
444,323,26,download_mod,2026-01-02 06:24:00
499,326,7,view_mod,2026-01-02 06:25:00
369,447,29,view_mod,2026-01-02 06:26:00
76,214,6,download_mod,2026-01-02 06:27:00
156,497,6,like_mod,2026-01-02 06:28:00
429,442,1,download_mod,2026-01-02 06:29:00
818,111,26,view_mod,2026-01-02 06:30:00
153,39,49,download_mod,2026-01-02 06:31:00
258,346,26,upload_mod,2026-01-02 06:32:00
559,159,23,view_mod,2026-01-02 06:33:00
248,185,43,view_mod,2026-01-02 06:34:00
896,67,30,view_mod,2026-01-02 06:35:00
560,83,10,view_mod,2026-01-02 06:36:00
495,36,34,view_mod,2026-01-02 06:37:00
384,305,43,view_mod,2026-01-02 06:38:00
80,157,4,view_mod,2026-01-02 06:39:00
964,369,4,download_mod,2026-01-02 06:40:00
197,394,30,view_mod,2026-01-02 06:41:00
68,103,31,upload_mod,2026-01-02 06:42:00
47,184,42,view_mod,2026-01-02 06:43:00
972,114,19,view_mod,2026-01-02 06:44:00
474,266,27,view_mod,2026-01-02 06:45:00
67,14,22,view_mod,2026-01-02 06:46:00
409,178,4,download_mod,2026-01-02 06:47:00
542,383,27,download_mod,2026-01-02 06:48:00
978,15,4,download_mod,2026-01-02 06:49:00
302,146,41,download_mod,2026-01-02 06:50:00
621,279,20,view_mod,2026-01-02 06:51:00
306,233,33,view_mod,2026-01-02 06:52:00
487,342,45,upload_mod,2026-01-02 06:53:00
966,344,32,download_mod,2026-01-02 06:54:00
934,485,12,view_mod,2026-01-02 06:55:00
968,403,22,view_mod,2026-01-02 06:56:00
614,169,14,view_mod,2026-01-02 06:57:00
986,46,1,view_mod,2026-01-02 06:58:00
4,96,41,download_mod,2026-01-02 06:59:00
123,383,3,download_mod,2026-01-02 07:00:00
845,195,27,download_mod,2026-01-02 07:01:00
857,43,29,view_mod,2026-01-02 07:02:00
835,295,8,view_mod,2026-01-02 07:03:00
828,261,9,download_mod,2026-01-02 07:04:00
294,148,24,view_mod,2026-01-02 07:05:00
120,124,35,view_mod,2026-01-02 07:06:00
89,262,5,view_mod,2026-01-02 07:07:00
163,412,40,download_mod,2026-01-02 07:08:00
710,49,18,download_mod,2026-01-02 07:09:00
421,467,2,upload_mod,2026-01-02 07:10:00
373,460,47,like_mod,2026-01-02 07:11:00
201,222,25,view_mod,2026-01-02 07:12:00
319,78,45,download_mod,2026-01-02 07:13:00
665,287,11,view_mod,2026-01-02 07:14:00
943,365,48,download_mod,2026-01-02 07:15:00
654,293,21,view_mod,2026-01-02 07:16:00
392,182,33,download_mod,2026-01-02 07:17:00
676,215,27,download_mod,2026-01-02 07:18:00
253,182,25,view_mod,2026-01-02 07:19:00
9,445,13,upload_mod,2026-01-02 07:20:00
326,91,21,like_mod,2026-01-02 07:21:00
990,235,32,view_mod,2026-01-02 07:22:00
883,429,32,upload_mod,2026-01-02 07:23:00
203,387,33,like_mod,2026-01-02 07:24:00
203,142,36,download_mod,2026-01-02 07:25:00
708,123,21,view_mod,2026-01-02 07:26:00
761,301,11,download_mod,2026-01-02 07:27:00
846,79,39,like_mod,2026-01-02 07:28:00
392,402,45,download_mod,2026-01-02 07:29:00
716,1,35,like_mod,2026-01-02 07:30:00
877,236,45,download_mod,2026-01-02 07:31:00
761,497,27,view_mod,2026-01-02 07:32:00
11,458,8,download_mod,2026-01-02 07:33:00
676,86,31,view_mod,2026-01-02 07:34:00
822,458,38,view_mod,2026-01-02 07:35:00
645,293,30,view_mod,2026-01-02 07:36:00
379,492,24,view_mod,2026-01-02 07:37:00
539,298,39,download_mod,2026-01-02 07:38:00
885,488,37,view_mod,2026-01-02 07:39:00
313,45,43,view_mod,2026-01-02 07:40:00
658,368,31,view_mod,2026-01-02 07:41:00
565,90,49,view_mod,2026-01-02 07:42:00
549,426,1,download_mod,2026-01-02 07:43:00
601,175,20,download_mod,2026-01-02 07:44:00
979,186,4,download_mod,2026-01-02 07:45:00
874,359,48,view_mod,2026-01-02 07:46:00
722,407,2,view_mod,2026-01-02 07:47:00
504,247,43,download_mod,2026-01-02 07:48:00
178,29,42,upload_mod,2026-01-02 07:49:00
827,407,1,view_mod,2026-01-02 07:50:00
387,436,26,like_mod,2026-01-02 07:51:00
833,275,13,like_mod,2026-01-02 07:52:00
102,455,4,view_mod,2026-01-02 07:53:00
541,273,9,view_mod,2026-01-02 07:54:00
83,438,27,download_mod,2026-01-02 07:55:00
662,422,6,upload_mod,2026-01-02 07:56:00
340,148,15,view_mod,2026-01-02 07:57:00
832,191,41,download_mod,2026-01-02 07:58:00
183,148,48,download_mod,2026-01-02 07:59:00
349,279,39,view_mod,2026-01-02 08:00:00
503,278,33,download_mod,2026-01-02 08:01:00
336,469,2,download_mod,2026-01-02 08:02:00
610,357,31,view_mod,2026-01-02 08:03:00
943,494,13,view_mod,2026-01-02 08:04:00
823,364,14,view_mod,2026-01-02 08:05:00
751,301,46,upload_mod,2026-01-02 08:06:00
716,266,16,upload_mod,2026-01-02 08:07:00
681,436,46,upload_mod,2026-01-02 08:08:00
339,182,17,view_mod,2026-01-02 08:09:00
578,7,36,view_mod,2026-01-02 08:10:00
287,433,18,view_mod,2026-01-02 08:11:00
208,378,42,download_mod,2026-01-02 08:12:00
974,418,45,view_mod,2026-01-02 08:13:00
329,145,31,view_mod,2026-01-02 08:14:00
8,232,37,like_mod,2026-01-02 08:15:00
551,322,42,download_mod,2026-01-02 08:16:00
671,303,49,view_mod,2026-01-02 08:17:00
565,41,32,upload_mod,2026-01-02 08:18:00
785,217,26,download_mod,2026-01-02 08:19:00
615,257,37,view_mod,2026-01-02 08:20:00
407,59,5,view_mod,2026-01-02 08:21:00
138,115,24,download_mod,2026-01-02 08:22:00
292,188,26,upload_mod,2026-01-02 08:23:00
321,347,12,upload_mod,2026-01-02 08:24:00
702,431,41,view_mod,2026-01-02 08:25:00
599,8,19,download_mod,2026-01-02 08:26:00
12,339,9,view_mod,2026-01-02 08:27:00
606,81,11,download_mod,2026-01-02 08:28:00
165,44,6,view_mod,2026-01-02 08:29:00
517,287,4,view_mod,2026-01-02 08:30:00
23,364,10,download_mod,2026-01-02 08:31:00
470,257,30,view_mod,2026-01-02 08:32:00
312,117,1,upload_mod,2026-01-02 08:33:00
898,217,34,view_mod,2026-01-02 08:34:00
457,235,39,view_mod,2026-01-02 08:35:00
121,263,25,download_mod,2026-01-02 08:36:00
223,302,7,view_mod,2026-01-02 08:37:00
652,70,49,upload_mod,2026-01-02 08:38:00
478,203,3,view_mod,2026-01-02 08:39:00
211,60,13,download_mod,2026-01-02 08:40:00
600,17,13,view_mod,2026-01-02 08:41:00
646,50,21,view_mod,2026-01-02 08:42:00
779,134,29,download_mod,2026-01-02 08:43:00
285,441,21,download_mod,2026-01-02 08:44:00
906,67,26,view_mod,2026-01-02 08:45:00
201,52,45,download_mod,2026-01-02 08:46:00
35,230,5,upload_mod,2026-01-02 08:47:00
867,98,33,view_mod,2026-01-02 08:48:00
998,190,23,download_mod,2026-01-02 08:49:00
244,185,11,view_mod,2026-01-02 08:50:00
161,371,44,view_mod,2026-01-02 08:51:00
834,491,30,view_mod,2026-01-02 08:52:00
995,404,45,view_mod,2026-01-02 08:53:00
483,293,22,download_mod,2026-01-02 08:54:00
229,53,49,view_mod,2026-01-02 08:55:00
879,159,23,download_mod,2026-01-02 08:56:00
989,182,48,download_mod,2026-01-02 08:57:00
70,87,25,view_mod,2026-01-02 08:58:00
256,74,20,download_mod,2026-01-02 08:59:00
761,70,29,download_mod,2026-01-02 09:00:00
405,436,33,upload_mod,2026-01-02 09:01:00
471,489,26,view_mod,2026-01-02 09:02:00
412,85,39,download_mod,2026-01-02 09:03:00
419,382,6,upload_mod,2026-01-02 09:04:00
708,305,8,view_mod,2026-01-02 09:05:00
1,391,13,download_mod,2026-01-02 09:06:00
539,230,27,view_mod,2026-01-02 09:07:00
113,343,41,view_mod,2026-01-02 09:08:00
319,346,45,download_mod,2026-01-02 09:09:00
37,18,37,view_mod,2026-01-02 09:10:00
819,83,44,view_mod,2026-01-02 09:11:00
14,309,24,download_mod,2026-01-02 09:12:00
228,282,32,download_mod,2026-01-02 09:13:00
26,172,48,like_mod,2026-01-02 09:14:00
754,443,17,view_mod,2026-01-02 09:15:00
55,331,14,download_mod,2026-01-02 09:16:00
131,2,45,view_mod,2026-01-02 09:17:00
777,182,41,download_mod,2026-01-02 09:18:00
394,302,27,download_mod,2026-01-02 09:19:00
705,168,1,view_mod,2026-01-02 09:20:00
653,87,43,view_mod,2026-01-02 09:21:00
518,130,21,view_mod,2026-01-02 09:22:00
945,49,36,download_mod,2026-01-02 09:23:00
372,469,32,view_mod,2026-01-02 09:24:00
739,498,26,download_mod,2026-01-02 09:25:00
441,339,9,view_mod,2026-01-02 09:26:00
106,212,22,like_mod,2026-01-02 09:27:00
74,181,19,view_mod,2026-01-02 09:28:00
496,209,38,like_mod,2026-01-02 09:29:00
711,233,41,download_mod,2026-01-02 09:30:00
271,38,17,view_mod,2026-01-02 09:31:00
323,496,3,download_mod,2026-01-02 09:32:00
453,120,42,download_mod,2026-01-02 09:33:00
254,246,48,view_mod,2026-01-02 09:34:00
703,347,2,view_mod,2026-01-02 09:35:00
951,318,6,view_mod,2026-01-02 09:36:00
194,269,22,download_mod,2026-01-02 09:37:00
480,299,16,download_mod,2026-01-02 09:38:00
126,112,33,upload_mod,2026-01-02 09:39:00
843,117,8,view_mod,2026-01-02 09:40:00
631,351,5,upload_mod,2026-01-02 09:41:00
950,187,32,upload_mod,2026-01-02 09:42:00
436,160,27,view_mod,2026-01-02 09:43:00
293,110,11,like_mod,2026-01-02 09:44:00
211,432,35,like_mod,2026-01-02 09:45:00
658,172,40,view_mod,2026-01-02 09:46:00
485,469,15,download_mod,2026-01-02 09:47:00
669,312,49,like_mod,2026-01-02 09:48:00
372,190,24,view_mod,2026-01-02 09:49:00
617,416,13,view_mod,2026-01-02 09:50:00
396,193,37,upload_mod,2026-01-02 09:51:00
216,267,11,view_mod,2026-01-02 09:52:00
185,242,36,download_mod,2026-01-02 09:53:00
769,355,36,view_mod,2026-01-02 09:54:00
194,140,10,download_mod,2026-01-02 09:55:00
655,109,48,view_mod,2026-01-02 09:56:00
960,209,2,download_mod,2026-01-02 09:57:00
668,335,42,view_mod,2026-01-02 09:58:00
692,494,24,view_mod,2026-01-02 09:59:00
869,82,1,like_mod,2026-01-02 10:00:00
861,369,13,view_mod,2026-01-02 10:01:00
739,10,1,like_mod,2026-01-02 10:02:00
541,240,7,download_mod,2026-01-02 10:03:00
724,344,2,view_mod,2026-01-02 10:04:00
614,224,46,view_mod,2026-01-02 10:05:00
788,18,2,upload_mod,2026-01-02 10:06:00
842,189,12,view_mod,2026-01-02 10:07:00
259,424,28,view_mod,2026-01-02 10:08:00
597,435,5,upload_mod,2026-01-02 10:09:00
374,156,12,download_mod,2026-01-02 10:10:00
889,472,23,view_mod,2026-01-02 10:11:00
531,298,43,upload_mod,2026-01-02 10:12:00
136,380,21,download_mod,2026-01-02 10:13:00
901,164,29,view_mod,2026-01-02 10:14:00
304,347,26,download_mod,2026-01-02 10:15:00
394,36,39,like_mod,2026-01-02 10:16:00
43,269,10,view_mod,2026-01-02 10:17:00
635,36,35,view_mod,2026-01-02 10:18:00
695,32,10,download_mod,2026-01-02 10:19:00
638,456,47,view_mod,2026-01-02 10:20:00
2,473,38,view_mod,2026-01-02 10:21:00
787,87,10,upload_mod,2026-01-02 10:22:00
227,1,27,view_mod,2026-01-02 10:23:00
463,418,26,like_mod,2026-01-02 10:24:00
267,358,43,upload_mod,2026-01-02 10:25:00
158,451,2,download_mod,2026-01-02 10:26:00
789,312,30,like_mod,2026-01-02 10:27:00
577,388,18,download_mod,2026-01-02 10:28:00
250,55,36,upload_mod,2026-01-02 10:29:00
990,52,32,upload_mod,2026-01-02 10:30:00
690,277,19,download_mod,2026-01-02 10:31:00
69,81,26,view_mod,2026-01-02 10:32:00
872,97,9,download_mod,2026-01-02 10:33:00
307,136,43,view_mod,2026-01-02 10:34:00
461,65,14,download_mod,2026-01-02 10:35:00
91,297,12,view_mod,2026-01-02 10:36:00
612,251,49,download_mod,2026-01-02 10:37:00
747,461,3,view_mod,2026-01-02 10:38:00
432,312,32,like_mod,2026-01-02 10:39:00
313,377,5,view_mod,2026-01-02 10:40:00
450,116,34,view_mod,2026-01-02 10:41:00
192,403,27,view_mod,2026-01-02 10:42:00
33,88,8,view_mod,2026-01-02 10:43:00
141,86,28,view_mod,2026-01-02 10:44:00
802,183,34,like_mod,2026-01-02 10:45:00
659,329,24,download_mod,2026-01-02 10:46:00
746,180,43,like_mod,2026-01-02 10:47:00
358,240,34,like_mod,2026-01-02 10:48:00
683,41,28,view_mod,2026-01-02 10:49:00
114,254,15,download_mod,2026-01-02 10:50:00
714,1,44,view_mod,2026-01-02 10:51:00
223,290,8,download_mod,2026-01-02 10:52:00
671,450,9,view_mod,2026-01-02 10:53:00
886,429,21,view_mod,2026-01-02 10:54:00
926,458,10,download_mod,2026-01-02 10:55:00
158,202,20,view_mod,2026-01-02 10:56:00
449,434,4,download_mod,2026-01-02 10:57:00
216,447,28,download_mod,2026-01-02 10:58:00
296,214,26,download_mod,2026-01-02 10:59:00
336,490,19,view_mod,2026-01-02 11:00:00
481,427,8,view_mod,2026-01-02 11:01:00
747,28,25,view_mod,2026-01-02 11:02:00
7,77,14,view_mod,2026-01-02 11:03:00
128,37,39,view_mod,2026-01-02 11:04:00
359,263,20,download_mod,2026-01-02 11:05:00
377,229,9,view_mod,2026-01-02 11:06:00
414,105,2,view_mod,2026-01-02 11:07:00
762,107,28,download_mod,2026-01-02 11:08:00
742,293,22,view_mod,2026-01-02 11:09:00
916,221,25,view_mod,2026-01-02 11:10:00
816,70,22,download_mod,2026-01-02 11:11:00
940,446,11,upload_mod,2026-01-02 11:12:00
393,386,36,view_mod,2026-01-02 11:13:00
26,118,1,view_mod,2026-01-02 11:14:00
150,439,18,view_mod,2026-01-02 11:15:00
84,369,42,download_mod,2026-01-02 11:16:00
759,406,10,download_mod,2026-01-02 11:17:00
425,159,3,download_mod,2026-01-02 11:18:00
958,214,28,view_mod,2026-01-02 11:19:00
889,458,4,view_mod,2026-01-02 11:20:00
624,464,39,download_mod,2026-01-02 11:21:00
5,220,44,view_mod,2026-01-02 11:22:00
713,258,27,download_mod,2026-01-02 11:23:00
188,497,43,download_mod,2026-01-02 11:24:00
257,470,49,download_mod,2026-01-02 11:25:00
355,177,29,download_mod,2026-01-02 11:26:00
996,478,35,download_mod,2026-01-02 11:27:00
809,407,14,view_mod,2026-01-02 11:28:00
622,24,4,download_mod,2026-01-02 11:29:00
581,260,35,view_mod,2026-01-02 11:30:00
525,318,45,view_mod,2026-01-02 11:31:00
466,317,36,view_mod,2026-01-02 11:32:00
600,454,24,download_mod,2026-01-02 11:33:00
534,94,9,download_mod,2026-01-02 11:34:00
889,183,32,view_mod,2026-01-02 11:35:00
776,149,28,view_mod,2026-01-02 11:36:00
92,24,38,download_mod,2026-01-02 11:37:00
633,23,5,view_mod,2026-01-02 11:38:00
788,333,34,download_mod,2026-01-02 11:39:00
677,369,38,view_mod,2026-01-02 11:40:00
526,326,25,view_mod,2026-01-02 11:41:00
217,89,32,view_mod,2026-01-02 11:42:00
172,364,19,download_mod,2026-01-02 11:43:00
924,214,4,view_mod,2026-01-02 11:44:00
620,252,35,download_mod,2026-01-02 11:45:00
133,87,29,download_mod,2026-01-02 11:46:00
785,301,4,view_mod,2026-01-02 11:47:00
389,367,5,download_mod,2026-01-02 11:48:00
623,487,3,upload_mod,2026-01-02 11:49:00
220,172,6,download_mod,2026-01-02 11:50:00
992,453,10,download_mod,2026-01-02 11:51:00
381,446,6,download_mod,2026-01-02 11:52:00
89,443,39,view_mod,2026-01-02 11:53:00
278,7,46,view_mod,2026-01-02 11:54:00
186,359,14,like_mod,2026-01-02 11:55:00
134,86,43,download_mod,2026-01-02 11:56:00
689,76,12,download_mod,2026-01-02 11:57:00
760,481,48,like_mod,2026-01-02 11:58:00
3,130,48,view_mod,2026-01-02 11:59:00
306,255,25,view_mod,2026-01-02 12:00:00
316,29,13,view_mod,2026-01-02 12:01:00
903,468,16,view_mod,2026-01-02 12:02:00
553,15,16,download_mod,2026-01-02 12:03:00
595,253,26,view_mod,2026-01-02 12:04:00
696,29,2,view_mod,2026-01-02 12:05:00
832,37,22,view_mod,2026-01-02 12:06:00
91,108,15,view_mod,2026-01-02 12:07:00
767,310,40,download_mod,2026-01-02 12:08:00
312,188,11,view_mod,2026-01-02 12:09:00
429,347,12,like_mod,2026-01-02 12:10:00
537,180,16,view_mod,2026-01-02 12:11:00
473,384,5,view_mod,2026-01-02 12:12:00
774,59,27,view_mod,2026-01-02 12:13:00
391,233,43,download_mod,2026-01-02 12:14:00
94,398,41,download_mod,2026-01-02 12:15:00
859,425,25,upload_mod,2026-01-02 12:16:00
697,412,35,download_mod,2026-01-02 12:17:00
106,5,21,view_mod,2026-01-02 12:18:00
321,232,16,view_mod,2026-01-02 12:19:00
923,186,18,view_mod,2026-01-02 12:20:00
555,280,11,view_mod,2026-01-02 12:21:00
886,224,38,upload_mod,2026-01-02 12:22:00
298,250,29,like_mod,2026-01-02 12:23:00
608,338,10,view_mod,2026-01-02 12:24:00
717,366,20,view_mod,2026-01-02 12:25:00
974,309,46,view_mod,2026-01-02 12:26:00
904,77,41,upload_mod,2026-01-02 12:27:00
549,308,42,download_mod,2026-01-02 12:28:00
765,100,21,like_mod,2026-01-02 12:29:00
257,387,15,upload_mod,2026-01-02 12:30:00
982,291,36,view_mod,2026-01-02 12:31:00
762,369,44,view_mod,2026-01-02 12:32:00
544,475,20,view_mod,2026-01-02 12:33:00
346,439,9,like_mod,2026-01-02 12:34:00
359,110,12,download_mod,2026-01-02 12:35:00
309,455,30,upload_mod,2026-01-02 12:36:00
652,414,11,view_mod,2026-01-02 12:37:00
864,161,27,view_mod,2026-01-02 12:38:00
563,224,14,upload_mod,2026-01-02 12:39:00
397,118,19,view_mod,2026-01-02 12:40:00
601,449,29,view_mod,2026-01-02 12:41:00
52,368,40,view_mod,2026-01-02 12:42:00
805,468,31,view_mod,2026-01-02 12:43:00
683,170,12,upload_mod,2026-01-02 12:44:00
784,141,15,like_mod,2026-01-02 12:45:00
218,93,24,download_mod,2026-01-02 12:46:00
901,216,32,view_mod,2026-01-02 12:47:00
495,45,20,like_mod,2026-01-02 12:48:00
338,404,28,download_mod,2026-01-02 12:49:00
711,377,1,download_mod,2026-01-02 12:50:00
910,75,32,upload_mod,2026-01-02 12:51:00
181,424,48,view_mod,2026-01-02 12:52:00
166,419,35,view_mod,2026-01-02 12:53:00
620,435,7,view_mod,2026-01-02 12:54:00
579,442,15,view_mod,2026-01-02 12:55:00
174,280,6,view_mod,2026-01-02 12:56:00
19,189,15,view_mod,2026-01-02 12:57:00
378,59,21,view_mod,2026-01-02 12:58:00
130,81,38,upload_mod,2026-01-02 12:59:00
733,213,45,download_mod,2026-01-02 13:00:00
371,169,21,view_mod,2026-01-02 13:01:00
226,415,39,download_mod,2026-01-02 13:02:00
247,320,16,download_mod,2026-01-02 13:03:00
481,280,46,view_mod,2026-01-02 13:04:00
512,455,49,view_mod,2026-01-02 13:05:00
350,483,32,like_mod,2026-01-02 13:06:00
809,329,16,upload_mod,2026-01-02 13:07:00
871,316,14,download_mod,2026-01-02 13:08:00
462,102,41,download_mod,2026-01-02 13:09:00
583,395,22,download_mod,2026-01-02 13:10:00
620,85,37,download_mod,2026-01-02 13:11:00
32,70,6,view_mod,2026-01-02 13:12:00
553,26,47,view_mod,2026-01-02 13:13:00
158,289,30,view_mod,2026-01-02 13:14:00
400,477,23,view_mod,2026-01-02 13:15:00
657,52,6,download_mod,2026-01-02 13:16:00
379,106,25,view_mod,2026-01-02 13:17:00
766,8,35,upload_mod,2026-01-02 13:18:00
23,168,39,download_mod,2026-01-02 13:19:00
122,442,48,like_mod,2026-01-02 13:20:00
520,203,14,like_mod,2026-01-02 13:21:00
779,293,14,view_mod,2026-01-02 13:22:00
576,117,23,view_mod,2026-01-02 13:23:00
377,402,36,view_mod,2026-01-02 13:24:00
963,4,39,view_mod,2026-01-02 13:25:00
182,304,31,download_mod,2026-01-02 13:26:00
1,76,19,download_mod,2026-01-02 13:27:00
681,28,43,view_mod,2026-01-02 13:28:00
923,35,6,like_mod,2026-01-02 13:29:00
794,165,22,view_mod,2026-01-02 13:30:00
72,396,39,download_mod,2026-01-02 13:31:00
609,493,22,view_mod,2026-01-02 13:32:00
788,377,35,view_mod,2026-01-02 13:33:00
7,31,24,view_mod,2026-01-02 13:34:00
332,383,19,view_mod,2026-01-02 13:35:00
490,157,12,like_mod,2026-01-02 13:36:00
621,18,45,view_mod,2026-01-02 13:37:00
633,272,22,download_mod,2026-01-02 13:38:00
180,69,49,view_mod,2026-01-02 13:39:00
820,41,16,view_mod,2026-01-02 13:40:00
778,42,26,view_mod,2026-01-02 13:41:00
847,298,42,download_mod,2026-01-02 13:42:00
656,498,9,view_mod,2026-01-02 13:43:00
407,348,28,download_mod,2026-01-02 13:44:00
401,365,40,download_mod,2026-01-02 13:45:00
491,227,28,download_mod,2026-01-02 13:46:00
781,449,18,download_mod,2026-01-02 13:47:00
687,188,21,view_mod,2026-01-02 13:48:00
245,356,31,view_mod,2026-01-02 13:49:00
307,360,38,view_mod,2026-01-02 13:50:00
846,382,38,download_mod,2026-01-02 13:51:00
558,379,1,download_mod,2026-01-02 13:52:00
401,405,17,view_mod,2026-01-02 13:53:00
362,223,30,view_mod,2026-01-02 13:54:00
391,201,5,view_mod,2026-01-02 13:55:00
13,206,3,view_mod,2026-01-02 13:56:00
203,293,43,view_mod,2026-01-02 13:57:00
986,101,34,download_mod,2026-01-02 13:58:00
424,302,47,like_mod,2026-01-02 13:59:00
364,59,40,view_mod,2026-01-02 14:00:00
380,269,15,download_mod,2026-01-02 14:01:00
640,94,24,view_mod,2026-01-02 14:02:00
331,2,18,download_mod,2026-01-02 14:03:00
399,453,15,view_mod,2026-01-02 14:04:00
616,423,48,download_mod,2026-01-02 14:05:00
375,271,41,download_mod,2026-01-02 14:06:00
914,69,24,view_mod,2026-01-02 14:07:00
524,299,42,like_mod,2026-01-02 14:08:00
444,347,12,upload_mod,2026-01-02 14:09:00
337,96,9,view_mod,2026-01-02 14:10:00
835,25,22,like_mod,2026-01-02 14:11:00
545,39,19,view_mod,2026-01-02 14:12:00
231,248,28,download_mod,2026-01-02 14:13:00
15,345,49,upload_mod,2026-01-02 14:14:00
551,237,20,download_mod,2026-01-02 14:15:00
359,363,23,upload_mod,2026-01-02 14:16:00
92,463,11,download_mod,2026-01-02 14:17:00
882,385,34,view_mod,2026-01-02 14:18:00
586,354,15,view_mod,2026-01-02 14:19:00
173,93,22,download_mod,2026-01-02 14:20:00
692,222,42,view_mod,2026-01-02 14:21:00
98,63,6,view_mod,2026-01-02 14:22:00
850,215,23,download_mod,2026-01-02 14:23:00
393,109,13,view_mod,2026-01-02 14:24:00
762,462,28,like_mod,2026-01-02 14:25:00
295,290,21,like_mod,2026-01-02 14:26:00
770,284,40,like_mod,2026-01-02 14:27:00
71,305,9,view_mod,2026-01-02 14:28:00
507,495,12,upload_mod,2026-01-02 14:29:00
978,443,3,view_mod,2026-01-02 14:30:00
655,29,6,download_mod,2026-01-02 14:31:00
354,240,39,like_mod,2026-01-02 14:32:00
956,55,48,view_mod,2026-01-02 14:33:00
500,123,31,view_mod,2026-01-02 14:34:00
624,134,19,view_mod,2026-01-02 14:35:00
877,318,32,view_mod,2026-01-02 14:36:00
934,323,19,view_mod,2026-01-02 14:37:00
991,116,21,view_mod,2026-01-02 14:38:00
547,498,6,download_mod,2026-01-02 14:39:00
193,158,44,view_mod,2026-01-02 14:40:00
102,11,44,view_mod,2026-01-02 14:41:00
446,188,38,like_mod,2026-01-02 14:42:00
551,40,29,view_mod,2026-01-02 14:43:00
638,213,48,view_mod,2026-01-02 14:44:00
86,422,8,download_mod,2026-01-02 14:45:00
980,173,20,like_mod,2026-01-02 14:46:00
159,290,22,view_mod,2026-01-02 14:47:00
10,485,1,view_mod,2026-01-02 14:48:00
146,435,7,download_mod,2026-01-02 14:49:00
502,351,40,download_mod,2026-01-02 14:50:00
687,59,43,upload_mod,2026-01-02 14:51:00
608,39,21,download_mod,2026-01-02 14:52:00
779,21,11,view_mod,2026-01-02 14:53:00
682,399,24,upload_mod,2026-01-02 14:54:00
661,468,3,view_mod,2026-01-02 14:55:00
58,65,32,download_mod,2026-01-02 14:56:00
534,2,48,view_mod,2026-01-02 14:57:00
364,386,32,download_mod,2026-01-02 14:58:00
478,256,25,download_mod,2026-01-02 14:59:00
291,134,41,view_mod,2026-01-02 15:00:00
241,285,28,download_mod,2026-01-02 15:01:00
381,224,25,view_mod,2026-01-02 15:02:00
483,7,44,download_mod,2026-01-02 15:03:00
815,455,30,view_mod,2026-01-02 15:04:00
715,151,48,like_mod,2026-01-02 15:05:00
682,288,26,view_mod,2026-01-02 15:06:00
48,219,6,like_mod,2026-01-02 15:07:00
309,9,26,download_mod,2026-01-02 15:08:00
754,405,24,upload_mod,2026-01-02 15:09:00
576,407,31,upload_mod,2026-01-02 15:10:00
812,446,20,view_mod,2026-01-02 15:11:00
131,476,32,download_mod,2026-01-02 15:12:00
854,303,34,download_mod,2026-01-02 15:13:00
117,251,30,like_mod,2026-01-02 15:14:00
639,26,42,view_mod,2026-01-02 15:15:00
507,372,47,like_mod,2026-01-02 15:16:00
266,432,10,view_mod,2026-01-02 15:17:00
276,383,19,download_mod,2026-01-02 15:18:00
163,185,24,download_mod,2026-01-02 15:19:00
2,80,41,view_mod,2026-01-02 15:20:00
817,479,8,view_mod,2026-01-02 15:21:00
351,448,7,view_mod,2026-01-02 15:22:00
320,240,49,download_mod,2026-01-02 15:23:00
150,114,38,download_mod,2026-01-02 15:24:00
766,88,28,view_mod,2026-01-02 15:25:00
525,34,24,view_mod,2026-01-02 15:26:00
658,139,30,upload_mod,2026-01-02 15:27:00
910,339,24,view_mod,2026-01-02 15:28:00
744,130,42,view_mod,2026-01-02 15:29:00
520,224,26,download_mod,2026-01-02 15:30:00
398,156,18,view_mod,2026-01-02 15:31:00
571,106,15,download_mod,2026-01-02 15:32:00
934,402,5,download_mod,2026-01-02 15:33:00
406,212,9,view_mod,2026-01-02 15:34:00
173,142,7,upload_mod,2026-01-02 15:35:00
811,201,21,upload_mod,2026-01-02 15:36:00
961,28,44,download_mod,2026-01-02 15:37:00
571,249,35,download_mod,2026-01-02 15:38:00
923,55,48,download_mod,2026-01-02 15:39:00
948,333,9,view_mod,2026-01-02 15:40:00
194,492,32,like_mod,2026-01-02 15:41:00
103,448,41,download_mod,2026-01-02 15:42:00
463,440,33,view_mod,2026-01-02 15:43:00
109,26,10,download_mod,2026-01-02 15:44:00
11,214,22,like_mod,2026-01-02 15:45:00
918,183,22,download_mod,2026-01-02 15:46:00
59,381,14,upload_mod,2026-01-02 15:47:00
585,6,44,view_mod,2026-01-02 15:48:00
947,168,5,view_mod,2026-01-02 15:49:00
582,482,46,view_mod,2026-01-02 15:50:00
616,437,30,view_mod,2026-01-02 15:51:00
596,112,37,view_mod,2026-01-02 15:52:00
222,451,8,download_mod,2026-01-02 15:53:00
687,446,46,view_mod,2026-01-02 15:54:00
889,48,40,view_mod,2026-01-02 15:55:00
552,423,35,view_mod,2026-01-02 15:56:00
810,342,39,view_mod,2026-01-02 15:57:00
958,166,36,view_mod,2026-01-02 15:58:00
649,216,38,download_mod,2026-01-02 15:59:00
379,9,38,view_mod,2026-01-02 16:00:00
728,192,7,view_mod,2026-01-02 16:01:00
540,312,8,view_mod,2026-01-02 16:02:00
487,121,18,download_mod,2026-01-02 16:03:00
693,442,47,view_mod,2026-01-02 16:04:00
192,474,48,view_mod,2026-01-02 16:05:00
140,93,42,download_mod,2026-01-02 16:06:00
433,254,9,view_mod,2026-01-02 16:07:00
240,60,3,view_mod,2026-01-02 16:08:00
502,82,39,view_mod,2026-01-02 16:09:00
434,346,10,download_mod,2026-01-02 16:10:00
400,78,36,view_mod,2026-01-02 16:11:00
221,185,27,upload_mod,2026-01-02 16:12:00
810,87,2,upload_mod,2026-01-02 16:13:00
751,364,46,like_mod,2026-01-02 16:14:00
65,32,10,view_mod,2026-01-02 16:15:00
97,33,40,like_mod,2026-01-02 16:16:00
890,252,47,view_mod,2026-01-02 16:17:00
429,121,17,download_mod,2026-01-02 16:18:00
231,270,4,view_mod,2026-01-02 16:19:00
207,200,11,view_mod,2026-01-02 16:20:00
627,231,7,view_mod,2026-01-02 16:21:00
541,198,11,view_mod,2026-01-02 16:22:00
741,25,45,download_mod,2026-01-02 16:23:00
138,143,35,view_mod,2026-01-02 16:24:00
708,109,24,view_mod,2026-01-02 16:25:00
986,232,3,view_mod,2026-01-02 16:26:00
256,203,35,view_mod,2026-01-02 16:27:00
86,191,5,download_mod,2026-01-02 16:28:00
191,364,10,download_mod,2026-01-02 16:29:00
864,94,47,view_mod,2026-01-02 16:30:00
474,122,11,view_mod,2026-01-02 16:31:00
697,449,46,view_mod,2026-01-02 16:32:00
320,457,11,like_mod,2026-01-02 16:33:00
490,122,43,view_mod,2026-01-02 16:34:00
909,253,5,view_mod,2026-01-02 16:35:00
24,403,19,view_mod,2026-01-02 16:36:00
255,32,29,download_mod,2026-01-02 16:37:00
875,291,16,like_mod,2026-01-02 16:38:00
188,273,13,upload_mod,2026-01-02 16:39:00
329,229,37,download_mod,2026-01-02 16:40:00
892,13,18,view_mod,2026-01-02 16:41:00
443,10,34,upload_mod,2026-01-02 16:42:00
838,127,29,download_mod,2026-01-02 16:43:00
341,91,1,like_mod,2026-01-02 16:44:00
229,220,32,view_mod,2026-01-02 16:45:00
160,271,26,view_mod,2026-01-02 16:46:00
536,132,47,view_mod,2026-01-02 16:47:00
596,191,25,download_mod,2026-01-02 16:48:00
650,179,42,like_mod,2026-01-02 16:49:00
225,150,5,view_mod,2026-01-02 16:50:00
166,105,25,download_mod,2026-01-02 16:51:00
596,258,43,view_mod,2026-01-02 16:52:00
540,37,22,like_mod,2026-01-02 16:53:00
930,146,25,view_mod,2026-01-02 16:54:00
234,73,19,view_mod,2026-01-02 16:55:00
658,105,2,upload_mod,2026-01-02 16:56:00
931,308,5,download_mod,2026-01-02 16:57:00
264,497,39,view_mod,2026-01-02 16:58:00
759,201,7,download_mod,2026-01-02 16:59:00
186,25,33,download_mod,2026-01-02 17:00:00
16,341,30,view_mod,2026-01-02 17:01:00
906,299,17,upload_mod,2026-01-02 17:02:00
923,50,30,view_mod,2026-01-02 17:03:00
480,50,11,view_mod,2026-01-02 17:04:00
219,426,11,upload_mod,2026-01-02 17:05:00
973,144,34,like_mod,2026-01-02 17:06:00
815,297,36,view_mod,2026-01-02 17:07:00
597,28,8,view_mod,2026-01-02 17:08:00
910,453,46,download_mod,2026-01-02 17:09:00
737,462,11,download_mod,2026-01-02 17:10:00
482,417,20,view_mod,2026-01-02 17:11:00
490,458,41,view_mod,2026-01-02 17:12:00
366,84,17,view_mod,2026-01-02 17:13:00
778,135,37,like_mod,2026-01-02 17:14:00
150,117,15,upload_mod,2026-01-02 17:15:00
111,364,6,download_mod,2026-01-02 17:16:00
830,46,31,view_mod,2026-01-02 17:17:00
749,441,47,download_mod,2026-01-02 17:18:00
885,490,9,view_mod,2026-01-02 17:19:00
822,344,42,view_mod,2026-01-02 17:20:00
143,239,22,download_mod,2026-01-02 17:21:00
714,217,37,view_mod,2026-01-02 17:22:00
970,132,3,view_mod,2026-01-02 17:23:00
695,210,40,view_mod,2026-01-02 17:24:00
18,386,31,view_mod,2026-01-02 17:25:00
556,47,34,download_mod,2026-01-02 17:26:00
602,240,41,like_mod,2026-01-02 17:27:00
522,151,12,download_mod,2026-01-02 17:28:00
62,425,35,view_mod,2026-01-02 17:29:00
202,327,49,download_mod,2026-01-02 17:30:00
167,136,9,view_mod,2026-01-02 17:31:00
408,110,42,view_mod,2026-01-02 17:32:00
379,417,9,view_mod,2026-01-02 17:33:00
758,424,23,download_mod,2026-01-02 17:34:00
198,233,30,download_mod,2026-01-02 17:35:00
493,235,1,download_mod,2026-01-02 17:36:00
995,439,32,download_mod,2026-01-02 17:37:00
537,230,18,view_mod,2026-01-02 17:38:00
545,162,47,like_mod,2026-01-02 17:39:00
749,104,36,view_mod,2026-01-02 17:40:00
903,152,22,view_mod,2026-01-02 17:41:00
433,335,38,view_mod,2026-01-02 17:42:00
578,184,20,download_mod,2026-01-02 17:43:00
256,151,35,download_mod,2026-01-02 17:44:00
999,350,41,download_mod,2026-01-02 17:45:00
527,498,44,download_mod,2026-01-02 17:46:00
131,468,23,view_mod,2026-01-02 17:47:00
378,78,10,view_mod,2026-01-02 17:48:00
951,236,30,upload_mod,2026-01-02 17:49:00
169,137,47,download_mod,2026-01-02 17:50:00
253,416,38,view_mod,2026-01-02 17:51:00
620,110,15,download_mod,2026-01-02 17:52:00
102,396,38,view_mod,2026-01-02 17:53:00
171,211,38,view_mod,2026-01-02 17:54:00
446,37,25,view_mod,2026-01-02 17:55:00
404,35,3,view_mod,2026-01-02 17:56:00
250,394,6,view_mod,2026-01-02 17:57:00
559,487,27,view_mod,2026-01-02 17:58:00
265,115,38,view_mod,2026-01-02 17:59:00
614,344,29,download_mod,2026-01-02 18:00:00
589,391,9,download_mod,2026-01-02 18:01:00
871,11,2,upload_mod,2026-01-02 18:02:00
904,305,21,upload_mod,2026-01-02 18:03:00
393,26,23,like_mod,2026-01-02 18:04:00
588,480,24,view_mod,2026-01-02 18:05:00
85,297,23,upload_mod,2026-01-02 18:06:00
177,65,10,view_mod,2026-01-02 18:07:00
250,190,11,view_mod,2026-01-02 18:08:00
532,74,30,upload_mod,2026-01-02 18:09:00
746,177,26,view_mod,2026-01-02 18:10:00
277,428,45,view_mod,2026-01-02 18:11:00
953,338,44,download_mod,2026-01-02 18:12:00
566,256,16,upload_mod,2026-01-02 18:13:00
161,396,31,view_mod,2026-01-02 18:14:00
598,138,6,download_mod,2026-01-02 18:15:00
600,487,1,download_mod,2026-01-02 18:16:00
833,468,7,download_mod,2026-01-02 18:17:00
617,220,37,like_mod,2026-01-02 18:18:00
268,380,25,download_mod,2026-01-02 18:19:00
148,226,12,view_mod,2026-01-02 18:20:00
244,211,43,view_mod,2026-01-02 18:21:00
578,478,35,download_mod,2026-01-02 18:22:00
29,483,44,view_mod,2026-01-02 18:23:00
242,26,36,view_mod,2026-01-02 18:24:00
379,241,2,upload_mod,2026-01-02 18:25:00
741,129,16,view_mod,2026-01-02 18:26:00
82,117,43,like_mod,2026-01-02 18:27:00
877,149,25,download_mod,2026-01-02 18:28:00
406,418,24,view_mod,2026-01-02 18:29:00
250,479,16,view_mod,2026-01-02 18:30:00
677,435,7,download_mod,2026-01-02 18:31:00
231,479,9,like_mod,2026-01-02 18:32:00
451,144,47,view_mod,2026-01-02 18:33:00
682,147,17,download_mod,2026-01-02 18:34:00
417,274,19,download_mod,2026-01-02 18:35:00
584,414,40,view_mod,2026-01-02 18:36:00
275,146,24,view_mod,2026-01-02 18:37:00
836,13,15,download_mod,2026-01-02 18:38:00
958,227,25,view_mod,2026-01-02 18:39:00
66,242,47,download_mod,2026-01-02 18:40:00
656,264,46,like_mod,2026-01-02 18:41:00
403,387,5,view_mod,2026-01-02 18:42:00
27,300,28,view_mod,2026-01-02 18:43:00
586,363,37,upload_mod,2026-01-02 18:44:00
287,290,1,download_mod,2026-01-02 18:45:00
863,214,30,upload_mod,2026-01-02 18:46:00
673,447,45,view_mod,2026-01-02 18:47:00
787,314,34,upload_mod,2026-01-02 18:48:00
717,454,4,view_mod,2026-01-02 18:49:00
979,284,21,download_mod,2026-01-02 18:50:00
670,225,21,upload_mod,2026-01-02 18:51:00
643,57,14,view_mod,2026-01-02 18:52:00
769,213,14,download_mod,2026-01-02 18:53:00
572,230,16,upload_mod,2026-01-02 18:54:00
178,331,33,download_mod,2026-01-02 18:55:00
45,299,48,view_mod,2026-01-02 18:56:00
195,499,18,view_mod,2026-01-02 18:57:00
650,397,29,view_mod,2026-01-02 18:58:00
121,63,2,view_mod,2026-01-02 18:59:00
810,459,37,view_mod,2026-01-02 19:00:00
321,85,14,like_mod,2026-01-02 19:01:00
194,194,30,download_mod,2026-01-02 19:02:00
917,237,36,view_mod,2026-01-02 19:03:00
797,72,35,download_mod,2026-01-02 19:04:00
733,340,25,download_mod,2026-01-02 19:05:00
984,348,22,view_mod,2026-01-02 19:06:00
287,492,33,download_mod,2026-01-02 19:07:00
97,101,7,view_mod,2026-01-02 19:08:00
115,221,11,view_mod,2026-01-02 19:09:00
913,490,25,upload_mod,2026-01-02 19:10:00
624,340,44,view_mod,2026-01-02 19:11:00
104,185,23,like_mod,2026-01-02 19:12:00
500,188,23,view_mod,2026-01-02 19:13:00
666,211,19,upload_mod,2026-01-02 19:14:00
648,492,8,like_mod,2026-01-02 19:15:00
880,88,18,view_mod,2026-01-02 19:16:00
666,239,29,like_mod,2026-01-02 19:17:00
386,104,9,download_mod,2026-01-02 19:18:00
198,292,11,view_mod,2026-01-02 19:19:00
881,199,15,download_mod,2026-01-02 19:20:00
104,243,29,download_mod,2026-01-02 19:21:00
14,153,10,view_mod,2026-01-02 19:22:00
888,343,23,download_mod,2026-01-02 19:23:00
712,106,11,like_mod,2026-01-02 19:24:00
875,33,48,view_mod,2026-01-02 19:25:00
832,319,25,download_mod,2026-01-02 19:26:00
51,294,20,view_mod,2026-01-02 19:27:00
899,148,5,upload_mod,2026-01-02 19:28:00
284,463,11,download_mod,2026-01-02 19:29:00
234,54,48,view_mod,2026-01-02 19:30:00
425,294,33,view_mod,2026-01-02 19:31:00
458,437,1,view_mod,2026-01-02 19:32:00
967,280,3,view_mod,2026-01-02 19:33:00
513,401,10,view_mod,2026-01-02 19:34:00
366,233,44,like_mod,2026-01-02 19:35:00
557,387,44,download_mod,2026-01-02 19:36:00
682,125,26,download_mod,2026-01-02 19:37:00
482,370,22,download_mod,2026-01-02 19:38:00
729,172,42,download_mod,2026-01-02 19:39:00
870,204,39,view_mod,2026-01-02 19:40:00
262,71,10,view_mod,2026-01-02 19:41:00
454,183,20,view_mod,2026-01-02 19:42:00
165,210,21,like_mod,2026-01-02 19:43:00
896,134,13,view_mod,2026-01-02 19:44:00
376,98,31,download_mod,2026-01-02 19:45:00
847,369,41,download_mod,2026-01-02 19:46:00
167,92,39,view_mod,2026-01-02 19:47:00
843,306,43,download_mod,2026-01-02 19:48:00
794,72,35,download_mod,2026-01-02 19:49:00
569,374,26,view_mod,2026-01-02 19:50:00
691,439,44,view_mod,2026-01-02 19:51:00
331,411,6,view_mod,2026-01-02 19:52:00
526,44,16,view_mod,2026-01-02 19:53:00
32,244,25,view_mod,2026-01-02 19:54:00
731,37,26,view_mod,2026-01-02 19:55:00
418,300,1,view_mod,2026-01-02 19:56:00
913,492,35,view_mod,2026-01-02 19:57:00
887,299,8,view_mod,2026-01-02 19:58:00
954,148,34,download_mod,2026-01-02 19:59:00
516,231,6,view_mod,2026-01-02 20:00:00
438,482,39,upload_mod,2026-01-02 20:01:00
733,39,29,view_mod,2026-01-02 20:02:00
759,478,42,view_mod,2026-01-02 20:03:00
816,109,29,view_mod,2026-01-02 20:04:00
493,470,33,download_mod,2026-01-02 20:05:00
18,89,2,download_mod,2026-01-02 20:06:00
568,77,6,download_mod,2026-01-02 20:07:00
709,313,5,view_mod,2026-01-02 20:08:00
353,47,18,download_mod,2026-01-02 20:09:00
493,425,38,download_mod,2026-01-02 20:10:00
925,286,43,download_mod,2026-01-02 20:11:00
651,62,42,like_mod,2026-01-02 20:12:00
692,345,33,view_mod,2026-01-02 20:13:00
79,43,20,view_mod,2026-01-02 20:14:00
523,102,22,download_mod,2026-01-02 20:15:00
687,79,10,upload_mod,2026-01-02 20:16:00
67,484,14,view_mod,2026-01-02 20:17:00
984,19,44,view_mod,2026-01-02 20:18:00
203,10,37,view_mod,2026-01-02 20:19:00
130,450,31,upload_mod,2026-01-02 20:20:00
701,367,19,view_mod,2026-01-02 20:21:00
190,189,46,like_mod,2026-01-02 20:22:00
561,302,43,download_mod,2026-01-02 20:23:00
670,33,2,download_mod,2026-01-02 20:24:00
229,56,28,view_mod,2026-01-02 20:25:00
285,377,44,download_mod,2026-01-02 20:26:00
396,394,19,upload_mod,2026-01-02 20:27:00
441,360,9,download_mod,2026-01-02 20:28:00
435,17,8,view_mod,2026-01-02 20:29:00
189,311,43,upload_mod,2026-01-02 20:30:00
186,498,19,view_mod,2026-01-02 20:31:00
604,460,47,upload_mod,2026-01-02 20:32:00
589,498,32,download_mod,2026-01-02 20:33:00
482,372,37,view_mod,2026-01-02 20:34:00
202,210,36,like_mod,2026-01-02 20:35:00
459,55,7,view_mod,2026-01-02 20:36:00
251,469,17,view_mod,2026-01-02 20:37:00
75,103,48,download_mod,2026-01-02 20:38:00
98,478,39,download_mod,2026-01-02 20:39:00
587,317,4,like_mod,2026-01-02 20:40:00
907,72,37,like_mod,2026-01-02 20:41:00
647,28,25,download_mod,2026-01-02 20:42:00
262,322,28,view_mod,2026-01-02 20:43:00
164,245,3,view_mod,2026-01-02 20:44:00
547,23,9,view_mod,2026-01-02 20:45:00
691,21,18,upload_mod,2026-01-02 20:46:00
667,49,35,view_mod,2026-01-02 20:47:00
73,361,12,view_mod,2026-01-02 20:48:00
936,59,40,download_mod,2026-01-02 20:49:00
539,199,10,view_mod,2026-01-02 20:50:00
650,113,34,download_mod,2026-01-02 20:51:00
566,412,48,upload_mod,2026-01-02 20:52:00
925,144,24,view_mod,2026-01-02 20:53:00
277,190,24,view_mod,2026-01-02 20:54:00
398,126,49,upload_mod,2026-01-02 20:55:00
69,110,49,view_mod,2026-01-02 20:56:00
591,419,12,download_mod,2026-01-02 20:57:00
715,361,26,view_mod,2026-01-02 20:58:00
270,194,9,download_mod,2026-01-02 20:59:00
369,227,21,view_mod,2026-01-02 21:00:00
628,174,23,view_mod,2026-01-02 21:01:00
30,76,10,view_mod,2026-01-02 21:02:00
343,157,20,view_mod,2026-01-02 21:03:00
399,426,15,upload_mod,2026-01-02 21:04:00
890,361,14,view_mod,2026-01-02 21:05:00
798,405,45,view_mod,2026-01-02 21:06:00
372,173,35,download_mod,2026-01-02 21:07:00
654,34,1,upload_mod,2026-01-02 21:08:00
773,497,4,upload_mod,2026-01-02 21:09:00
80,124,15,download_mod,2026-01-02 21:10:00
218,55,13,view_mod,2026-01-02 21:11:00
774,49,19,view_mod,2026-01-02 21:12:00
924,458,28,like_mod,2026-01-02 21:13:00
374,458,32,like_mod,2026-01-02 21:14:00
969,329,10,view_mod,2026-01-02 21:15:00
968,469,43,download_mod,2026-01-02 21:16:00
511,306,39,like_mod,2026-01-02 21:17:00
433,228,36,like_mod,2026-01-02 21:18:00
815,29,14,view_mod,2026-01-02 21:19:00
573,208,21,view_mod,2026-01-02 21:20:00
716,475,10,like_mod,2026-01-02 21:21:00
836,314,17,download_mod,2026-01-02 21:22:00
957,400,39,view_mod,2026-01-02 21:23:00
432,339,47,download_mod,2026-01-02 21:24:00
616,254,10,download_mod,2026-01-02 21:25:00
288,313,27,view_mod,2026-01-02 21:26:00
282,68,24,view_mod,2026-01-02 21:27:00
161,210,8,like_mod,2026-01-02 21:28:00
443,291,19,view_mod,2026-01-02 21:29:00
176,344,15,download_mod,2026-01-02 21:30:00
342,482,33,download_mod,2026-01-02 21:31:00
691,47,7,view_mod,2026-01-02 21:32:00
268,438,29,view_mod,2026-01-02 21:33:00
712,367,15,download_mod,2026-01-02 21:34:00
681,41,44,view_mod,2026-01-02 21:35:00
955,371,30,download_mod,2026-01-02 21:36:00
58,272,34,like_mod,2026-01-02 21:37:00
408,179,26,like_mod,2026-01-02 21:38:00
726,151,12,view_mod,2026-01-02 21:39:00
18,399,32,upload_mod,2026-01-02 21:40:00
267,188,41,upload_mod,2026-01-02 21:41:00
177,154,35,download_mod,2026-01-02 21:42:00
942,421,37,view_mod,2026-01-02 21:43:00
36,37,30,view_mod,2026-01-02 21:44:00
109,302,7,download_mod,2026-01-02 21:45:00
725,282,2,download_mod,2026-01-02 21:46:00
922,392,46,view_mod,2026-01-02 21:47:00
962,363,11,view_mod,2026-01-02 21:48:00
853,93,44,download_mod,2026-01-02 21:49:00
917,153,13,view_mod,2026-01-02 21:50:00
119,15,29,view_mod,2026-01-02 21:51:00
428,469,19,like_mod,2026-01-02 21:52:00
137,256,3,view_mod,2026-01-02 21:53:00
432,287,34,view_mod,2026-01-02 21:54:00
847,414,17,download_mod,2026-01-02 21:55:00
852,145,37,view_mod,2026-01-02 21:56:00
655,468,15,upload_mod,2026-01-02 21:57:00
323,431,21,view_mod,2026-01-02 21:58:00
870,422,6,download_mod,2026-01-02 21:59:00
420,185,16,view_mod,2026-01-02 22:00:00
610,282,40,view_mod,2026-01-02 22:01:00
147,181,35,view_mod,2026-01-02 22:02:00
381,29,43,upload_mod,2026-01-02 22:03:00
310,353,20,download_mod,2026-01-02 22:04:00
333,216,20,view_mod,2026-01-02 22:05:00
60,177,37,view_mod,2026-01-02 22:06:00
853,151,39,view_mod,2026-01-02 22:07:00
869,180,5,view_mod,2026-01-02 22:08:00
551,242,49,view_mod,2026-01-02 22:09:00
866,37,47,view_mod,2026-01-02 22:10:00
707,208,15,upload_mod,2026-01-02 22:11:00
389,270,25,like_mod,2026-01-02 22:12:00
694,320,11,view_mod,2026-01-02 22:13:00
469,214,9,view_mod,2026-01-02 22:14:00
670,345,45,upload_mod,2026-01-02 22:15:00
52,189,44,view_mod,2026-01-02 22:16:00
470,207,3,download_mod,2026-01-02 22:17:00
175,205,23,view_mod,2026-01-02 22:18:00
951,266,29,view_mod,2026-01-02 22:19:00
771,21,40,like_mod,2026-01-02 22:20:00
30,197,39,view_mod,2026-01-02 22:21:00
523,475,39,download_mod,2026-01-02 22:22:00
953,89,49,download_mod,2026-01-02 22:23:00
693,9,13,view_mod,2026-01-02 22:24:00
198,239,39,download_mod,2026-01-02 22:25:00
909,344,8,download_mod,2026-01-02 22:26:00
45,446,45,view_mod,2026-01-02 22:27:00
114,364,17,download_mod,2026-01-02 22:28:00
487,378,17,view_mod,2026-01-02 22:29:00
134,36,11,upload_mod,2026-01-02 22:30:00
585,10,17,download_mod,2026-01-02 22:31:00
842,180,43,view_mod,2026-01-02 22:32:00
364,102,37,view_mod,2026-01-02 22:33:00
309,429,46,view_mod,2026-01-02 22:34:00
34,467,33,download_mod,2026-01-02 22:35:00
682,22,44,upload_mod,2026-01-02 22:36:00
460,316,40,like_mod,2026-01-02 22:37:00
944,422,24,view_mod,2026-01-02 22:38:00
662,312,42,view_mod,2026-01-02 22:39:00
190,22,49,download_mod,2026-01-02 22:40:00
393,31,16,view_mod,2026-01-02 22:41:00
30,74,33,upload_mod,2026-01-02 22:42:00
425,13,22,like_mod,2026-01-02 22:43:00
776,457,2,download_mod,2026-01-02 22:44:00
563,305,23,view_mod,2026-01-02 22:45:00
283,497,15,download_mod,2026-01-02 22:46:00
107,413,26,view_mod,2026-01-02 22:47:00
338,283,17,like_mod,2026-01-02 22:48:00
426,476,1,upload_mod,2026-01-02 22:49:00
321,211,36,view_mod,2026-01-02 22:50:00
270,308,16,download_mod,2026-01-02 22:51:00
219,308,7,view_mod,2026-01-02 22:52:00
561,116,34,view_mod,2026-01-02 22:53:00
801,411,6,view_mod,2026-01-02 22:54:00
662,283,44,view_mod,2026-01-02 22:55:00
568,289,24,download_mod,2026-01-02 22:56:00
695,384,4,download_mod,2026-01-02 22:57:00
17,330,23,like_mod,2026-01-02 22:58:00
856,10,6,download_mod,2026-01-02 22:59:00
511,374,16,upload_mod,2026-01-02 23:00:00
807,245,33,download_mod,2026-01-02 23:01:00
892,59,35,download_mod,2026-01-02 23:02:00
704,49,7,like_mod,2026-01-02 23:03:00
198,144,13,upload_mod,2026-01-02 23:04:00
9,357,15,download_mod,2026-01-02 23:05:00
758,222,34,view_mod,2026-01-02 23:06:00
544,413,19,view_mod,2026-01-02 23:07:00
73,17,37,view_mod,2026-01-02 23:08:00
59,169,49,download_mod,2026-01-02 23:09:00
341,405,18,download_mod,2026-01-02 23:10:00
427,109,27,download_mod,2026-01-02 23:11:00
387,38,45,view_mod,2026-01-02 23:12:00
174,486,30,view_mod,2026-01-02 23:13:00
281,164,42,view_mod,2026-01-02 23:14:00
955,232,35,download_mod,2026-01-02 23:15:00
113,63,12,download_mod,2026-01-02 23:16:00
793,206,32,view_mod,2026-01-02 23:17:00
930,132,47,view_mod,2026-01-02 23:18:00
804,186,41,upload_mod,2026-01-02 23:19:00
882,189,43,download_mod,2026-01-02 23:20:00
288,104,28,view_mod,2026-01-02 23:21:00
848,290,42,download_mod,2026-01-02 23:22:00
528,405,44,download_mod,2026-01-02 23:23:00
66,290,9,view_mod,2026-01-02 23:24:00
383,100,10,like_mod,2026-01-02 23:25:00
648,387,17,like_mod,2026-01-02 23:26:00
4,209,13,upload_mod,2026-01-02 23:27:00
409,235,32,download_mod,2026-01-02 23:28:00
489,392,22,view_mod,2026-01-02 23:29:00
389,292,6,view_mod,2026-01-02 23:30:00
557,485,13,view_mod,2026-01-02 23:31:00
296,216,36,download_mod,2026-01-02 23:32:00
225,202,22,upload_mod,2026-01-02 23:33:00
942,59,26,upload_mod,2026-01-02 23:34:00
533,454,17,view_mod,2026-01-02 23:35:00
669,424,49,upload_mod,2026-01-02 23:36:00
945,315,44,view_mod,2026-01-02 23:37:00
958,53,29,upload_mod,2026-01-02 23:38:00
260,473,2,download_mod,2026-01-02 23:39:00
559,343,46,view_mod,2026-01-02 23:40:00
982,167,45,view_mod,2026-01-02 23:41:00
300,391,21,view_mod,2026-01-02 23:42:00
177,88,41,download_mod,2026-01-02 23:43:00
760,400,28,view_mod,2026-01-02 23:44:00
550,270,14,view_mod,2026-01-02 23:45:00
724,348,46,view_mod,2026-01-02 23:46:00
618,111,8,view_mod,2026-01-02 23:47:00
146,334,31,view_mod,2026-01-02 23:48:00
313,119,43,view_mod,2026-01-02 23:49:00
665,348,49,view_mod,2026-01-02 23:50:00
294,430,6,like_mod,2026-01-02 23:51:00
984,135,43,view_mod,2026-01-02 23:52:00
759,342,23,view_mod,2026-01-02 23:53:00
81,280,46,view_mod,2026-01-02 23:54:00
89,300,40,view_mod,2026-01-02 23:55:00
955,268,6,upload_mod,2026-01-02 23:56:00
831,328,23,like_mod,2026-01-02 23:57:00
894,311,33,view_mod,2026-01-02 23:58:00
202,29,38,view_mod,2026-01-02 23:59:00
908,342,22,view_mod,2026-01-03 00:00:00
646,290,6,view_mod,2026-01-03 00:01:00
924,48,7,view_mod,2026-01-03 00:02:00
981,199,45,download_mod,2026-01-03 00:03:00
322,476,9,view_mod,2026-01-03 00:04:00
377,462,31,view_mod,2026-01-03 00:05:00
218,96,8,upload_mod,2026-01-03 00:06:00
997,341,29,view_mod,2026-01-03 00:07:00
1,84,12,like_mod,2026-01-03 00:08:00
135,21,47,view_mod,2026-01-03 00:09:00
385,362,41,upload_mod,2026-01-03 00:10:00
65,274,45,view_mod,2026-01-03 00:11:00
630,8,41,download_mod,2026-01-03 00:12:00
572,99,41,download_mod,2026-01-03 00:13:00
623,461,33,view_mod,2026-01-03 00:14:00
629,131,21,download_mod,2026-01-03 00:15:00
794,384,32,view_mod,2026-01-03 00:16:00
217,300,4,view_mod,2026-01-03 00:17:00
698,423,34,download_mod,2026-01-03 00:18:00
248,217,23,view_mod,2026-01-03 00:19:00
167,488,24,download_mod,2026-01-03 00:20:00
894,21,1,view_mod,2026-01-03 00:21:00
680,404,20,download_mod,2026-01-03 00:22:00
271,46,18,view_mod,2026-01-03 00:23:00
449,498,44,view_mod,2026-01-03 00:24:00
367,347,42,upload_mod,2026-01-03 00:25:00
406,349,8,download_mod,2026-01-03 00:26:00
479,10,49,download_mod,2026-01-03 00:27:00
904,173,7,view_mod,2026-01-03 00:28:00
167,361,14,view_mod,2026-01-03 00:29:00
680,169,6,view_mod,2026-01-03 00:30:00
837,230,7,like_mod,2026-01-03 00:31:00
194,477,16,view_mod,2026-01-03 00:32:00
69,350,26,view_mod,2026-01-03 00:33:00
727,246,25,view_mod,2026-01-03 00:34:00
412,253,45,download_mod,2026-01-03 00:35:00
605,383,40,view_mod,2026-01-03 00:36:00
952,161,25,download_mod,2026-01-03 00:37:00
852,133,21,download_mod,2026-01-03 00:38:00
744,226,2,view_mod,2026-01-03 00:39:00
116,451,15,view_mod,2026-01-03 00:40:00
752,400,16,download_mod,2026-01-03 00:41:00
525,76,9,view_mod,2026-01-03 00:42:00
682,417,8,view_mod,2026-01-03 00:43:00
517,329,1,download_mod,2026-01-03 00:44:00
232,6,13,view_mod,2026-01-03 00:45:00
908,350,47,view_mod,2026-01-03 00:46:00
675,185,17,upload_mod,2026-01-03 00:47:00
196,174,16,download_mod,2026-01-03 00:48:00
158,415,2,view_mod,2026-01-03 00:49:00
898,306,3,view_mod,2026-01-03 00:50:00
294,366,36,view_mod,2026-01-03 00:51:00
683,365,5,download_mod,2026-01-03 00:52:00
950,66,40,view_mod,2026-01-03 00:53:00
261,282,45,upload_mod,2026-01-03 00:54:00
85,73,36,download_mod,2026-01-03 00:55:00
583,102,6,view_mod,2026-01-03 00:56:00
94,366,42,like_mod,2026-01-03 00:57:00
299,266,47,like_mod,2026-01-03 00:58:00
453,253,30,download_mod,2026-01-03 00:59:00
855,62,2,view_mod,2026-01-03 01:00:00
392,117,43,view_mod,2026-01-03 01:01:00
256,60,10,download_mod,2026-01-03 01:02:00
633,72,17,download_mod,2026-01-03 01:03:00
206,382,15,download_mod,2026-01-03 01:04:00
324,357,30,view_mod,2026-01-03 01:05:00
643,173,37,view_mod,2026-01-03 01:06:00
703,114,27,view_mod,2026-01-03 01:07:00
101,29,35,view_mod,2026-01-03 01:08:00
174,127,31,download_mod,2026-01-03 01:09:00
371,135,24,download_mod,2026-01-03 01:10:00
555,124,43,upload_mod,2026-01-03 01:11:00
409,144,18,upload_mod,2026-01-03 01:12:00
581,86,45,view_mod,2026-01-03 01:13:00
357,219,7,view_mod,2026-01-03 01:14:00
600,181,46,view_mod,2026-01-03 01:15:00
759,93,37,download_mod,2026-01-03 01:16:00
977,454,4,view_mod,2026-01-03 01:17:00
600,487,6,download_mod,2026-01-03 01:18:00
545,102,37,view_mod,2026-01-03 01:19:00
329,471,11,view_mod,2026-01-03 01:20:00
155,151,46,download_mod,2026-01-03 01:21:00
731,123,46,like_mod,2026-01-03 01:22:00
60,89,28,download_mod,2026-01-03 01:23:00
504,87,47,download_mod,2026-01-03 01:24:00
932,302,25,download_mod,2026-01-03 01:25:00
909,140,37,like_mod,2026-01-03 01:26:00
888,446,4,view_mod,2026-01-03 01:27:00
190,29,31,view_mod,2026-01-03 01:28:00
197,206,42,view_mod,2026-01-03 01:29:00
592,189,5,view_mod,2026-01-03 01:30:00
198,227,13,download_mod,2026-01-03 01:31:00
315,285,37,view_mod,2026-01-03 01:32:00
988,494,11,view_mod,2026-01-03 01:33:00
771,69,45,view_mod,2026-01-03 01:34:00
778,250,17,like_mod,2026-01-03 01:35:00
927,490,36,upload_mod,2026-01-03 01:36:00
965,27,31,view_mod,2026-01-03 01:37:00
809,433,39,view_mod,2026-01-03 01:38:00
877,352,45,view_mod,2026-01-03 01:39:00
960,162,41,view_mod,2026-01-03 01:40:00
340,450,33,download_mod,2026-01-03 01:41:00
431,316,23,like_mod,2026-01-03 01:42:00
185,117,10,download_mod,2026-01-03 01:43:00
388,359,16,view_mod,2026-01-03 01:44:00
430,350,9,view_mod,2026-01-03 01:45:00
184,259,20,view_mod,2026-01-03 01:46:00
371,74,22,upload_mod,2026-01-03 01:47:00
595,201,20,download_mod,2026-01-03 01:48:00
516,486,46,like_mod,2026-01-03 01:49:00
472,221,27,view_mod,2026-01-03 01:50:00
458,146,14,view_mod,2026-01-03 01:51:00
478,9,49,download_mod,2026-01-03 01:52:00
638,83,11,view_mod,2026-01-03 01:53:00
596,115,18,upload_mod,2026-01-03 01:54:00
18,418,32,like_mod,2026-01-03 01:55:00
156,358,24,download_mod,2026-01-03 01:56:00
845,39,33,download_mod,2026-01-03 01:57:00
374,476,37,view_mod,2026-01-03 01:58:00
584,404,1,view_mod,2026-01-03 01:59:00
985,286,48,view_mod,2026-01-03 02:00:00
644,46,40,download_mod,2026-01-03 02:01:00
178,199,37,view_mod,2026-01-03 02:02:00
256,278,47,view_mod,2026-01-03 02:03:00
746,274,29,download_mod,2026-01-03 02:04:00
196,100,45,like_mod,2026-01-03 02:05:00
906,298,26,view_mod,2026-01-03 02:06:00
849,62,3,view_mod,2026-01-03 02:07:00
703,345,37,download_mod,2026-01-03 02:08:00
555,251,20,download_mod,2026-01-03 02:09:00
776,333,2,view_mod,2026-01-03 02:10:00
99,366,10,view_mod,2026-01-03 02:11:00
848,486,43,view_mod,2026-01-03 02:12:00
993,16,3,like_mod,2026-01-03 02:13:00
911,257,2,upload_mod,2026-01-03 02:14:00
476,226,47,like_mod,2026-01-03 02:15:00
625,105,30,like_mod,2026-01-03 02:16:00
802,159,17,view_mod,2026-01-03 02:17:00
467,326,45,like_mod,2026-01-03 02:18:00
657,104,17,download_mod,2026-01-03 02:19:00
622,22,15,download_mod,2026-01-03 02:20:00
553,161,24,view_mod,2026-01-03 02:21:00
162,298,49,like_mod,2026-01-03 02:22:00
20,221,8,view_mod,2026-01-03 02:23:00
288,101,6,view_mod,2026-01-03 02:24:00
996,184,4,view_mod,2026-01-03 02:25:00
352,405,35,download_mod,2026-01-03 02:26:00
545,163,16,download_mod,2026-01-03 02:27:00
475,185,41,like_mod,2026-01-03 02:28:00
102,194,15,view_mod,2026-01-03 02:29:00
512,216,8,upload_mod,2026-01-03 02:30:00
744,224,32,view_mod,2026-01-03 02:31:00
198,443,37,like_mod,2026-01-03 02:32:00
397,262,14,download_mod,2026-01-03 02:33:00
995,366,35,view_mod,2026-01-03 02:34:00
883,27,38,like_mod,2026-01-03 02:35:00
679,167,19,like_mod,2026-01-03 02:36:00
54,36,47,view_mod,2026-01-03 02:37:00
369,300,42,view_mod,2026-01-03 02:38:00
861,204,47,view_mod,2026-01-03 02:39:00
342,437,9,upload_mod,2026-01-03 02:40:00
713,394,1,view_mod,2026-01-03 02:41:00
257,405,8,upload_mod,2026-01-03 02:42:00
179,411,1,view_mod,2026-01-03 02:43:00
225,388,6,view_mod,2026-01-03 02:44:00
182,63,3,view_mod,2026-01-03 02:45:00
860,211,34,download_mod,2026-01-03 02:46:00
319,481,26,view_mod,2026-01-03 02:47:00
811,55,44,view_mod,2026-01-03 02:48:00
535,266,10,upload_mod,2026-01-03 02:49:00
584,395,5,view_mod,2026-01-03 02:50:00
890,368,49,view_mod,2026-01-03 02:51:00
247,15,23,download_mod,2026-01-03 02:52:00
113,126,48,download_mod,2026-01-03 02:53:00
430,416,24,download_mod,2026-01-03 02:54:00
386,225,20,like_mod,2026-01-03 02:55:00
575,364,21,view_mod,2026-01-03 02:56:00
454,234,15,view_mod,2026-01-03 02:57:00
924,44,17,upload_mod,2026-01-03 02:58:00
496,361,27,download_mod,2026-01-03 02:59:00
878,192,9,view_mod,2026-01-03 03:00:00
560,117,34,upload_mod,2026-01-03 03:01:00
607,24,4,download_mod,2026-01-03 03:02:00
72,132,11,view_mod,2026-01-03 03:03:00
141,147,39,view_mod,2026-01-03 03:04:00
110,351,17,view_mod,2026-01-03 03:05:00
668,285,25,view_mod,2026-01-03 03:06:00
870,343,25,view_mod,2026-01-03 03:07:00
281,313,24,view_mod,2026-01-03 03:08:00
863,370,3,view_mod,2026-01-03 03:09:00
660,100,43,download_mod,2026-01-03 03:10:00
553,173,40,upload_mod,2026-01-03 03:11:00
634,240,27,view_mod,2026-01-03 03:12:00
868,286,35,like_mod,2026-01-03 03:13:00
412,359,41,like_mod,2026-01-03 03:14:00
653,6,39,download_mod,2026-01-03 03:15:00
263,202,6,view_mod,2026-01-03 03:16:00
667,380,20,view_mod,2026-01-03 03:17:00
409,268,22,view_mod,2026-01-03 03:18:00
602,76,23,view_mod,2026-01-03 03:19:00
381,187,14,download_mod,2026-01-03 03:20:00
377,285,17,view_mod,2026-01-03 03:21:00
294,313,17,upload_mod,2026-01-03 03:22:00
159,92,39,download_mod,2026-01-03 03:23:00
818,219,38,view_mod,2026-01-03 03:24:00
530,333,23,download_mod,2026-01-03 03:25:00
460,64,44,download_mod,2026-01-03 03:26:00
410,377,31,download_mod,2026-01-03 03:27:00
4,266,17,upload_mod,2026-01-03 03:28:00
672,319,12,view_mod,2026-01-03 03:29:00
245,339,31,download_mod,2026-01-03 03:30:00
722,88,13,view_mod,2026-01-03 03:31:00
120,223,21,upload_mod,2026-01-03 03:32:00
63,362,35,download_mod,2026-01-03 03:33:00
535,263,12,view_mod,2026-01-03 03:34:00
327,279,20,download_mod,2026-01-03 03:35:00
618,370,32,download_mod,2026-01-03 03:36:00
930,47,20,upload_mod,2026-01-03 03:37:00
319,345,25,view_mod,2026-01-03 03:38:00
541,410,48,download_mod,2026-01-03 03:39:00
588,85,21,upload_mod,2026-01-03 03:40:00
405,445,37,like_mod,2026-01-03 03:41:00
825,213,41,download_mod,2026-01-03 03:42:00
697,232,37,upload_mod,2026-01-03 03:43:00
24,495,27,like_mod,2026-01-03 03:44:00
281,271,38,view_mod,2026-01-03 03:45:00
252,325,10,view_mod,2026-01-03 03:46:00
58,277,45,view_mod,2026-01-03 03:47:00
590,18,2,view_mod,2026-01-03 03:48:00
71,236,26,download_mod,2026-01-03 03:49:00
914,166,1,download_mod,2026-01-03 03:50:00
108,292,9,download_mod,2026-01-03 03:51:00
946,323,12,like_mod,2026-01-03 03:52:00
868,160,20,view_mod,2026-01-03 03:53:00
958,4,20,view_mod,2026-01-03 03:54:00
42,47,2,upload_mod,2026-01-03 03:55:00
463,307,28,like_mod,2026-01-03 03:56:00
718,202,32,view_mod,2026-01-03 03:57:00
5,4,14,view_mod,2026-01-03 03:58:00
675,126,21,view_mod,2026-01-03 03:59:00
807,226,16,view_mod,2026-01-03 04:00:00
652,329,40,view_mod,2026-01-03 04:01:00
55,425,46,view_mod,2026-01-03 04:02:00
807,462,28,view_mod,2026-01-03 04:03:00
175,85,43,download_mod,2026-01-03 04:04:00
643,11,2,view_mod,2026-01-03 04:05:00
907,482,48,view_mod,2026-01-03 04:06:00
168,414,17,view_mod,2026-01-03 04:07:00
493,204,25,view_mod,2026-01-03 04:08:00
400,452,23,download_mod,2026-01-03 04:09:00
301,305,13,download_mod,2026-01-03 04:10:00
160,136,40,like_mod,2026-01-03 04:11:00
519,223,27,download_mod,2026-01-03 04:12:00
322,432,31,download_mod,2026-01-03 04:13:00
103,169,25,view_mod,2026-01-03 04:14:00
12,373,11,download_mod,2026-01-03 04:15:00
301,444,19,download_mod,2026-01-03 04:16:00
160,483,7,view_mod,2026-01-03 04:17:00
985,234,4,download_mod,2026-01-03 04:18:00
4,482,43,download_mod,2026-01-03 04:19:00
763,92,43,view_mod,2026-01-03 04:20:00
142,60,7,download_mod,2026-01-03 04:21:00
677,207,16,view_mod,2026-01-03 04:22:00
821,24,46,view_mod,2026-01-03 04:23:00
117,390,13,view_mod,2026-01-03 04:24:00
413,57,3,view_mod,2026-01-03 04:25:00
522,282,33,download_mod,2026-01-03 04:26:00
406,264,3,download_mod,2026-01-03 04:27:00
571,41,5,download_mod,2026-01-03 04:28:00
233,60,13,download_mod,2026-01-03 04:29:00
609,486,35,upload_mod,2026-01-03 04:30:00
938,45,27,download_mod,2026-01-03 04:31:00
255,284,5,view_mod,2026-01-03 04:32:00
330,55,32,upload_mod,2026-01-03 04:33:00
463,98,40,download_mod,2026-01-03 04:34:00
45,495,11,view_mod,2026-01-03 04:35:00
811,229,35,view_mod,2026-01-03 04:36:00
5,133,12,upload_mod,2026-01-03 04:37:00
606,174,3,download_mod,2026-01-03 04:38:00
263,392,17,view_mod,2026-01-03 04:39:00
418,394,15,download_mod,2026-01-03 04:40:00
923,365,12,view_mod,2026-01-03 04:41:00
620,134,5,view_mod,2026-01-03 04:42:00
453,134,28,upload_mod,2026-01-03 04:43:00
359,276,47,download_mod,2026-01-03 04:44:00
649,67,17,download_mod,2026-01-03 04:45:00
125,455,1,like_mod,2026-01-03 04:46:00
620,141,24,download_mod,2026-01-03 04:47:00
253,453,11,download_mod,2026-01-03 04:48:00
724,492,15,like_mod,2026-01-03 04:49:00
950,127,25,download_mod,2026-01-03 04:50:00
112,208,36,view_mod,2026-01-03 04:51:00
404,382,45,like_mod,2026-01-03 04:52:00
692,310,35,view_mod,2026-01-03 04:53:00
438,56,34,download_mod,2026-01-03 04:54:00
913,79,36,view_mod,2026-01-03 04:55:00
152,181,12,download_mod,2026-01-03 04:56:00
562,272,44,download_mod,2026-01-03 04:57:00
700,380,5,view_mod,2026-01-03 04:58:00
686,84,32,like_mod,2026-01-03 04:59:00
232,339,15,like_mod,2026-01-03 05:00:00
613,215,41,download_mod,2026-01-03 05:01:00
751,161,5,view_mod,2026-01-03 05:02:00
181,2,12,upload_mod,2026-01-03 05:03:00
576,249,49,view_mod,2026-01-03 05:04:00
48,159,27,download_mod,2026-01-03 05:05:00
871,31,24,download_mod,2026-01-03 05:06:00
419,409,32,download_mod,2026-01-03 05:07:00
5,225,10,download_mod,2026-01-03 05:08:00
601,168,36,view_mod,2026-01-03 05:09:00
816,226,42,view_mod,2026-01-03 05:10:00
267,307,4,download_mod,2026-01-03 05:11:00
720,326,29,upload_mod,2026-01-03 05:12:00
316,438,39,view_mod,2026-01-03 05:13:00
29,368,13,view_mod,2026-01-03 05:14:00
180,43,10,view_mod,2026-01-03 05:15:00
207,123,25,view_mod,2026-01-03 05:16:00
938,325,32,view_mod,2026-01-03 05:17:00
463,103,32,download_mod,2026-01-03 05:18:00
476,243,49,download_mod,2026-01-03 05:19:00
257,290,19,download_mod,2026-01-03 05:20:00
121,318,1,view_mod,2026-01-03 05:21:00
644,463,4,like_mod,2026-01-03 05:22:00
617,90,42,upload_mod,2026-01-03 05:23:00
274,467,34,view_mod,2026-01-03 05:24:00
470,458,32,view_mod,2026-01-03 05:25:00
748,61,35,view_mod,2026-01-03 05:26:00
212,3,24,view_mod,2026-01-03 05:27:00
840,155,26,upload_mod,2026-01-03 05:28:00
598,387,7,view_mod,2026-01-03 05:29:00
278,404,4,view_mod,2026-01-03 05:30:00
767,7,5,view_mod,2026-01-03 05:31:00
95,431,3,view_mod,2026-01-03 05:32:00
354,459,31,view_mod,2026-01-03 05:33:00
678,138,20,upload_mod,2026-01-03 05:34:00
125,137,24,download_mod,2026-01-03 05:35:00
45,216,29,view_mod,2026-01-03 05:36:00
575,35,22,like_mod,2026-01-03 05:37:00
492,252,2,view_mod,2026-01-03 05:38:00
137,283,26,view_mod,2026-01-03 05:39:00
642,226,20,download_mod,2026-01-03 05:40:00
296,341,30,view_mod,2026-01-03 05:41:00
807,55,26,view_mod,2026-01-03 05:42:00
231,491,16,view_mod,2026-01-03 05:43:00
672,159,43,view_mod,2026-01-03 05:44:00
362,35,20,view_mod,2026-01-03 05:45:00
276,217,16,view_mod,2026-01-03 05:46:00
684,145,9,like_mod,2026-01-03 05:47:00
432,13,39,view_mod,2026-01-03 05:48:00
30,425,20,view_mod,2026-01-03 05:49:00
386,111,10,view_mod,2026-01-03 05:50:00
399,243,18,like_mod,2026-01-03 05:51:00
636,371,41,view_mod,2026-01-03 05:52:00
987,322,49,view_mod,2026-01-03 05:53:00
541,169,33,view_mod,2026-01-03 05:54:00
559,91,40,upload_mod,2026-01-03 05:55:00
623,299,27,view_mod,2026-01-03 05:56:00
149,478,29,download_mod,2026-01-03 05:57:00
110,46,19,view_mod,2026-01-03 05:58:00
48,446,44,view_mod,2026-01-03 05:59:00
683,369,18,like_mod,2026-01-03 06:00:00
726,99,43,upload_mod,2026-01-03 06:01:00
998,60,12,like_mod,2026-01-03 06:02:00
653,248,28,view_mod,2026-01-03 06:03:00
648,278,14,download_mod,2026-01-03 06:04:00
919,379,43,download_mod,2026-01-03 06:05:00
533,55,39,download_mod,2026-01-03 06:06:00
78,223,25,view_mod,2026-01-03 06:07:00
801,53,1,view_mod,2026-01-03 06:08:00
200,212,9,like_mod,2026-01-03 06:09:00
903,61,21,view_mod,2026-01-03 06:10:00
642,124,17,download_mod,2026-01-03 06:11:00
210,265,35,like_mod,2026-01-03 06:12:00
159,461,20,view_mod,2026-01-03 06:13:00
101,294,31,view_mod,2026-01-03 06:14:00
627,401,32,view_mod,2026-01-03 06:15:00
947,408,30,like_mod,2026-01-03 06:16:00
192,272,28,like_mod,2026-01-03 06:17:00
673,61,7,upload_mod,2026-01-03 06:18:00
910,364,6,view_mod,2026-01-03 06:19:00
707,61,40,upload_mod,2026-01-03 06:20:00
778,255,5,view_mod,2026-01-03 06:21:00
262,359,33,view_mod,2026-01-03 06:22:00
865,51,7,download_mod,2026-01-03 06:23:00
25,364,32,download_mod,2026-01-03 06:24:00
122,245,20,view_mod,2026-01-03 06:25:00
152,97,13,download_mod,2026-01-03 06:26:00
793,480,49,view_mod,2026-01-03 06:27:00
11,389,15,view_mod,2026-01-03 06:28:00
283,46,34,view_mod,2026-01-03 06:29:00
158,175,42,view_mod,2026-01-03 06:30:00
293,390,7,download_mod,2026-01-03 06:31:00
558,341,23,like_mod,2026-01-03 06:32:00
719,222,23,download_mod,2026-01-03 06:33:00
169,30,33,upload_mod,2026-01-03 06:34:00
801,412,31,download_mod,2026-01-03 06:35:00
712,81,26,download_mod,2026-01-03 06:36:00
664,124,15,download_mod,2026-01-03 06:37:00
246,315,36,download_mod,2026-01-03 06:38:00
476,117,17,view_mod,2026-01-03 06:39:00
95,338,46,upload_mod,2026-01-03 06:40:00
576,137,36,view_mod,2026-01-03 06:41:00
686,443,10,view_mod,2026-01-03 06:42:00
238,366,37,view_mod,2026-01-03 06:43:00
671,446,41,download_mod,2026-01-03 06:44:00
754,248,26,view_mod,2026-01-03 06:45:00
762,381,16,upload_mod,2026-01-03 06:46:00
551,381,17,view_mod,2026-01-03 06:47:00
240,117,24,download_mod,2026-01-03 06:48:00
378,388,10,view_mod,2026-01-03 06:49:00
993,403,15,download_mod,2026-01-03 06:50:00
330,116,41,upload_mod,2026-01-03 06:51:00
338,6,10,download_mod,2026-01-03 06:52:00
558,376,22,view_mod,2026-01-03 06:53:00
623,89,6,download_mod,2026-01-03 06:54:00
925,393,45,download_mod,2026-01-03 06:55:00
244,424,9,view_mod,2026-01-03 06:56:00
277,175,49,upload_mod,2026-01-03 06:57:00
102,221,41,like_mod,2026-01-03 06:58:00
935,5,14,download_mod,2026-01-03 06:59:00
238,157,25,download_mod,2026-01-03 07:00:00
440,422,44,download_mod,2026-01-03 07:01:00
869,245,10,like_mod,2026-01-03 07:02:00
449,381,30,download_mod,2026-01-03 07:03:00
535,217,17,download_mod,2026-01-03 07:04:00
223,43,19,view_mod,2026-01-03 07:05:00
132,78,32,view_mod,2026-01-03 07:06:00
711,486,36,download_mod,2026-01-03 07:07:00
581,351,37,view_mod,2026-01-03 07:08:00
575,53,3,upload_mod,2026-01-03 07:09:00
238,231,27,download_mod,2026-01-03 07:10:00
726,194,12,download_mod,2026-01-03 07:11:00
587,136,15,download_mod,2026-01-03 07:12:00
73,133,34,like_mod,2026-01-03 07:13:00
880,335,5,download_mod,2026-01-03 07:14:00
798,296,48,download_mod,2026-01-03 07:15:00
884,366,8,view_mod,2026-01-03 07:16:00
793,258,31,view_mod,2026-01-03 07:17:00
695,497,38,like_mod,2026-01-03 07:18:00
128,35,47,view_mod,2026-01-03 07:19:00
353,418,39,view_mod,2026-01-03 07:20:00
490,170,18,view_mod,2026-01-03 07:21:00
242,130,35,download_mod,2026-01-03 07:22:00
98,300,20,upload_mod,2026-01-03 07:23:00
592,289,23,download_mod,2026-01-03 07:24:00
39,463,13,view_mod,2026-01-03 07:25:00
373,260,42,download_mod,2026-01-03 07:26:00
539,38,34,download_mod,2026-01-03 07:27:00
414,240,39,download_mod,2026-01-03 07:28:00
374,69,39,view_mod,2026-01-03 07:29:00
422,470,19,download_mod,2026-01-03 07:30:00
51,339,27,download_mod,2026-01-03 07:31:00
644,275,22,view_mod,2026-01-03 07:32:00
409,354,27,download_mod,2026-01-03 07:33:00
146,149,47,download_mod,2026-01-03 07:34:00
948,407,1,download_mod,2026-01-03 07:35:00
318,129,48,download_mod,2026-01-03 07:36:00
924,320,34,download_mod,2026-01-03 07:37:00
645,444,41,upload_mod,2026-01-03 07:38:00
989,54,14,view_mod,2026-01-03 07:39:00
636,385,11,download_mod,2026-01-03 07:40:00
537,480,21,upload_mod,2026-01-03 07:41:00
751,346,32,like_mod,2026-01-03 07:42:00
564,365,25,view_mod,2026-01-03 07:43:00
689,268,2,download_mod,2026-01-03 07:44:00
777,15,18,view_mod,2026-01-03 07:45:00
135,120,41,download_mod,2026-01-03 07:46:00
552,104,11,download_mod,2026-01-03 07:47:00
111,306,4,download_mod,2026-01-03 07:48:00
291,409,26,view_mod,2026-01-03 07:49:00
329,478,23,like_mod,2026-01-03 07:50:00
889,99,6,view_mod,2026-01-03 07:51:00
756,418,9,like_mod,2026-01-03 07:52:00
25,102,37,view_mod,2026-01-03 07:53:00
395,151,42,view_mod,2026-01-03 07:54:00
729,437,39,view_mod,2026-01-03 07:55:00
652,186,22,view_mod,2026-01-03 07:56:00
614,19,29,view_mod,2026-01-03 07:57:00
715,301,37,view_mod,2026-01-03 07:58:00
201,68,26,download_mod,2026-01-03 07:59:00
407,196,26,view_mod,2026-01-03 08:00:00
989,378,48,view_mod,2026-01-03 08:01:00
953,318,32,download_mod,2026-01-03 08:02:00
639,176,2,view_mod,2026-01-03 08:03:00
910,82,8,view_mod,2026-01-03 08:04:00
348,114,22,view_mod,2026-01-03 08:05:00
863,462,31,download_mod,2026-01-03 08:06:00
225,59,20,download_mod,2026-01-03 08:07:00
308,12,26,view_mod,2026-01-03 08:08:00
599,222,8,download_mod,2026-01-03 08:09:00
324,96,40,view_mod,2026-01-03 08:10:00
44,423,15,view_mod,2026-01-03 08:11:00
676,290,41,view_mod,2026-01-03 08:12:00
291,242,36,upload_mod,2026-01-03 08:13:00
252,164,43,view_mod,2026-01-03 08:14:00
352,252,23,view_mod,2026-01-03 08:15:00
481,192,29,view_mod,2026-01-03 08:16:00
343,7,31,view_mod,2026-01-03 08:17:00
324,250,16,like_mod,2026-01-03 08:18:00
308,466,7,like_mod,2026-01-03 08:19:00
486,290,7,download_mod,2026-01-03 08:20:00
547,112,41,download_mod,2026-01-03 08:21:00
806,376,22,view_mod,2026-01-03 08:22:00
239,268,5,download_mod,2026-01-03 08:23:00
647,60,35,download_mod,2026-01-03 08:24:00
122,18,32,download_mod,2026-01-03 08:25:00
972,382,4,view_mod,2026-01-03 08:26:00
293,279,38,download_mod,2026-01-03 08:27:00
305,110,36,view_mod,2026-01-03 08:28:00
328,330,18,view_mod,2026-01-03 08:29:00
607,250,7,view_mod,2026-01-03 08:30:00
491,279,6,download_mod,2026-01-03 08:31:00
101,287,21,view_mod,2026-01-03 08:32:00
462,231,14,download_mod,2026-01-03 08:33:00
517,463,27,upload_mod,2026-01-03 08:34:00
209,318,9,download_mod,2026-01-03 08:35:00
502,241,8,download_mod,2026-01-03 08:36:00
511,266,43,view_mod,2026-01-03 08:37:00
370,464,44,download_mod,2026-01-03 08:38:00
585,229,28,view_mod,2026-01-03 08:39:00
144,55,42,download_mod,2026-01-03 08:40:00
429,82,4,upload_mod,2026-01-03 08:41:00
496,479,43,download_mod,2026-01-03 08:42:00
368,298,11,view_mod,2026-01-03 08:43:00
179,263,30,view_mod,2026-01-03 08:44:00
837,19,41,view_mod,2026-01-03 08:45:00
915,184,22,upload_mod,2026-01-03 08:46:00
406,309,20,download_mod,2026-01-03 08:47:00
351,132,33,view_mod,2026-01-03 08:48:00
540,485,36,view_mod,2026-01-03 08:49:00
388,214,7,upload_mod,2026-01-03 08:50:00
665,398,30,view_mod,2026-01-03 08:51:00
307,406,40,download_mod,2026-01-03 08:52:00
781,91,44,download_mod,2026-01-03 08:53:00
545,380,11,download_mod,2026-01-03 08:54:00
610,390,17,upload_mod,2026-01-03 08:55:00
263,427,2,view_mod,2026-01-03 08:56:00
895,403,20,view_mod,2026-01-03 08:57:00
577,71,23,download_mod,2026-01-03 08:58:00
878,234,26,view_mod,2026-01-03 08:59:00
669,232,13,download_mod,2026-01-03 09:00:00
141,386,47,view_mod,2026-01-03 09:01:00
135,463,5,like_mod,2026-01-03 09:02:00
794,156,29,view_mod,2026-01-03 09:03:00
1,100,39,download_mod,2026-01-03 09:04:00
604,297,14,download_mod,2026-01-03 09:05:00
598,237,18,view_mod,2026-01-03 09:06:00
47,212,10,view_mod,2026-01-03 09:07:00
599,325,39,download_mod,2026-01-03 09:08:00
409,243,31,download_mod,2026-01-03 09:09:00
926,219,47,like_mod,2026-01-03 09:10:00
552,122,39,download_mod,2026-01-03 09:11:00
647,454,28,view_mod,2026-01-03 09:12:00
759,234,20,upload_mod,2026-01-03 09:13:00
3,191,42,download_mod,2026-01-03 09:14:00
503,3,16,view_mod,2026-01-03 09:15:00
833,430,44,view_mod,2026-01-03 09:16:00
763,142,1,view_mod,2026-01-03 09:17:00
559,47,4,download_mod,2026-01-03 09:18:00
747,222,7,download_mod,2026-01-03 09:19:00
87,88,44,view_mod,2026-01-03 09:20:00
274,123,14,view_mod,2026-01-03 09:21:00
792,53,2,view_mod,2026-01-03 09:22:00
925,27,4,download_mod,2026-01-03 09:23:00
200,80,21,view_mod,2026-01-03 09:24:00
647,382,48,download_mod,2026-01-03 09:25:00
430,140,28,like_mod,2026-01-03 09:26:00
594,11,30,view_mod,2026-01-03 09:27:00
606,415,40,view_mod,2026-01-03 09:28:00
525,177,33,view_mod,2026-01-03 09:29:00
361,467,39,view_mod,2026-01-03 09:30:00
917,69,30,view_mod,2026-01-03 09:31:00
163,40,19,view_mod,2026-01-03 09:32:00
414,342,3,view_mod,2026-01-03 09:33:00
758,327,49,upload_mod,2026-01-03 09:34:00
691,213,9,view_mod,2026-01-03 09:35:00
828,283,36,view_mod,2026-01-03 09:36:00
744,347,16,download_mod,2026-01-03 09:37:00
656,359,10,download_mod,2026-01-03 09:38:00
147,213,43,upload_mod,2026-01-03 09:39:00
219,373,31,download_mod,2026-01-03 09:40:00
359,28,5,view_mod,2026-01-03 09:41:00
619,148,25,view_mod,2026-01-03 09:42:00
360,302,18,like_mod,2026-01-03 09:43:00
195,222,9,like_mod,2026-01-03 09:44:00
675,473,39,view_mod,2026-01-03 09:45:00
363,456,35,view_mod,2026-01-03 09:46:00
366,203,10,view_mod,2026-01-03 09:47:00
312,429,33,download_mod,2026-01-03 09:48:00
194,429,40,upload_mod,2026-01-03 09:49:00
503,18,11,view_mod,2026-01-03 09:50:00
776,239,11,like_mod,2026-01-03 09:51:00
421,16,24,download_mod,2026-01-03 09:52:00
11,354,41,like_mod,2026-01-03 09:53:00
602,90,13,view_mod,2026-01-03 09:54:00
307,9,20,view_mod,2026-01-03 09:55:00
67,470,7,download_mod,2026-01-03 09:56:00
796,254,14,like_mod,2026-01-03 09:57:00
348,431,1,view_mod,2026-01-03 09:58:00
693,473,43,download_mod,2026-01-03 09:59:00
349,5,3,like_mod,2026-01-03 10:00:00
920,327,2,view_mod,2026-01-03 10:01:00
517,107,35,download_mod,2026-01-03 10:02:00
99,452,21,like_mod,2026-01-03 10:03:00
504,416,39,view_mod,2026-01-03 10:04:00
149,406,24,view_mod,2026-01-03 10:05:00
761,73,12,view_mod,2026-01-03 10:06:00
607,287,13,download_mod,2026-01-03 10:07:00
8,111,40,download_mod,2026-01-03 10:08:00
575,107,9,view_mod,2026-01-03 10:09:00
915,328,48,view_mod,2026-01-03 10:10:00
112,462,23,view_mod,2026-01-03 10:11:00
189,427,46,view_mod,2026-01-03 10:12:00
24,485,22,view_mod,2026-01-03 10:13:00
236,365,4,like_mod,2026-01-03 10:14:00
681,289,47,view_mod,2026-01-03 10:15:00
760,248,20,view_mod,2026-01-03 10:16:00
744,46,24,download_mod,2026-01-03 10:17:00
572,22,43,like_mod,2026-01-03 10:18:00
314,374,19,download_mod,2026-01-03 10:19:00
770,483,4,download_mod,2026-01-03 10:20:00
14,329,17,like_mod,2026-01-03 10:21:00
36,47,39,download_mod,2026-01-03 10:22:00
259,162,30,like_mod,2026-01-03 10:23:00
219,262,32,view_mod,2026-01-03 10:24:00
65,201,9,view_mod,2026-01-03 10:25:00
406,16,17,view_mod,2026-01-03 10:26:00
235,29,33,download_mod,2026-01-03 10:27:00
954,345,39,view_mod,2026-01-03 10:28:00
247,375,1,upload_mod,2026-01-03 10:29:00
354,488,28,download_mod,2026-01-03 10:30:00
554,398,3,like_mod,2026-01-03 10:31:00
39,192,9,view_mod,2026-01-03 10:32:00
188,387,35,view_mod,2026-01-03 10:33:00
70,436,28,download_mod,2026-01-03 10:34:00
973,107,17,download_mod,2026-01-03 10:35:00
340,440,24,view_mod,2026-01-03 10:36:00
757,43,26,download_mod,2026-01-03 10:37:00
869,68,28,download_mod,2026-01-03 10:38:00
709,244,19,view_mod,2026-01-03 10:39:00
250,398,23,download_mod,2026-01-03 10:40:00
246,401,30,view_mod,2026-01-03 10:41:00
130,253,24,view_mod,2026-01-03 10:42:00
476,205,6,view_mod,2026-01-03 10:43:00
942,31,6,download_mod,2026-01-03 10:44:00
121,364,14,view_mod,2026-01-03 10:45:00
54,158,27,download_mod,2026-01-03 10:46:00
646,37,6,view_mod,2026-01-03 10:47:00
854,400,7,download_mod,2026-01-03 10:48:00
692,216,24,view_mod,2026-01-03 10:49:00
28,247,43,download_mod,2026-01-03 10:50:00
341,290,18,download_mod,2026-01-03 10:51:00
627,8,33,view_mod,2026-01-03 10:52:00
353,338,26,download_mod,2026-01-03 10:53:00
424,89,49,download_mod,2026-01-03 10:54:00
342,465,42,download_mod,2026-01-03 10:55:00
465,63,6,like_mod,2026-01-03 10:56:00
383,30,10,like_mod,2026-01-03 10:57:00
170,216,5,upload_mod,2026-01-03 10:58:00
23,399,4,download_mod,2026-01-03 10:59:00
856,32,20,view_mod,2026-01-03 11:00:00
363,400,44,download_mod,2026-01-03 11:01:00
928,29,34,upload_mod,2026-01-03 11:02:00
330,115,44,view_mod,2026-01-03 11:03:00
601,338,34,view_mod,2026-01-03 11:04:00
22,411,25,view_mod,2026-01-03 11:05:00
293,250,19,view_mod,2026-01-03 11:06:00
929,306,19,view_mod,2026-01-03 11:07:00
278,155,24,like_mod,2026-01-03 11:08:00
866,75,11,view_mod,2026-01-03 11:09:00
116,168,42,view_mod,2026-01-03 11:10:00
6,358,31,download_mod,2026-01-03 11:11:00
276,337,8,view_mod,2026-01-03 11:12:00
485,485,38,like_mod,2026-01-03 11:13:00
786,465,27,like_mod,2026-01-03 11:14:00
19,21,49,view_mod,2026-01-03 11:15:00
649,369,6,download_mod,2026-01-03 11:16:00
178,49,18,download_mod,2026-01-03 11:17:00
503,229,16,view_mod,2026-01-03 11:18:00
807,4,15,view_mod,2026-01-03 11:19:00
755,473,28,view_mod,2026-01-03 11:20:00
226,283,10,view_mod,2026-01-03 11:21:00
175,342,30,download_mod,2026-01-03 11:22:00
928,105,45,view_mod,2026-01-03 11:23:00
999,456,1,like_mod,2026-01-03 11:24:00
880,484,3,download_mod,2026-01-03 11:25:00
28,84,45,upload_mod,2026-01-03 11:26:00
379,25,31,view_mod,2026-01-03 11:27:00
663,378,8,download_mod,2026-01-03 11:28:00
56,192,49,view_mod,2026-01-03 11:29:00
924,159,19,like_mod,2026-01-03 11:30:00
881,323,43,download_mod,2026-01-03 11:31:00
175,59,26,view_mod,2026-01-03 11:32:00
886,127,12,download_mod,2026-01-03 11:33:00
392,491,22,upload_mod,2026-01-03 11:34:00
518,253,32,view_mod,2026-01-03 11:35:00
671,312,1,view_mod,2026-01-03 11:36:00
87,454,2,download_mod,2026-01-03 11:37:00
13,385,6,download_mod,2026-01-03 11:38:00
624,232,36,view_mod,2026-01-03 11:39:00
299,226,25,view_mod,2026-01-03 11:40:00
211,432,15,view_mod,2026-01-03 11:41:00
990,338,19,view_mod,2026-01-03 11:42:00
625,105,1,download_mod,2026-01-03 11:43:00
873,416,43,download_mod,2026-01-03 11:44:00
954,495,31,view_mod,2026-01-03 11:45:00
404,118,31,download_mod,2026-01-03 11:46:00
816,456,12,like_mod,2026-01-03 11:47:00
116,438,20,view_mod,2026-01-03 11:48:00
871,352,16,like_mod,2026-01-03 11:49:00
99,499,42,upload_mod,2026-01-03 11:50:00
828,88,28,download_mod,2026-01-03 11:51:00
156,75,21,upload_mod,2026-01-03 11:52:00
615,384,20,download_mod,2026-01-03 11:53:00
310,312,16,download_mod,2026-01-03 11:54:00
349,90,31,like_mod,2026-01-03 11:55:00
29,481,8,view_mod,2026-01-03 11:56:00
786,191,39,view_mod,2026-01-03 11:57:00
343,275,2,view_mod,2026-01-03 11:58:00
550,290,19,view_mod,2026-01-03 11:59:00
104,171,5,download_mod,2026-01-03 12:00:00
707,239,21,view_mod,2026-01-03 12:01:00
884,445,16,view_mod,2026-01-03 12:02:00
20,479,8,upload_mod,2026-01-03 12:03:00
700,129,22,view_mod,2026-01-03 12:04:00
91,418,10,view_mod,2026-01-03 12:05:00
781,113,11,view_mod,2026-01-03 12:06:00
524,386,33,view_mod,2026-01-03 12:07:00
517,320,1,download_mod,2026-01-03 12:08:00
567,228,8,view_mod,2026-01-03 12:09:00
792,306,17,download_mod,2026-01-03 12:10:00
118,289,17,view_mod,2026-01-03 12:11:00
603,234,29,download_mod,2026-01-03 12:12:00
141,296,16,like_mod,2026-01-03 12:13:00
306,332,27,download_mod,2026-01-03 12:14:00
304,35,7,view_mod,2026-01-03 12:15:00
754,469,49,view_mod,2026-01-03 12:16:00
356,83,26,like_mod,2026-01-03 12:17:00
814,122,39,view_mod,2026-01-03 12:18:00
383,484,9,view_mod,2026-01-03 12:19:00
976,12,30,like_mod,2026-01-03 12:20:00
938,292,32,download_mod,2026-01-03 12:21:00
704,207,29,view_mod,2026-01-03 12:22:00
249,205,47,upload_mod,2026-01-03 12:23:00
72,418,46,download_mod,2026-01-03 12:24:00
436,374,13,download_mod,2026-01-03 12:25:00
915,492,37,upload_mod,2026-01-03 12:26:00
728,333,49,view_mod,2026-01-03 12:27:00
980,358,48,view_mod,2026-01-03 12:28:00
428,85,24,view_mod,2026-01-03 12:29:00
951,28,12,view_mod,2026-01-03 12:30:00
604,78,47,view_mod,2026-01-03 12:31:00
502,8,30,view_mod,2026-01-03 12:32:00
532,72,39,download_mod,2026-01-03 12:33:00
162,306,4,like_mod,2026-01-03 12:34:00
434,340,33,view_mod,2026-01-03 12:35:00
75,39,26,download_mod,2026-01-03 12:36:00
526,362,38,like_mod,2026-01-03 12:37:00
334,480,41,view_mod,2026-01-03 12:38:00
945,446,33,upload_mod,2026-01-03 12:39:00
262,311,28,download_mod,2026-01-03 12:40:00
825,103,31,view_mod,2026-01-03 12:41:00
263,385,18,like_mod,2026-01-03 12:42:00
330,71,43,view_mod,2026-01-03 12:43:00
781,439,11,download_mod,2026-01-03 12:44:00
620,22,5,download_mod,2026-01-03 12:45:00
822,409,31,view_mod,2026-01-03 12:46:00
789,482,23,download_mod,2026-01-03 12:47:00
411,397,13,view_mod,2026-01-03 12:48:00
213,94,17,like_mod,2026-01-03 12:49:00
970,493,23,view_mod,2026-01-03 12:50:00
580,320,23,view_mod,2026-01-03 12:51:00
231,296,34,view_mod,2026-01-03 12:52:00
206,59,13,view_mod,2026-01-03 12:53:00
723,254,47,like_mod,2026-01-03 12:54:00
33,252,9,like_mod,2026-01-03 12:55:00
161,367,42,download_mod,2026-01-03 12:56:00
35,15,32,download_mod,2026-01-03 12:57:00
220,275,39,like_mod,2026-01-03 12:58:00
46,169,31,view_mod,2026-01-03 12:59:00
614,473,13,upload_mod,2026-01-03 13:00:00
952,412,1,download_mod,2026-01-03 13:01:00
945,269,15,like_mod,2026-01-03 13:02:00
626,80,42,download_mod,2026-01-03 13:03:00
15,174,36,download_mod,2026-01-03 13:04:00
692,444,34,view_mod,2026-01-03 13:05:00
963,120,34,view_mod,2026-01-03 13:06:00
997,497,21,view_mod,2026-01-03 13:07:00
28,282,47,view_mod,2026-01-03 13:08:00
997,428,3,download_mod,2026-01-03 13:09:00
173,185,28,view_mod,2026-01-03 13:10:00
339,296,32,view_mod,2026-01-03 13:11:00
872,137,15,view_mod,2026-01-03 13:12:00
733,67,21,view_mod,2026-01-03 13:13:00
568,422,2,download_mod,2026-01-03 13:14:00
371,438,21,view_mod,2026-01-03 13:15:00
301,192,1,upload_mod,2026-01-03 13:16:00
410,259,25,download_mod,2026-01-03 13:17:00
533,354,13,view_mod,2026-01-03 13:18:00
371,28,6,view_mod,2026-01-03 13:19:00
708,30,11,download_mod,2026-01-03 13:20:00
223,120,36,download_mod,2026-01-03 13:21:00
307,372,15,view_mod,2026-01-03 13:22:00
532,171,28,like_mod,2026-01-03 13:23:00
185,22,40,view_mod,2026-01-03 13:24:00
536,455,2,view_mod,2026-01-03 13:25:00
490,343,14,view_mod,2026-01-03 13:26:00
689,340,30,download_mod,2026-01-03 13:27:00
125,236,17,download_mod,2026-01-03 13:28:00
238,446,12,upload_mod,2026-01-03 13:29:00
65,135,42,view_mod,2026-01-03 13:30:00
309,1,40,download_mod,2026-01-03 13:31:00
693,272,20,view_mod,2026-01-03 13:32:00
97,209,35,like_mod,2026-01-03 13:33:00
176,317,19,view_mod,2026-01-03 13:34:00
21,95,40,view_mod,2026-01-03 13:35:00
214,439,8,view_mod,2026-01-03 13:36:00
747,94,47,view_mod,2026-01-03 13:37:00
461,300,3,download_mod,2026-01-03 13:38:00
867,375,37,view_mod,2026-01-03 13:39:00
348,475,30,download_mod,2026-01-03 13:40:00
762,190,40,download_mod,2026-01-03 13:41:00
536,83,20,view_mod,2026-01-03 13:42:00
456,72,13,download_mod,2026-01-03 13:43:00
227,188,2,like_mod,2026-01-03 13:44:00
706,222,8,like_mod,2026-01-03 13:45:00
134,270,21,view_mod,2026-01-03 13:46:00
293,228,47,view_mod,2026-01-03 13:47:00
125,163,2,upload_mod,2026-01-03 13:48:00
117,186,22,download_mod,2026-01-03 13:49:00
183,425,10,view_mod,2026-01-03 13:50:00
70,479,28,view_mod,2026-01-03 13:51:00
285,127,34,like_mod,2026-01-03 13:52:00
366,50,25,download_mod,2026-01-03 13:53:00
64,72,45,view_mod,2026-01-03 13:54:00
611,18,43,upload_mod,2026-01-03 13:55:00
138,212,14,view_mod,2026-01-03 13:56:00
480,181,36,download_mod,2026-01-03 13:57:00
683,433,40,download_mod,2026-01-03 13:58:00
685,108,4,like_mod,2026-01-03 13:59:00
448,45,44,view_mod,2026-01-03 14:00:00
949,395,44,download_mod,2026-01-03 14:01:00
720,105,43,view_mod,2026-01-03 14:02:00
984,303,45,view_mod,2026-01-03 14:03:00
32,109,27,like_mod,2026-01-03 14:04:00
419,104,39,view_mod,2026-01-03 14:05:00
782,84,30,view_mod,2026-01-03 14:06:00
406,48,9,download_mod,2026-01-03 14:07:00
933,104,25,view_mod,2026-01-03 14:08:00
13,261,20,view_mod,2026-01-03 14:09:00
643,262,35,view_mod,2026-01-03 14:10:00
636,444,8,upload_mod,2026-01-03 14:11:00
680,392,13,like_mod,2026-01-03 14:12:00
955,144,37,download_mod,2026-01-03 14:13:00
944,453,16,view_mod,2026-01-03 14:14:00
982,418,8,view_mod,2026-01-03 14:15:00
520,206,44,view_mod,2026-01-03 14:16:00
813,417,44,download_mod,2026-01-03 14:17:00
628,117,4,download_mod,2026-01-03 14:18:00
813,393,33,view_mod,2026-01-03 14:19:00
844,36,19,view_mod,2026-01-03 14:20:00
949,25,34,download_mod,2026-01-03 14:21:00
457,117,43,upload_mod,2026-01-03 14:22:00
548,7,34,view_mod,2026-01-03 14:23:00
10,1,15,like_mod,2026-01-03 14:24:00
73,364,30,download_mod,2026-01-03 14:25:00
950,368,25,view_mod,2026-01-03 14:26:00
706,159,34,view_mod,2026-01-03 14:27:00
691,90,45,view_mod,2026-01-03 14:28:00
852,106,20,upload_mod,2026-01-03 14:29:00
957,70,48,like_mod,2026-01-03 14:30:00
470,242,5,like_mod,2026-01-03 14:31:00
77,433,32,view_mod,2026-01-03 14:32:00
196,448,4,like_mod,2026-01-03 14:33:00
725,117,46,download_mod,2026-01-03 14:34:00
83,425,33,download_mod,2026-01-03 14:35:00
76,181,43,download_mod,2026-01-03 14:36:00
429,6,5,download_mod,2026-01-03 14:37:00
885,205,49,download_mod,2026-01-03 14:38:00
734,7,19,view_mod,2026-01-03 14:39:00
41,284,15,download_mod,2026-01-03 14:40:00
149,197,13,view_mod,2026-01-03 14:41:00
851,462,17,like_mod,2026-01-03 14:42:00
403,458,16,download_mod,2026-01-03 14:43:00
873,68,42,view_mod,2026-01-03 14:44:00
924,32,2,view_mod,2026-01-03 14:45:00
294,338,28,upload_mod,2026-01-03 14:46:00
167,227,11,download_mod,2026-01-03 14:47:00
757,344,6,view_mod,2026-01-03 14:48:00
430,359,32,upload_mod,2026-01-03 14:49:00
838,118,29,view_mod,2026-01-03 14:50:00
318,470,29,download_mod,2026-01-03 14:51:00
236,348,48,like_mod,2026-01-03 14:52:00
890,422,48,upload_mod,2026-01-03 14:53:00
392,142,1,like_mod,2026-01-03 14:54:00
638,371,46,download_mod,2026-01-03 14:55:00
325,31,12,upload_mod,2026-01-03 14:56:00
663,444,48,like_mod,2026-01-03 14:57:00
219,478,14,view_mod,2026-01-03 14:58:00
72,135,48,view_mod,2026-01-03 14:59:00
194,124,19,view_mod,2026-01-03 15:00:00
861,30,31,view_mod,2026-01-03 15:01:00
465,387,49,download_mod,2026-01-03 15:02:00
769,84,47,view_mod,2026-01-03 15:03:00
480,427,49,download_mod,2026-01-03 15:04:00
285,469,21,upload_mod,2026-01-03 15:05:00
812,489,22,view_mod,2026-01-03 15:06:00
937,222,8,view_mod,2026-01-03 15:07:00
553,473,16,view_mod,2026-01-03 15:08:00
231,418,25,view_mod,2026-01-03 15:09:00
403,348,30,download_mod,2026-01-03 15:10:00
222,118,14,view_mod,2026-01-03 15:11:00
175,134,26,view_mod,2026-01-03 15:12:00
907,394,12,view_mod,2026-01-03 15:13:00
449,84,17,download_mod,2026-01-03 15:14:00
771,252,9,upload_mod,2026-01-03 15:15:00
37,418,38,download_mod,2026-01-03 15:16:00
875,249,37,view_mod,2026-01-03 15:17:00
110,12,27,download_mod,2026-01-03 15:18:00
180,303,24,download_mod,2026-01-03 15:19:00
699,346,18,view_mod,2026-01-03 15:20:00
242,497,7,view_mod,2026-01-03 15:21:00
712,267,2,view_mod,2026-01-03 15:22:00
262,213,13,view_mod,2026-01-03 15:23:00
518,425,9,view_mod,2026-01-03 15:24:00
405,454,2,like_mod,2026-01-03 15:25:00
871,130,14,view_mod,2026-01-03 15:26:00
685,490,22,download_mod,2026-01-03 15:27:00
727,33,20,download_mod,2026-01-03 15:28:00
789,300,24,download_mod,2026-01-03 15:29:00
93,3,6,view_mod,2026-01-03 15:30:00
20,330,42,download_mod,2026-01-03 15:31:00
555,228,43,upload_mod,2026-01-03 15:32:00
737,206,35,view_mod,2026-01-03 15:33:00
863,248,26,view_mod,2026-01-03 15:34:00
479,43,12,view_mod,2026-01-03 15:35:00
766,386,49,view_mod,2026-01-03 15:36:00
712,169,24,like_mod,2026-01-03 15:37:00
192,312,26,view_mod,2026-01-03 15:38:00
732,347,39,view_mod,2026-01-03 15:39:00
472,436,2,view_mod,2026-01-03 15:40:00
511,473,21,download_mod,2026-01-03 15:41:00
636,476,48,like_mod,2026-01-03 15:42:00
534,159,3,view_mod,2026-01-03 15:43:00
467,117,21,like_mod,2026-01-03 15:44:00
903,101,13,view_mod,2026-01-03 15:45:00
459,73,20,view_mod,2026-01-03 15:46:00
402,465,43,view_mod,2026-01-03 15:47:00
856,78,30,download_mod,2026-01-03 15:48:00
887,52,27,view_mod,2026-01-03 15:49:00
436,155,16,download_mod,2026-01-03 15:50:00
878,362,10,download_mod,2026-01-03 15:51:00
668,427,5,upload_mod,2026-01-03 15:52:00
952,106,3,view_mod,2026-01-03 15:53:00
238,201,39,upload_mod,2026-01-03 15:54:00
292,460,23,download_mod,2026-01-03 15:55:00
662,116,37,view_mod,2026-01-03 15:56:00
779,45,22,download_mod,2026-01-03 15:57:00
81,393,40,view_mod,2026-01-03 15:58:00
635,144,44,view_mod,2026-01-03 15:59:00
656,189,41,view_mod,2026-01-03 16:00:00
702,285,44,download_mod,2026-01-03 16:01:00
393,473,24,view_mod,2026-01-03 16:02:00
410,208,2,download_mod,2026-01-03 16:03:00
893,132,34,download_mod,2026-01-03 16:04:00
392,223,36,view_mod,2026-01-03 16:05:00
163,474,44,upload_mod,2026-01-03 16:06:00
264,230,30,download_mod,2026-01-03 16:07:00
603,326,15,upload_mod,2026-01-03 16:08:00
359,352,29,view_mod,2026-01-03 16:09:00
292,33,46,like_mod,2026-01-03 16:10:00
641,153,5,view_mod,2026-01-03 16:11:00
404,4,23,download_mod,2026-01-03 16:12:00
435,111,34,like_mod,2026-01-03 16:13:00
263,82,22,like_mod,2026-01-03 16:14:00
633,210,34,download_mod,2026-01-03 16:15:00
40,220,38,download_mod,2026-01-03 16:16:00
259,438,16,upload_mod,2026-01-03 16:17:00
457,3,3,like_mod,2026-01-03 16:18:00
4,134,22,view_mod,2026-01-03 16:19:00
155,311,44,download_mod,2026-01-03 16:20:00
529,16,39,download_mod,2026-01-03 16:21:00
350,475,20,upload_mod,2026-01-03 16:22:00
275,33,31,like_mod,2026-01-03 16:23:00
230,422,24,view_mod,2026-01-03 16:24:00
404,365,4,download_mod,2026-01-03 16:25:00
98,237,25,view_mod,2026-01-03 16:26:00
615,92,26,view_mod,2026-01-03 16:27:00
979,20,36,view_mod,2026-01-03 16:28:00
793,461,17,view_mod,2026-01-03 16:29:00
661,363,12,view_mod,2026-01-03 16:30:00
857,235,43,download_mod,2026-01-03 16:31:00
984,337,42,view_mod,2026-01-03 16:32:00
275,109,30,download_mod,2026-01-03 16:33:00
975,259,39,view_mod,2026-01-03 16:34:00
96,102,38,view_mod,2026-01-03 16:35:00
380,390,30,download_mod,2026-01-03 16:36:00
520,229,26,view_mod,2026-01-03 16:37:00
797,321,39,view_mod,2026-01-03 16:38:00
347,12,11,view_mod,2026-01-03 16:39:00
843,219,34,like_mod,2026-01-03 16:40:00
566,433,16,download_mod,2026-01-03 16:41:00
365,77,36,download_mod,2026-01-03 16:42:00
298,35,46,like_mod,2026-01-03 16:43:00
554,287,27,upload_mod,2026-01-03 16:44:00
853,495,30,upload_mod,2026-01-03 16:45:00
267,240,39,view_mod,2026-01-03 16:46:00
256,393,7,view_mod,2026-01-03 16:47:00
234,280,21,upload_mod,2026-01-03 16:48:00
154,98,20,download_mod,2026-01-03 16:49:00
187,374,49,like_mod,2026-01-03 16:50:00
90,326,42,upload_mod,2026-01-03 16:51:00
358,26,3,view_mod,2026-01-03 16:52:00
542,464,33,download_mod,2026-01-03 16:53:00
373,321,21,view_mod,2026-01-03 16:54:00
945,110,36,view_mod,2026-01-03 16:55:00
774,309,43,view_mod,2026-01-03 16:56:00
323,191,39,download_mod,2026-01-03 16:57:00
765,88,45,upload_mod,2026-01-03 16:58:00
10,498,36,view_mod,2026-01-03 16:59:00
424,176,41,view_mod,2026-01-03 17:00:00
625,61,49,view_mod,2026-01-03 17:01:00
633,447,32,view_mod,2026-01-03 17:02:00
810,131,10,view_mod,2026-01-03 17:03:00
157,345,31,upload_mod,2026-01-03 17:04:00
986,199,35,view_mod,2026-01-03 17:05:00
957,324,47,download_mod,2026-01-03 17:06:00
296,84,24,like_mod,2026-01-03 17:07:00
857,24,32,view_mod,2026-01-03 17:08:00
252,306,9,view_mod,2026-01-03 17:09:00
85,362,20,view_mod,2026-01-03 17:10:00
464,182,48,view_mod,2026-01-03 17:11:00
802,492,33,upload_mod,2026-01-03 17:12:00
320,274,17,download_mod,2026-01-03 17:13:00
44,358,20,download_mod,2026-01-03 17:14:00
352,337,26,upload_mod,2026-01-03 17:15:00
917,437,28,view_mod,2026-01-03 17:16:00
660,36,1,view_mod,2026-01-03 17:17:00
16,38,16,view_mod,2026-01-03 17:18:00
483,269,23,like_mod,2026-01-03 17:19:00
934,417,36,like_mod,2026-01-03 17:20:00
535,77,4,upload_mod,2026-01-03 17:21:00
899,18,36,view_mod,2026-01-03 17:22:00
603,279,5,view_mod,2026-01-03 17:23:00
778,322,38,download_mod,2026-01-03 17:24:00
531,196,26,upload_mod,2026-01-03 17:25:00
281,453,3,upload_mod,2026-01-03 17:26:00
802,481,46,download_mod,2026-01-03 17:27:00
73,41,13,view_mod,2026-01-03 17:28:00
121,42,6,download_mod,2026-01-03 17:29:00
433,107,33,upload_mod,2026-01-03 17:30:00
902,167,43,download_mod,2026-01-03 17:31:00
753,149,41,view_mod,2026-01-03 17:32:00
797,70,34,view_mod,2026-01-03 17:33:00
823,89,8,view_mod,2026-01-03 17:34:00
687,13,37,like_mod,2026-01-03 17:35:00
515,354,6,download_mod,2026-01-03 17:36:00
55,167,7,view_mod,2026-01-03 17:37:00
378,393,12,view_mod,2026-01-03 17:38:00
511,340,16,download_mod,2026-01-03 17:39:00
118,419,26,download_mod,2026-01-03 17:40:00
907,369,49,download_mod,2026-01-03 17:41:00
162,482,21,download_mod,2026-01-03 17:42:00
944,354,20,view_mod,2026-01-03 17:43:00
460,56,37,download_mod,2026-01-03 17:44:00
494,494,25,view_mod,2026-01-03 17:45:00
88,146,19,view_mod,2026-01-03 17:46:00
31,216,17,like_mod,2026-01-03 17:47:00
443,410,3,download_mod,2026-01-03 17:48:00
811,373,43,view_mod,2026-01-03 17:49:00
34,317,14,download_mod,2026-01-03 17:50:00
657,271,13,view_mod,2026-01-03 17:51:00
881,399,22,download_mod,2026-01-03 17:52:00
484,282,14,upload_mod,2026-01-03 17:53:00
130,250,29,download_mod,2026-01-03 17:54:00
365,13,29,download_mod,2026-01-03 17:55:00
748,196,21,download_mod,2026-01-03 17:56:00
560,332,28,view_mod,2026-01-03 17:57:00
703,376,7,view_mod,2026-01-03 17:58:00
230,433,41,view_mod,2026-01-03 17:59:00
26,139,31,download_mod,2026-01-03 18:00:00
582,228,17,download_mod,2026-01-03 18:01:00
449,157,15,download_mod,2026-01-03 18:02:00
304,416,14,view_mod,2026-01-03 18:03:00
195,344,22,view_mod,2026-01-03 18:04:00
844,331,39,view_mod,2026-01-03 18:05:00
849,431,27,view_mod,2026-01-03 18:06:00
748,411,34,view_mod,2026-01-03 18:07:00
127,325,36,view_mod,2026-01-03 18:08:00
565,492,2,view_mod,2026-01-03 18:09:00
665,328,22,download_mod,2026-01-03 18:10:00
672,219,6,view_mod,2026-01-03 18:11:00
229,168,41,view_mod,2026-01-03 18:12:00
532,59,10,download_mod,2026-01-03 18:13:00
978,166,11,view_mod,2026-01-03 18:14:00
338,261,4,download_mod,2026-01-03 18:15:00
692,2,25,view_mod,2026-01-03 18:16:00
795,401,24,download_mod,2026-01-03 18:17:00
925,410,20,view_mod,2026-01-03 18:18:00
648,456,46,download_mod,2026-01-03 18:19:00
729,135,24,like_mod,2026-01-03 18:20:00
876,241,32,view_mod,2026-01-03 18:21:00
366,70,37,download_mod,2026-01-03 18:22:00
767,467,2,download_mod,2026-01-03 18:23:00
661,377,8,view_mod,2026-01-03 18:24:00
184,5,5,view_mod,2026-01-03 18:25:00
800,94,26,view_mod,2026-01-03 18:26:00
334,477,26,download_mod,2026-01-03 18:27:00
358,498,43,upload_mod,2026-01-03 18:28:00
522,358,8,download_mod,2026-01-03 18:29:00
461,428,46,view_mod,2026-01-03 18:30:00
930,472,22,like_mod,2026-01-03 18:31:00
828,407,3,download_mod,2026-01-03 18:32:00
293,383,14,view_mod,2026-01-03 18:33:00
242,208,9,view_mod,2026-01-03 18:34:00
538,276,4,download_mod,2026-01-03 18:35:00
431,2,33,view_mod,2026-01-03 18:36:00
158,380,14,like_mod,2026-01-03 18:37:00
157,90,47,download_mod,2026-01-03 18:38:00
333,366,26,upload_mod,2026-01-03 18:39:00
879,317,29,view_mod,2026-01-03 18:40:00
259,333,42,view_mod,2026-01-03 18:41:00
383,213,45,view_mod,2026-01-03 18:42:00
590,289,16,view_mod,2026-01-03 18:43:00
861,247,22,view_mod,2026-01-03 18:44:00
583,260,43,view_mod,2026-01-03 18:45:00
76,188,40,download_mod,2026-01-03 18:46:00
954,295,18,download_mod,2026-01-03 18:47:00
707,392,1,view_mod,2026-01-03 18:48:00
123,447,15,view_mod,2026-01-03 18:49:00
709,302,26,view_mod,2026-01-03 18:50:00
995,491,5,download_mod,2026-01-03 18:51:00
312,321,16,view_mod,2026-01-03 18:52:00
312,394,15,upload_mod,2026-01-03 18:53:00
537,492,41,view_mod,2026-01-03 18:54:00
80,201,5,download_mod,2026-01-03 18:55:00
1,149,18,download_mod,2026-01-03 18:56:00
145,10,47,view_mod,2026-01-03 18:57:00
838,347,47,view_mod,2026-01-03 18:58:00
395,182,13,upload_mod,2026-01-03 18:59:00
559,135,27,download_mod,2026-01-03 19:00:00
771,225,46,view_mod,2026-01-03 19:01:00
302,202,39,view_mod,2026-01-03 19:02:00
646,314,14,view_mod,2026-01-03 19:03:00
544,89,40,download_mod,2026-01-03 19:04:00
959,118,38,view_mod,2026-01-03 19:05:00
972,490,4,download_mod,2026-01-03 19:06:00
933,27,39,download_mod,2026-01-03 19:07:00
763,17,26,view_mod,2026-01-03 19:08:00
159,484,3,view_mod,2026-01-03 19:09:00
455,150,2,view_mod,2026-01-03 19:10:00
254,65,12,download_mod,2026-01-03 19:11:00
493,45,45,like_mod,2026-01-03 19:12:00
334,169,45,like_mod,2026-01-03 19:13:00
751,221,35,view_mod,2026-01-03 19:14:00
432,6,11,like_mod,2026-01-03 19:15:00
39,268,24,view_mod,2026-01-03 19:16:00
492,116,30,download_mod,2026-01-03 19:17:00
241,357,7,view_mod,2026-01-03 19:18:00
840,204,34,view_mod,2026-01-03 19:19:00
603,253,22,like_mod,2026-01-03 19:20:00
131,229,22,download_mod,2026-01-03 19:21:00
778,461,6,like_mod,2026-01-03 19:22:00
107,437,40,like_mod,2026-01-03 19:23:00
639,244,46,view_mod,2026-01-03 19:24:00
354,12,32,view_mod,2026-01-03 19:25:00
959,243,18,download_mod,2026-01-03 19:26:00
103,490,39,view_mod,2026-01-03 19:27:00
10,472,36,view_mod,2026-01-03 19:28:00
851,321,2,upload_mod,2026-01-03 19:29:00
752,123,33,download_mod,2026-01-03 19:30:00
923,57,7,download_mod,2026-01-03 19:31:00
354,133,22,download_mod,2026-01-03 19:32:00
634,459,13,view_mod,2026-01-03 19:33:00
403,467,15,upload_mod,2026-01-03 19:34:00
331,278,1,upload_mod,2026-01-03 19:35:00
312,440,41,view_mod,2026-01-03 19:36:00
933,246,15,download_mod,2026-01-03 19:37:00
731,278,24,view_mod,2026-01-03 19:38:00
915,211,16,download_mod,2026-01-03 19:39:00
669,203,2,like_mod,2026-01-03 19:40:00
175,387,4,like_mod,2026-01-03 19:41:00
623,25,18,view_mod,2026-01-03 19:42:00
637,118,31,view_mod,2026-01-03 19:43:00
920,211,31,download_mod,2026-01-03 19:44:00
127,431,47,download_mod,2026-01-03 19:45:00
154,368,39,upload_mod,2026-01-03 19:46:00
962,353,33,download_mod,2026-01-03 19:47:00
184,243,25,view_mod,2026-01-03 19:48:00
184,301,13,view_mod,2026-01-03 19:49:00
898,370,21,view_mod,2026-01-03 19:50:00
817,167,47,download_mod,2026-01-03 19:51:00
811,42,14,view_mod,2026-01-03 19:52:00
158,213,40,view_mod,2026-01-03 19:53:00
685,118,23,download_mod,2026-01-03 19:54:00
602,271,38,like_mod,2026-01-03 19:55:00
811,292,44,view_mod,2026-01-03 19:56:00
434,411,17,view_mod,2026-01-03 19:57:00
702,29,12,view_mod,2026-01-03 19:58:00
946,406,40,download_mod,2026-01-03 19:59:00
156,69,21,download_mod,2026-01-03 20:00:00
58,222,49,view_mod,2026-01-03 20:01:00
357,252,32,view_mod,2026-01-03 20:02:00
706,283,34,view_mod,2026-01-03 20:03:00
93,307,15,download_mod,2026-01-03 20:04:00
28,362,39,view_mod,2026-01-03 20:05:00
231,264,37,download_mod,2026-01-03 20:06:00
324,105,4,view_mod,2026-01-03 20:07:00
121,144,24,view_mod,2026-01-03 20:08:00
747,405,2,download_mod,2026-01-03 20:09:00
770,137,10,download_mod,2026-01-03 20:10:00
863,246,16,view_mod,2026-01-03 20:11:00
258,148,36,upload_mod,2026-01-03 20:12:00
692,172,43,like_mod,2026-01-03 20:13:00
611,166,47,like_mod,2026-01-03 20:14:00
763,8,24,download_mod,2026-01-03 20:15:00
849,56,17,view_mod,2026-01-03 20:16:00
187,345,42,view_mod,2026-01-03 20:17:00
658,126,2,download_mod,2026-01-03 20:18:00
81,142,41,upload_mod,2026-01-03 20:19:00
781,250,25,view_mod,2026-01-03 20:20:00
881,279,46,like_mod,2026-01-03 20:21:00
744,286,10,upload_mod,2026-01-03 20:22:00
977,213,1,view_mod,2026-01-03 20:23:00
464,479,40,view_mod,2026-01-03 20:24:00
937,287,1,view_mod,2026-01-03 20:25:00
130,373,21,upload_mod,2026-01-03 20:26:00
144,466,42,view_mod,2026-01-03 20:27:00
509,152,4,view_mod,2026-01-03 20:28:00
522,125,2,download_mod,2026-01-03 20:29:00
601,426,39,like_mod,2026-01-03 20:30:00
41,490,3,view_mod,2026-01-03 20:31:00
39,279,42,view_mod,2026-01-03 20:32:00
812,398,37,download_mod,2026-01-03 20:33:00
742,165,35,view_mod,2026-01-03 20:34:00
252,458,22,download_mod,2026-01-03 20:35:00
802,439,36,view_mod,2026-01-03 20:36:00
617,205,17,download_mod,2026-01-03 20:37:00
666,53,10,view_mod,2026-01-03 20:38:00
890,281,13,view_mod,2026-01-03 20:39:00
353,94,4,download_mod,2026-01-03 20:40:00
633,178,40,view_mod,2026-01-03 20:41:00
510,99,47,view_mod,2026-01-03 20:42:00
527,21,44,view_mod,2026-01-03 20:43:00
732,403,11,like_mod,2026-01-03 20:44:00
817,305,2,view_mod,2026-01-03 20:45:00
969,295,32,upload_mod,2026-01-03 20:46:00
320,432,7,view_mod,2026-01-03 20:47:00
270,277,42,download_mod,2026-01-03 20:48:00
988,167,49,view_mod,2026-01-03 20:49:00
420,378,4,view_mod,2026-01-03 20:50:00
787,456,26,view_mod,2026-01-03 20:51:00
971,48,14,download_mod,2026-01-03 20:52:00
766,432,8,view_mod,2026-01-03 20:53:00
238,375,8,download_mod,2026-01-03 20:54:00
830,61,30,view_mod,2026-01-03 20:55:00
494,334,37,view_mod,2026-01-03 20:56:00
334,242,39,view_mod,2026-01-03 20:57:00
821,423,23,download_mod,2026-01-03 20:58:00
954,230,30,view_mod,2026-01-03 20:59:00
750,46,43,view_mod,2026-01-03 21:00:00
976,106,5,download_mod,2026-01-03 21:01:00
658,460,12,like_mod,2026-01-03 21:02:00
231,494,48,view_mod,2026-01-03 21:03:00
608,41,36,view_mod,2026-01-03 21:04:00
417,392,23,view_mod,2026-01-03 21:05:00
715,283,12,view_mod,2026-01-03 21:06:00
999,440,25,view_mod,2026-01-03 21:07:00
98,420,24,download_mod,2026-01-03 21:08:00
107,310,36,view_mod,2026-01-03 21:09:00
377,345,12,view_mod,2026-01-03 21:10:00
760,45,32,like_mod,2026-01-03 21:11:00
226,450,25,download_mod,2026-01-03 21:12:00
384,32,13,view_mod,2026-01-03 21:13:00
767,12,36,download_mod,2026-01-03 21:14:00
488,271,32,view_mod,2026-01-03 21:15:00
248,393,12,upload_mod,2026-01-03 21:16:00
825,335,12,download_mod,2026-01-03 21:17:00
880,219,22,view_mod,2026-01-03 21:18:00
650,6,12,view_mod,2026-01-03 21:19:00
822,56,7,upload_mod,2026-01-03 21:20:00
890,376,3,view_mod,2026-01-03 21:21:00
762,53,4,view_mod,2026-01-03 21:22:00
675,221,1,view_mod,2026-01-03 21:23:00
775,74,35,like_mod,2026-01-03 21:24:00
231,462,22,like_mod,2026-01-03 21:25:00
162,41,3,view_mod,2026-01-03 21:26:00
162,429,40,view_mod,2026-01-03 21:27:00
939,117,25,view_mod,2026-01-03 21:28:00
992,189,41,download_mod,2026-01-03 21:29:00
690,312,38,view_mod,2026-01-03 21:30:00
305,152,48,view_mod,2026-01-03 21:31:00
547,435,1,download_mod,2026-01-03 21:32:00
268,249,18,view_mod,2026-01-03 21:33:00
186,306,11,view_mod,2026-01-03 21:34:00
412,229,18,like_mod,2026-01-03 21:35:00
732,148,15,upload_mod,2026-01-03 21:36:00
953,255,12,download_mod,2026-01-03 21:37:00
768,298,31,like_mod,2026-01-03 21:38:00
289,266,46,like_mod,2026-01-03 21:39:00
737,42,37,view_mod,2026-01-03 21:40:00
329,23,42,upload_mod,2026-01-03 21:41:00
769,366,48,view_mod,2026-01-03 21:42:00
382,441,29,download_mod,2026-01-03 21:43:00
740,352,44,view_mod,2026-01-03 21:44:00
540,259,25,download_mod,2026-01-03 21:45:00
241,143,28,view_mod,2026-01-03 21:46:00
380,315,1,like_mod,2026-01-03 21:47:00
958,361,18,view_mod,2026-01-03 21:48:00
33,313,45,download_mod,2026-01-03 21:49:00
862,405,45,view_mod,2026-01-03 21:50:00
139,144,31,download_mod,2026-01-03 21:51:00
401,76,20,download_mod,2026-01-03 21:52:00
483,70,14,view_mod,2026-01-03 21:53:00
712,442,42,like_mod,2026-01-03 21:54:00
738,21,36,download_mod,2026-01-03 21:55:00
151,488,12,download_mod,2026-01-03 21:56:00
558,155,13,view_mod,2026-01-03 21:57:00
551,238,30,like_mod,2026-01-03 21:58:00
450,390,24,download_mod,2026-01-03 21:59:00
230,220,30,view_mod,2026-01-03 22:00:00
551,110,46,view_mod,2026-01-03 22:01:00
209,336,7,upload_mod,2026-01-03 22:02:00
359,85,16,view_mod,2026-01-03 22:03:00
906,452,30,upload_mod,2026-01-03 22:04:00
939,134,35,download_mod,2026-01-03 22:05:00
599,145,18,view_mod,2026-01-03 22:06:00
720,140,39,download_mod,2026-01-03 22:07:00
893,196,18,view_mod,2026-01-03 22:08:00
224,131,42,download_mod,2026-01-03 22:09:00
763,318,7,view_mod,2026-01-03 22:10:00
685,257,44,download_mod,2026-01-03 22:11:00
8,16,36,upload_mod,2026-01-03 22:12:00
591,310,41,download_mod,2026-01-03 22:13:00
144,201,41,view_mod,2026-01-03 22:14:00
7,97,24,view_mod,2026-01-03 22:15:00
3,169,35,download_mod,2026-01-03 22:16:00
525,190,9,download_mod,2026-01-03 22:17:00
6,243,7,view_mod,2026-01-03 22:18:00
391,358,25,download_mod,2026-01-03 22:19:00
293,118,15,download_mod,2026-01-03 22:20:00
33,391,19,view_mod,2026-01-03 22:21:00
673,103,18,view_mod,2026-01-03 22:22:00
427,76,12,like_mod,2026-01-03 22:23:00
844,124,7,view_mod,2026-01-03 22:24:00
942,154,44,download_mod,2026-01-03 22:25:00
484,212,1,view_mod,2026-01-03 22:26:00
918,483,1,view_mod,2026-01-03 22:27:00
474,247,4,download_mod,2026-01-03 22:28:00
959,404,19,view_mod,2026-01-03 22:29:00
289,158,8,view_mod,2026-01-03 22:30:00
512,126,49,view_mod,2026-01-03 22:31:00
788,131,1,download_mod,2026-01-03 22:32:00
223,55,13,view_mod,2026-01-03 22:33:00
128,308,31,view_mod,2026-01-03 22:34:00
710,2,21,like_mod,2026-01-03 22:35:00
128,241,25,view_mod,2026-01-03 22:36:00
821,262,16,download_mod,2026-01-03 22:37:00
442,187,29,upload_mod,2026-01-03 22:38:00
516,401,12,view_mod,2026-01-03 22:39:00
752,344,5,view_mod,2026-01-03 22:40:00
975,496,42,download_mod,2026-01-03 22:41:00
9,193,30,view_mod,2026-01-03 22:42:00
99,166,22,view_mod,2026-01-03 22:43:00
246,123,33,view_mod,2026-01-03 22:44:00
186,10,11,like_mod,2026-01-03 22:45:00
56,323,21,download_mod,2026-01-03 22:46:00
701,142,29,view_mod,2026-01-03 22:47:00
855,35,45,upload_mod,2026-01-03 22:48:00
326,113,6,view_mod,2026-01-03 22:49:00
933,238,27,download_mod,2026-01-03 22:50:00
147,330,31,download_mod,2026-01-03 22:51:00
831,219,24,upload_mod,2026-01-03 22:52:00
457,385,34,download_mod,2026-01-03 22:53:00
723,170,33,download_mod,2026-01-03 22:54:00
342,123,39,like_mod,2026-01-03 22:55:00
526,311,1,view_mod,2026-01-03 22:56:00
385,484,25,view_mod,2026-01-03 22:57:00
279,67,31,download_mod,2026-01-03 22:58:00
871,40,35,like_mod,2026-01-03 22:59:00
406,71,19,view_mod,2026-01-03 23:00:00
84,287,47,view_mod,2026-01-03 23:01:00
197,4,25,download_mod,2026-01-03 23:02:00
852,195,20,download_mod,2026-01-03 23:03:00
657,332,7,like_mod,2026-01-03 23:04:00
826,7,37,view_mod,2026-01-03 23:05:00
442,206,15,view_mod,2026-01-03 23:06:00
338,24,41,download_mod,2026-01-03 23:07:00
971,375,33,download_mod,2026-01-03 23:08:00
545,314,27,download_mod,2026-01-03 23:09:00
416,94,44,view_mod,2026-01-03 23:10:00
252,42,45,like_mod,2026-01-03 23:11:00
781,385,18,download_mod,2026-01-03 23:12:00
469,188,42,view_mod,2026-01-03 23:13:00
491,61,1,view_mod,2026-01-03 23:14:00
756,370,23,download_mod,2026-01-03 23:15:00
613,275,30,view_mod,2026-01-03 23:16:00
245,308,19,view_mod,2026-01-03 23:17:00
433,284,23,view_mod,2026-01-03 23:18:00
499,327,46,view_mod,2026-01-03 23:19:00
231,313,27,download_mod,2026-01-03 23:20:00
425,77,1,download_mod,2026-01-03 23:21:00
630,51,34,download_mod,2026-01-03 23:22:00
577,204,40,download_mod,2026-01-03 23:23:00
116,141,46,view_mod,2026-01-03 23:24:00
17,223,28,view_mod,2026-01-03 23:25:00
435,115,19,view_mod,2026-01-03 23:26:00
973,419,13,view_mod,2026-01-03 23:27:00
878,238,14,view_mod,2026-01-03 23:28:00
733,155,36,download_mod,2026-01-03 23:29:00
615,137,47,download_mod,2026-01-03 23:30:00
958,338,43,view_mod,2026-01-03 23:31:00
211,34,43,download_mod,2026-01-03 23:32:00
426,240,14,view_mod,2026-01-03 23:33:00
284,334,9,view_mod,2026-01-03 23:34:00
748,399,39,view_mod,2026-01-03 23:35:00
151,353,47,view_mod,2026-01-03 23:36:00
328,430,15,like_mod,2026-01-03 23:37:00
61,452,30,download_mod,2026-01-03 23:38:00
922,291,25,view_mod,2026-01-03 23:39:00
730,252,7,view_mod,2026-01-03 23:40:00
195,60,16,download_mod,2026-01-03 23:41:00
257,98,12,like_mod,2026-01-03 23:42:00
4,435,26,like_mod,2026-01-03 23:43:00
492,190,5,download_mod,2026-01-03 23:44:00
676,71,47,view_mod,2026-01-03 23:45:00
234,462,20,like_mod,2026-01-03 23:46:00
788,386,41,download_mod,2026-01-03 23:47:00
422,379,12,view_mod,2026-01-03 23:48:00
812,136,2,download_mod,2026-01-03 23:49:00
397,351,8,view_mod,2026-01-03 23:50:00
196,470,38,download_mod,2026-01-03 23:51:00
18,33,9,view_mod,2026-01-03 23:52:00
619,98,49,download_mod,2026-01-03 23:53:00
957,106,26,download_mod,2026-01-03 23:54:00
235,70,23,download_mod,2026-01-03 23:55:00
379,421,22,view_mod,2026-01-03 23:56:00
44,150,5,view_mod,2026-01-03 23:57:00
868,131,12,download_mod,2026-01-03 23:58:00
877,352,1,download_mod,2026-01-03 23:59:00
91,250,2,view_mod,2026-01-04 00:00:00
441,468,7,upload_mod,2026-01-04 00:01:00
171,432,17,upload_mod,2026-01-04 00:02:00
14,1,21,view_mod,2026-01-04 00:03:00
748,469,1,view_mod,2026-01-04 00:04:00
490,194,43,like_mod,2026-01-04 00:05:00
802,78,38,view_mod,2026-01-04 00:06:00
512,17,37,download_mod,2026-01-04 00:07:00
2,192,9,upload_mod,2026-01-04 00:08:00
268,272,42,download_mod,2026-01-04 00:09:00
225,310,12,view_mod,2026-01-04 00:10:00
881,58,25,download_mod,2026-01-04 00:11:00
878,377,16,view_mod,2026-01-04 00:12:00
112,65,40,view_mod,2026-01-04 00:13:00
81,327,10,view_mod,2026-01-04 00:14:00
58,308,14,view_mod,2026-01-04 00:15:00
604,288,36,upload_mod,2026-01-04 00:16:00
246,170,7,download_mod,2026-01-04 00:17:00
832,484,27,download_mod,2026-01-04 00:18:00
831,203,44,view_mod,2026-01-04 00:19:00
992,460,32,download_mod,2026-01-04 00:20:00
963,160,30,download_mod,2026-01-04 00:21:00
216,31,36,view_mod,2026-01-04 00:22:00
424,69,38,view_mod,2026-01-04 00:23:00
708,115,23,download_mod,2026-01-04 00:24:00
530,96,39,view_mod,2026-01-04 00:25:00
472,181,2,download_mod,2026-01-04 00:26:00
942,109,10,view_mod,2026-01-04 00:27:00
743,189,26,view_mod,2026-01-04 00:28:00
107,322,37,download_mod,2026-01-04 00:29:00
683,30,27,download_mod,2026-01-04 00:30:00
506,426,40,like_mod,2026-01-04 00:31:00
61,371,8,view_mod,2026-01-04 00:32:00
866,199,16,view_mod,2026-01-04 00:33:00
744,204,38,download_mod,2026-01-04 00:34:00
29,438,49,view_mod,2026-01-04 00:35:00
184,365,44,download_mod,2026-01-04 00:36:00
290,440,4,download_mod,2026-01-04 00:37:00
907,434,42,view_mod,2026-01-04 00:38:00
683,166,2,download_mod,2026-01-04 00:39:00
106,405,12,view_mod,2026-01-04 00:40:00
933,2,5,download_mod,2026-01-04 00:41:00
418,245,19,upload_mod,2026-01-04 00:42:00
228,220,29,download_mod,2026-01-04 00:43:00
186,25,46,upload_mod,2026-01-04 00:44:00
94,79,31,download_mod,2026-01-04 00:45:00
214,452,7,view_mod,2026-01-04 00:46:00
933,323,29,upload_mod,2026-01-04 00:47:00
284,192,35,upload_mod,2026-01-04 00:48:00
302,446,45,download_mod,2026-01-04 00:49:00
960,226,17,download_mod,2026-01-04 00:50:00
564,54,17,view_mod,2026-01-04 00:51:00
11,460,21,upload_mod,2026-01-04 00:52:00
136,236,34,view_mod,2026-01-04 00:53:00
924,78,10,view_mod,2026-01-04 00:54:00
354,127,37,view_mod,2026-01-04 00:55:00
353,298,28,download_mod,2026-01-04 00:56:00
703,485,6,download_mod,2026-01-04 00:57:00
232,328,43,view_mod,2026-01-04 00:58:00
790,106,44,like_mod,2026-01-04 00:59:00
519,9,36,like_mod,2026-01-04 01:00:00
798,166,14,view_mod,2026-01-04 01:01:00
23,217,15,view_mod,2026-01-04 01:02:00
261,401,40,upload_mod,2026-01-04 01:03:00
864,436,25,view_mod,2026-01-04 01:04:00
156,367,22,view_mod,2026-01-04 01:05:00
996,346,18,view_mod,2026-01-04 01:06:00
332,461,31,like_mod,2026-01-04 01:07:00
961,296,13,download_mod,2026-01-04 01:08:00
329,93,22,upload_mod,2026-01-04 01:09:00
599,387,6,download_mod,2026-01-04 01:10:00
409,272,2,view_mod,2026-01-04 01:11:00
72,377,46,view_mod,2026-01-04 01:12:00
382,263,31,download_mod,2026-01-04 01:13:00
731,69,43,view_mod,2026-01-04 01:14:00
768,312,20,upload_mod,2026-01-04 01:15:00
342,447,44,upload_mod,2026-01-04 01:16:00
577,388,44,view_mod,2026-01-04 01:17:00
891,101,1,view_mod,2026-01-04 01:18:00
284,408,4,view_mod,2026-01-04 01:19:00
941,480,9,view_mod,2026-01-04 01:20:00
753,406,40,view_mod,2026-01-04 01:21:00
210,4,34,view_mod,2026-01-04 01:22:00
640,359,27,view_mod,2026-01-04 01:23:00
486,23,20,view_mod,2026-01-04 01:24:00
635,154,24,view_mod,2026-01-04 01:25:00
332,418,28,download_mod,2026-01-04 01:26:00
605,257,37,download_mod,2026-01-04 01:27:00
899,273,31,view_mod,2026-01-04 01:28:00
559,330,4,download_mod,2026-01-04 01:29:00
692,258,18,view_mod,2026-01-04 01:30:00
819,386,29,upload_mod,2026-01-04 01:31:00
952,60,29,download_mod,2026-01-04 01:32:00
349,135,25,download_mod,2026-01-04 01:33:00
323,449,30,upload_mod,2026-01-04 01:34:00
404,118,14,like_mod,2026-01-04 01:35:00
201,416,19,view_mod,2026-01-04 01:36:00
404,3,11,view_mod,2026-01-04 01:37:00
94,123,17,view_mod,2026-01-04 01:38:00
800,20,19,view_mod,2026-01-04 01:39:00
68,40,29,download_mod,2026-01-04 01:40:00
962,43,34,view_mod,2026-01-04 01:41:00
420,62,9,view_mod,2026-01-04 01:42:00
959,214,4,view_mod,2026-01-04 01:43:00
475,384,10,view_mod,2026-01-04 01:44:00
596,456,30,download_mod,2026-01-04 01:45:00
513,344,35,view_mod,2026-01-04 01:46:00
621,270,49,view_mod,2026-01-04 01:47:00
468,247,19,view_mod,2026-01-04 01:48:00
939,84,45,like_mod,2026-01-04 01:49:00
569,3,41,view_mod,2026-01-04 01:50:00
584,209,3,download_mod,2026-01-04 01:51:00
436,10,13,view_mod,2026-01-04 01:52:00
225,278,9,view_mod,2026-01-04 01:53:00
315,332,21,view_mod,2026-01-04 01:54:00
894,120,9,like_mod,2026-01-04 01:55:00
868,262,37,view_mod,2026-01-04 01:56:00
363,242,31,download_mod,2026-01-04 01:57:00
242,291,32,download_mod,2026-01-04 01:58:00
911,368,45,view_mod,2026-01-04 01:59:00
639,285,11,download_mod,2026-01-04 02:00:00
481,54,32,view_mod,2026-01-04 02:01:00
118,23,1,download_mod,2026-01-04 02:02:00
114,424,27,view_mod,2026-01-04 02:03:00
378,190,3,like_mod,2026-01-04 02:04:00
704,276,12,upload_mod,2026-01-04 02:05:00
161,278,28,download_mod,2026-01-04 02:06:00
216,473,48,view_mod,2026-01-04 02:07:00
156,457,26,view_mod,2026-01-04 02:08:00
559,215,13,view_mod,2026-01-04 02:09:00
920,439,5,upload_mod,2026-01-04 02:10:00
432,254,39,view_mod,2026-01-04 02:11:00
261,78,23,view_mod,2026-01-04 02:12:00
442,436,27,view_mod,2026-01-04 02:13:00
540,464,18,like_mod,2026-01-04 02:14:00
392,434,10,like_mod,2026-01-04 02:15:00
966,19,21,view_mod,2026-01-04 02:16:00
767,230,47,view_mod,2026-01-04 02:17:00
562,435,39,like_mod,2026-01-04 02:18:00
470,404,18,upload_mod,2026-01-04 02:19:00
359,488,39,view_mod,2026-01-04 02:20:00
842,42,36,download_mod,2026-01-04 02:21:00
993,366,1,view_mod,2026-01-04 02:22:00
707,43,13,view_mod,2026-01-04 02:23:00
334,31,26,view_mod,2026-01-04 02:24:00
118,109,9,view_mod,2026-01-04 02:25:00
640,155,24,view_mod,2026-01-04 02:26:00
752,154,4,view_mod,2026-01-04 02:27:00
848,120,12,download_mod,2026-01-04 02:28:00
763,464,10,view_mod,2026-01-04 02:29:00
404,285,45,download_mod,2026-01-04 02:30:00
65,80,36,view_mod,2026-01-04 02:31:00
327,473,20,view_mod,2026-01-04 02:32:00
426,272,12,view_mod,2026-01-04 02:33:00
475,151,21,view_mod,2026-01-04 02:34:00
352,361,15,like_mod,2026-01-04 02:35:00
364,300,45,view_mod,2026-01-04 02:36:00
762,205,30,view_mod,2026-01-04 02:37:00
465,285,15,like_mod,2026-01-04 02:38:00
128,438,19,view_mod,2026-01-04 02:39:00
553,182,17,view_mod,2026-01-04 02:40:00
119,99,37,upload_mod,2026-01-04 02:41:00
142,425,38,view_mod,2026-01-04 02:42:00
894,367,17,upload_mod,2026-01-04 02:43:00
746,381,35,download_mod,2026-01-04 02:44:00
891,268,5,like_mod,2026-01-04 02:45:00
723,370,21,view_mod,2026-01-04 02:46:00
214,345,23,download_mod,2026-01-04 02:47:00
99,26,2,like_mod,2026-01-04 02:48:00
554,164,23,view_mod,2026-01-04 02:49:00
962,31,40,view_mod,2026-01-04 02:50:00
336,474,9,view_mod,2026-01-04 02:51:00
77,347,21,view_mod,2026-01-04 02:52:00
776,398,39,view_mod,2026-01-04 02:53:00
435,325,20,upload_mod,2026-01-04 02:54:00
288,254,12,download_mod,2026-01-04 02:55:00
663,268,47,view_mod,2026-01-04 02:56:00
658,157,38,view_mod,2026-01-04 02:57:00
605,308,11,view_mod,2026-01-04 02:58:00
376,131,2,like_mod,2026-01-04 02:59:00
298,137,46,view_mod,2026-01-04 03:00:00
712,446,35,view_mod,2026-01-04 03:01:00
302,418,18,download_mod,2026-01-04 03:02:00
73,131,1,download_mod,2026-01-04 03:03:00
874,182,22,upload_mod,2026-01-04 03:04:00
205,17,17,view_mod,2026-01-04 03:05:00
147,118,35,view_mod,2026-01-04 03:06:00
512,179,38,view_mod,2026-01-04 03:07:00
537,212,37,view_mod,2026-01-04 03:08:00
128,148,33,view_mod,2026-01-04 03:09:00
378,442,46,view_mod,2026-01-04 03:10:00
397,35,28,view_mod,2026-01-04 03:11:00
394,68,18,download_mod,2026-01-04 03:12:00
888,106,45,view_mod,2026-01-04 03:13:00
388,70,42,view_mod,2026-01-04 03:14:00
435,177,37,download_mod,2026-01-04 03:15:00
52,250,1,view_mod,2026-01-04 03:16:00
127,475,16,view_mod,2026-01-04 03:17:00
316,22,28,view_mod,2026-01-04 03:18:00
528,317,12,upload_mod,2026-01-04 03:19:00
70,107,17,download_mod,2026-01-04 03:20:00
900,96,14,view_mod,2026-01-04 03:21:00
605,96,36,download_mod,2026-01-04 03:22:00
697,16,25,upload_mod,2026-01-04 03:23:00
928,359,3,download_mod,2026-01-04 03:24:00
183,29,34,upload_mod,2026-01-04 03:25:00
460,307,15,download_mod,2026-01-04 03:26:00
970,75,26,view_mod,2026-01-04 03:27:00
773,213,17,upload_mod,2026-01-04 03:28:00
466,6,41,view_mod,2026-01-04 03:29:00
329,1,24,download_mod,2026-01-04 03:30:00
493,25,39,download_mod,2026-01-04 03:31:00
450,433,1,like_mod,2026-01-04 03:32:00
41,39,30,upload_mod,2026-01-04 03:33:00
737,61,30,view_mod,2026-01-04 03:34:00
949,81,16,view_mod,2026-01-04 03:35:00
142,298,5,view_mod,2026-01-04 03:36:00
176,294,37,view_mod,2026-01-04 03:37:00
103,377,38,upload_mod,2026-01-04 03:38:00
146,55,37,view_mod,2026-01-04 03:39:00
30,483,23,view_mod,2026-01-04 03:40:00
850,204,6,download_mod,2026-01-04 03:41:00
740,162,2,download_mod,2026-01-04 03:42:00
135,279,9,view_mod,2026-01-04 03:43:00
511,314,11,upload_mod,2026-01-04 03:44:00
561,381,6,view_mod,2026-01-04 03:45:00
265,327,4,download_mod,2026-01-04 03:46:00
566,97,43,like_mod,2026-01-04 03:47:00
774,356,2,download_mod,2026-01-04 03:48:00
965,249,18,download_mod,2026-01-04 03:49:00
468,78,45,like_mod,2026-01-04 03:50:00
503,38,45,view_mod,2026-01-04 03:51:00
272,158,5,view_mod,2026-01-04 03:52:00
417,334,33,view_mod,2026-01-04 03:53:00
782,498,15,view_mod,2026-01-04 03:54:00
115,42,21,view_mod,2026-01-04 03:55:00
59,285,12,view_mod,2026-01-04 03:56:00
373,473,30,upload_mod,2026-01-04 03:57:00
151,135,9,view_mod,2026-01-04 03:58:00
380,270,44,like_mod,2026-01-04 03:59:00
958,342,43,download_mod,2026-01-04 04:00:00
465,408,20,download_mod,2026-01-04 04:01:00
732,392,45,download_mod,2026-01-04 04:02:00
828,32,14,view_mod,2026-01-04 04:03:00
452,264,28,download_mod,2026-01-04 04:04:00
872,411,41,view_mod,2026-01-04 04:05:00
81,474,44,like_mod,2026-01-04 04:06:00
70,194,42,download_mod,2026-01-04 04:07:00
556,35,26,download_mod,2026-01-04 04:08:00
666,239,17,upload_mod,2026-01-04 04:09:00
352,106,5,view_mod,2026-01-04 04:10:00
131,71,1,upload_mod,2026-01-04 04:11:00
93,445,10,download_mod,2026-01-04 04:12:00
483,394,2,download_mod,2026-01-04 04:13:00
320,69,13,view_mod,2026-01-04 04:14:00
3,479,21,upload_mod,2026-01-04 04:15:00
615,301,26,download_mod,2026-01-04 04:16:00
983,298,33,view_mod,2026-01-04 04:17:00
141,103,37,view_mod,2026-01-04 04:18:00
806,159,48,upload_mod,2026-01-04 04:19:00
50,222,12,download_mod,2026-01-04 04:20:00
382,178,22,download_mod,2026-01-04 04:21:00
286,144,5,download_mod,2026-01-04 04:22:00
739,38,22,view_mod,2026-01-04 04:23:00
86,166,43,like_mod,2026-01-04 04:24:00
9,488,25,like_mod,2026-01-04 04:25:00
416,389,16,upload_mod,2026-01-04 04:26:00
981,291,17,view_mod,2026-01-04 04:27:00
979,239,44,download_mod,2026-01-04 04:28:00
741,185,14,view_mod,2026-01-04 04:29:00
268,137,39,upload_mod,2026-01-04 04:30:00
175,112,43,download_mod,2026-01-04 04:31:00
709,53,31,view_mod,2026-01-04 04:32:00
19,99,38,view_mod,2026-01-04 04:33:00
465,10,47,view_mod,2026-01-04 04:34:00
512,145,25,view_mod,2026-01-04 04:35:00
368,299,14,view_mod,2026-01-04 04:36:00
177,71,36,download_mod,2026-01-04 04:37:00
811,397,38,download_mod,2026-01-04 04:38:00
323,305,13,view_mod,2026-01-04 04:39:00
557,296,34,download_mod,2026-01-04 04:40:00
518,352,45,view_mod,2026-01-04 04:41:00
620,327,42,view_mod,2026-01-04 04:42:00
993,91,10,download_mod,2026-01-04 04:43:00
122,124,29,view_mod,2026-01-04 04:44:00
484,27,12,upload_mod,2026-01-04 04:45:00
788,204,3,download_mod,2026-01-04 04:46:00
741,190,44,download_mod,2026-01-04 04:47:00
215,445,47,view_mod,2026-01-04 04:48:00
402,88,7,download_mod,2026-01-04 04:49:00
361,39,4,download_mod,2026-01-04 04:50:00
398,291,5,download_mod,2026-01-04 04:51:00
270,410,5,view_mod,2026-01-04 04:52:00
260,178,41,like_mod,2026-01-04 04:53:00
515,399,7,view_mod,2026-01-04 04:54:00
225,221,6,download_mod,2026-01-04 04:55:00
322,290,1,download_mod,2026-01-04 04:56:00
313,200,32,like_mod,2026-01-04 04:57:00
128,110,16,view_mod,2026-01-04 04:58:00
203,353,27,view_mod,2026-01-04 04:59:00
751,174,7,like_mod,2026-01-04 05:00:00
297,348,20,like_mod,2026-01-04 05:01:00
82,373,1,download_mod,2026-01-04 05:02:00
357,260,36,view_mod,2026-01-04 05:03:00
598,148,1,download_mod,2026-01-04 05:04:00
16,139,4,view_mod,2026-01-04 05:05:00
841,5,16,download_mod,2026-01-04 05:06:00
918,146,14,download_mod,2026-01-04 05:07:00
828,178,15,upload_mod,2026-01-04 05:08:00
786,105,22,download_mod,2026-01-04 05:09:00
611,202,23,view_mod,2026-01-04 05:10:00
727,168,8,view_mod,2026-01-04 05:11:00
403,48,44,view_mod,2026-01-04 05:12:00
100,18,32,view_mod,2026-01-04 05:13:00
175,405,2,view_mod,2026-01-04 05:14:00
540,30,27,download_mod,2026-01-04 05:15:00
874,106,6,download_mod,2026-01-04 05:16:00
267,137,28,view_mod,2026-01-04 05:17:00
324,395,47,download_mod,2026-01-04 05:18:00
139,70,7,view_mod,2026-01-04 05:19:00
544,252,27,upload_mod,2026-01-04 05:20:00
296,226,25,view_mod,2026-01-04 05:21:00
407,313,32,download_mod,2026-01-04 05:22:00
709,111,34,download_mod,2026-01-04 05:23:00
87,210,25,view_mod,2026-01-04 05:24:00
581,348,15,view_mod,2026-01-04 05:25:00
822,226,16,view_mod,2026-01-04 05:26:00
180,300,41,view_mod,2026-01-04 05:27:00
814,84,35,view_mod,2026-01-04 05:28:00
162,370,33,view_mod,2026-01-04 05:29:00
293,3,39,view_mod,2026-01-04 05:30:00
869,419,14,download_mod,2026-01-04 05:31:00
1,267,31,like_mod,2026-01-04 05:32:00
813,81,44,upload_mod,2026-01-04 05:33:00
577,283,28,download_mod,2026-01-04 05:34:00
583,415,49,upload_mod,2026-01-04 05:35:00
369,46,36,upload_mod,2026-01-04 05:36:00
842,78,39,view_mod,2026-01-04 05:37:00
567,105,38,like_mod,2026-01-04 05:38:00
815,168,13,view_mod,2026-01-04 05:39:00
364,490,21,view_mod,2026-01-04 05:40:00
242,139,11,view_mod,2026-01-04 05:41:00
657,210,30,view_mod,2026-01-04 05:42:00
522,47,31,download_mod,2026-01-04 05:43:00
863,161,25,view_mod,2026-01-04 05:44:00
843,489,43,view_mod,2026-01-04 05:45:00
840,269,30,like_mod,2026-01-04 05:46:00
999,340,2,like_mod,2026-01-04 05:47:00
462,138,35,download_mod,2026-01-04 05:48:00
769,422,24,download_mod,2026-01-04 05:49:00
89,1,12,view_mod,2026-01-04 05:50:00
277,257,15,download_mod,2026-01-04 05:51:00
539,147,1,upload_mod,2026-01-04 05:52:00
144,159,32,upload_mod,2026-01-04 05:53:00
547,435,46,view_mod,2026-01-04 05:54:00
369,120,21,view_mod,2026-01-04 05:55:00
609,259,2,download_mod,2026-01-04 05:56:00
865,198,30,view_mod,2026-01-04 05:57:00
958,406,46,download_mod,2026-01-04 05:58:00
241,250,20,view_mod,2026-01-04 05:59:00
351,238,7,view_mod,2026-01-04 06:00:00
608,158,10,view_mod,2026-01-04 06:01:00
558,206,48,view_mod,2026-01-04 06:02:00
475,468,4,view_mod,2026-01-04 06:03:00
970,344,40,view_mod,2026-01-04 06:04:00
663,72,20,like_mod,2026-01-04 06:05:00
359,351,3,view_mod,2026-01-04 06:06:00
896,250,29,download_mod,2026-01-04 06:07:00
618,125,46,view_mod,2026-01-04 06:08:00
819,121,11,like_mod,2026-01-04 06:09:00
534,443,17,view_mod,2026-01-04 06:10:00
594,172,22,upload_mod,2026-01-04 06:11:00
962,288,33,upload_mod,2026-01-04 06:12:00
812,74,34,download_mod,2026-01-04 06:13:00
715,106,21,download_mod,2026-01-04 06:14:00
570,131,10,view_mod,2026-01-04 06:15:00
361,74,18,download_mod,2026-01-04 06:16:00
819,280,44,view_mod,2026-01-04 06:17:00
244,192,18,view_mod,2026-01-04 06:18:00
256,347,41,upload_mod,2026-01-04 06:19:00
909,269,16,download_mod,2026-01-04 06:20:00
345,3,23,download_mod,2026-01-04 06:21:00
184,27,22,view_mod,2026-01-04 06:22:00
501,358,15,view_mod,2026-01-04 06:23:00
719,480,44,view_mod,2026-01-04 06:24:00
784,349,7,download_mod,2026-01-04 06:25:00
111,349,47,like_mod,2026-01-04 06:26:00
289,117,35,download_mod,2026-01-04 06:27:00
927,401,4,download_mod,2026-01-04 06:28:00
874,14,3,view_mod,2026-01-04 06:29:00
52,76,23,view_mod,2026-01-04 06:30:00
781,91,24,view_mod,2026-01-04 06:31:00
265,153,21,view_mod,2026-01-04 06:32:00
745,432,2,view_mod,2026-01-04 06:33:00
36,253,37,view_mod,2026-01-04 06:34:00
675,444,10,download_mod,2026-01-04 06:35:00
492,38,32,view_mod,2026-01-04 06:36:00
332,429,38,view_mod,2026-01-04 06:37:00
787,369,35,download_mod,2026-01-04 06:38:00
428,111,25,download_mod,2026-01-04 06:39:00
505,192,2,like_mod,2026-01-04 06:40:00
20,431,22,upload_mod,2026-01-04 06:41:00
345,371,19,view_mod,2026-01-04 06:42:00
854,373,1,download_mod,2026-01-04 06:43:00
234,481,1,view_mod,2026-01-04 06:44:00
533,48,16,download_mod,2026-01-04 06:45:00
865,493,32,view_mod,2026-01-04 06:46:00
659,222,22,view_mod,2026-01-04 06:47:00
363,294,8,upload_mod,2026-01-04 06:48:00
332,480,47,view_mod,2026-01-04 06:49:00
738,234,19,view_mod,2026-01-04 06:50:00
606,300,23,download_mod,2026-01-04 06:51:00
536,419,24,view_mod,2026-01-04 06:52:00
598,404,21,view_mod,2026-01-04 06:53:00
214,3,49,view_mod,2026-01-04 06:54:00
1,423,48,download_mod,2026-01-04 06:55:00
521,198,37,download_mod,2026-01-04 06:56:00
695,447,21,upload_mod,2026-01-04 06:57:00
25,308,23,download_mod,2026-01-04 06:58:00
403,187,49,view_mod,2026-01-04 06:59:00
593,479,22,view_mod,2026-01-04 07:00:00
15,411,26,view_mod,2026-01-04 07:01:00
690,441,26,download_mod,2026-01-04 07:02:00
408,354,29,download_mod,2026-01-04 07:03:00
916,377,33,download_mod,2026-01-04 07:04:00
123,82,2,view_mod,2026-01-04 07:05:00
540,207,44,upload_mod,2026-01-04 07:06:00
390,495,35,view_mod,2026-01-04 07:07:00
473,261,11,download_mod,2026-01-04 07:08:00
422,397,44,download_mod,2026-01-04 07:09:00
543,405,14,view_mod,2026-01-04 07:10:00
90,164,10,download_mod,2026-01-04 07:11:00
796,455,11,view_mod,2026-01-04 07:12:00
280,67,46,view_mod,2026-01-04 07:13:00
855,177,10,upload_mod,2026-01-04 07:14:00
13,9,2,upload_mod,2026-01-04 07:15:00
556,301,46,view_mod,2026-01-04 07:16:00
288,95,17,download_mod,2026-01-04 07:17:00
353,156,1,view_mod,2026-01-04 07:18:00
351,125,24,upload_mod,2026-01-04 07:19:00
214,376,49,view_mod,2026-01-04 07:20:00
602,162,36,view_mod,2026-01-04 07:21:00
801,381,11,view_mod,2026-01-04 07:22:00
35,104,2,download_mod,2026-01-04 07:23:00
703,180,26,upload_mod,2026-01-04 07:24:00
734,496,27,download_mod,2026-01-04 07:25:00
947,294,9,like_mod,2026-01-04 07:26:00
876,4,44,download_mod,2026-01-04 07:27:00
58,465,28,like_mod,2026-01-04 07:28:00
38,416,37,view_mod,2026-01-04 07:29:00
150,317,46,view_mod,2026-01-04 07:30:00
632,336,38,like_mod,2026-01-04 07:31:00
840,499,31,download_mod,2026-01-04 07:32:00
871,69,28,upload_mod,2026-01-04 07:33:00
885,187,30,download_mod,2026-01-04 07:34:00
334,127,28,view_mod,2026-01-04 07:35:00
464,473,42,download_mod,2026-01-04 07:36:00
636,258,13,download_mod,2026-01-04 07:37:00
415,284,26,view_mod,2026-01-04 07:38:00
798,120,48,upload_mod,2026-01-04 07:39:00
888,127,45,view_mod,2026-01-04 07:40:00
529,328,36,view_mod,2026-01-04 07:41:00
815,383,36,download_mod,2026-01-04 07:42:00
420,57,4,view_mod,2026-01-04 07:43:00
250,59,29,download_mod,2026-01-04 07:44:00
702,405,48,view_mod,2026-01-04 07:45:00
985,367,10,view_mod,2026-01-04 07:46:00
702,296,2,upload_mod,2026-01-04 07:47:00
719,302,49,download_mod,2026-01-04 07:48:00
960,259,41,view_mod,2026-01-04 07:49:00
492,405,6,view_mod,2026-01-04 07:50:00
599,11,5,view_mod,2026-01-04 07:51:00
759,456,34,upload_mod,2026-01-04 07:52:00
991,298,16,upload_mod,2026-01-04 07:53:00
157,376,23,download_mod,2026-01-04 07:54:00
766,205,15,view_mod,2026-01-04 07:55:00
204,167,41,download_mod,2026-01-04 07:56:00
955,79,18,view_mod,2026-01-04 07:57:00
126,430,40,download_mod,2026-01-04 07:58:00
449,99,33,view_mod,2026-01-04 07:59:00
724,13,27,download_mod,2026-01-04 08:00:00
110,437,42,like_mod,2026-01-04 08:01:00
986,401,36,like_mod,2026-01-04 08:02:00
219,130,37,view_mod,2026-01-04 08:03:00
799,389,10,download_mod,2026-01-04 08:04:00
600,332,13,like_mod,2026-01-04 08:05:00
873,143,10,view_mod,2026-01-04 08:06:00
714,225,35,download_mod,2026-01-04 08:07:00
316,372,25,view_mod,2026-01-04 08:08:00
122,30,42,view_mod,2026-01-04 08:09:00
501,245,47,view_mod,2026-01-04 08:10:00
847,414,48,view_mod,2026-01-04 08:11:00
342,384,26,download_mod,2026-01-04 08:12:00
54,333,22,download_mod,2026-01-04 08:13:00
542,477,49,view_mod,2026-01-04 08:14:00
686,187,41,like_mod,2026-01-04 08:15:00
882,382,27,upload_mod,2026-01-04 08:16:00
271,9,18,view_mod,2026-01-04 08:17:00
823,496,30,download_mod,2026-01-04 08:18:00
807,137,24,view_mod,2026-01-04 08:19:00
755,379,32,view_mod,2026-01-04 08:20:00
404,80,22,download_mod,2026-01-04 08:21:00
483,139,49,download_mod,2026-01-04 08:22:00
273,397,31,view_mod,2026-01-04 08:23:00
139,453,4,view_mod,2026-01-04 08:24:00
409,196,11,view_mod,2026-01-04 08:25:00
144,314,12,download_mod,2026-01-04 08:26:00
481,386,47,download_mod,2026-01-04 08:27:00
71,479,2,view_mod,2026-01-04 08:28:00
807,377,3,download_mod,2026-01-04 08:29:00
583,461,3,like_mod,2026-01-04 08:30:00
874,7,28,download_mod,2026-01-04 08:31:00
846,4,30,download_mod,2026-01-04 08:32:00
699,226,18,upload_mod,2026-01-04 08:33:00
594,407,1,view_mod,2026-01-04 08:34:00
703,134,5,download_mod,2026-01-04 08:35:00
292,33,36,download_mod,2026-01-04 08:36:00
928,321,41,view_mod,2026-01-04 08:37:00
927,387,32,download_mod,2026-01-04 08:38:00
725,131,4,upload_mod,2026-01-04 08:39:00
65,140,47,view_mod,2026-01-04 08:40:00
701,441,44,view_mod,2026-01-04 08:41:00
136,287,8,view_mod,2026-01-04 08:42:00
328,212,10,view_mod,2026-01-04 08:43:00
336,471,24,view_mod,2026-01-04 08:44:00
441,478,5,like_mod,2026-01-04 08:45:00
685,249,24,view_mod,2026-01-04 08:46:00
607,42,41,view_mod,2026-01-04 08:47:00
528,152,3,download_mod,2026-01-04 08:48:00
702,332,18,download_mod,2026-01-04 08:49:00
617,186,8,view_mod,2026-01-04 08:50:00
306,217,13,view_mod,2026-01-04 08:51:00
945,95,43,view_mod,2026-01-04 08:52:00
72,76,36,view_mod,2026-01-04 08:53:00
57,19,36,download_mod,2026-01-04 08:54:00
11,391,26,download_mod,2026-01-04 08:55:00
920,210,29,view_mod,2026-01-04 08:56:00
334,32,16,upload_mod,2026-01-04 08:57:00
8,353,5,view_mod,2026-01-04 08:58:00
379,353,17,like_mod,2026-01-04 08:59:00
868,211,16,upload_mod,2026-01-04 09:00:00
557,432,5,download_mod,2026-01-04 09:01:00
739,101,32,view_mod,2026-01-04 09:02:00
324,266,16,download_mod,2026-01-04 09:03:00
885,201,6,view_mod,2026-01-04 09:04:00
362,425,6,view_mod,2026-01-04 09:05:00
404,405,34,upload_mod,2026-01-04 09:06:00
483,149,7,view_mod,2026-01-04 09:07:00
209,31,42,view_mod,2026-01-04 09:08:00
494,456,40,upload_mod,2026-01-04 09:09:00
615,26,34,download_mod,2026-01-04 09:10:00
326,137,45,download_mod,2026-01-04 09:11:00
786,126,36,view_mod,2026-01-04 09:12:00
536,310,23,view_mod,2026-01-04 09:13:00
286,179,49,view_mod,2026-01-04 09:14:00
695,337,12,download_mod,2026-01-04 09:15:00
477,338,19,download_mod,2026-01-04 09:16:00
802,145,2,view_mod,2026-01-04 09:17:00
107,497,43,like_mod,2026-01-04 09:18:00
381,321,20,view_mod,2026-01-04 09:19:00
215,477,24,view_mod,2026-01-04 09:20:00
805,125,3,view_mod,2026-01-04 09:21:00
174,387,23,view_mod,2026-01-04 09:22:00
795,337,46,view_mod,2026-01-04 09:23:00
6,466,47,download_mod,2026-01-04 09:24:00
262,495,42,download_mod,2026-01-04 09:25:00
614,202,38,download_mod,2026-01-04 09:26:00
859,467,22,like_mod,2026-01-04 09:27:00
987,115,8,download_mod,2026-01-04 09:28:00
922,300,8,view_mod,2026-01-04 09:29:00
841,228,2,view_mod,2026-01-04 09:30:00
3,306,7,download_mod,2026-01-04 09:31:00
254,109,26,download_mod,2026-01-04 09:32:00
292,152,29,download_mod,2026-01-04 09:33:00
147,143,32,view_mod,2026-01-04 09:34:00
9,163,12,download_mod,2026-01-04 09:35:00
22,122,45,download_mod,2026-01-04 09:36:00
103,330,36,view_mod,2026-01-04 09:37:00
433,202,13,view_mod,2026-01-04 09:38:00
525,460,20,download_mod,2026-01-04 09:39:00
16,191,49,view_mod,2026-01-04 09:40:00
137,366,36,view_mod,2026-01-04 09:41:00
396,372,48,download_mod,2026-01-04 09:42:00
482,390,43,like_mod,2026-01-04 09:43:00
746,295,5,download_mod,2026-01-04 09:44:00
305,282,13,view_mod,2026-01-04 09:45:00
922,17,45,view_mod,2026-01-04 09:46:00
58,483,43,like_mod,2026-01-04 09:47:00
405,423,22,view_mod,2026-01-04 09:48:00
378,238,30,view_mod,2026-01-04 09:49:00
193,36,18,view_mod,2026-01-04 09:50:00
49,41,34,download_mod,2026-01-04 09:51:00
225,496,23,upload_mod,2026-01-04 09:52:00
248,388,40,view_mod,2026-01-04 09:53:00
199,415,23,view_mod,2026-01-04 09:54:00
215,326,27,download_mod,2026-01-04 09:55:00
563,445,34,like_mod,2026-01-04 09:56:00
292,144,41,view_mod,2026-01-04 09:57:00
456,499,13,upload_mod,2026-01-04 09:58:00
814,111,39,like_mod,2026-01-04 09:59:00
524,165,26,download_mod,2026-01-04 10:00:00
975,157,25,view_mod,2026-01-04 10:01:00
718,448,20,upload_mod,2026-01-04 10:02:00
51,377,48,download_mod,2026-01-04 10:03:00
311,57,35,view_mod,2026-01-04 10:04:00
144,272,40,view_mod,2026-01-04 10:05:00
949,434,39,like_mod,2026-01-04 10:06:00
309,19,11,view_mod,2026-01-04 10:07:00
361,440,37,view_mod,2026-01-04 10:08:00
295,9,32,view_mod,2026-01-04 10:09:00
154,262,30,view_mod,2026-01-04 10:10:00
816,451,19,view_mod,2026-01-04 10:11:00
828,89,8,view_mod,2026-01-04 10:12:00
19,269,26,upload_mod,2026-01-04 10:13:00
862,96,49,download_mod,2026-01-04 10:14:00
994,198,29,like_mod,2026-01-04 10:15:00
853,437,34,download_mod,2026-01-04 10:16:00
27,394,48,like_mod,2026-01-04 10:17:00
293,302,48,view_mod,2026-01-04 10:18:00
620,319,37,download_mod,2026-01-04 10:19:00
808,380,18,like_mod,2026-01-04 10:20:00
648,397,17,download_mod,2026-01-04 10:21:00
952,426,4,download_mod,2026-01-04 10:22:00
746,250,27,upload_mod,2026-01-04 10:23:00
980,141,42,upload_mod,2026-01-04 10:24:00
103,229,45,view_mod,2026-01-04 10:25:00
135,131,38,view_mod,2026-01-04 10:26:00
34,481,43,like_mod,2026-01-04 10:27:00
83,171,28,view_mod,2026-01-04 10:28:00
136,331,13,download_mod,2026-01-04 10:29:00
249,183,46,view_mod,2026-01-04 10:30:00
329,396,21,view_mod,2026-01-04 10:31:00
777,354,30,download_mod,2026-01-04 10:32:00
928,102,41,download_mod,2026-01-04 10:33:00
528,499,25,download_mod,2026-01-04 10:34:00
422,418,14,like_mod,2026-01-04 10:35:00
612,465,6,download_mod,2026-01-04 10:36:00
383,388,44,like_mod,2026-01-04 10:37:00
784,160,44,download_mod,2026-01-04 10:38:00
523,218,31,view_mod,2026-01-04 10:39:00
714,172,1,download_mod,2026-01-04 10:40:00
693,247,23,download_mod,2026-01-04 10:41:00
284,205,24,view_mod,2026-01-04 10:42:00
481,479,31,download_mod,2026-01-04 10:43:00
667,330,33,upload_mod,2026-01-04 10:44:00
516,492,47,upload_mod,2026-01-04 10:45:00
235,427,17,download_mod,2026-01-04 10:46:00
305,215,46,upload_mod,2026-01-04 10:47:00
65,392,22,download_mod,2026-01-04 10:48:00
933,475,25,view_mod,2026-01-04 10:49:00
39,199,33,view_mod,2026-01-04 10:50:00
519,444,22,download_mod,2026-01-04 10:51:00
493,322,23,download_mod,2026-01-04 10:52:00
165,25,3,view_mod,2026-01-04 10:53:00
105,125,31,download_mod,2026-01-04 10:54:00
697,482,32,view_mod,2026-01-04 10:55:00
602,192,3,download_mod,2026-01-04 10:56:00
311,286,28,upload_mod,2026-01-04 10:57:00
531,247,14,view_mod,2026-01-04 10:58:00
860,181,33,like_mod,2026-01-04 10:59:00
434,423,6,view_mod,2026-01-04 11:00:00
99,327,10,view_mod,2026-01-04 11:01:00
520,291,35,like_mod,2026-01-04 11:02:00
529,18,7,view_mod,2026-01-04 11:03:00
684,333,45,like_mod,2026-01-04 11:04:00
406,398,21,view_mod,2026-01-04 11:05:00
896,298,27,download_mod,2026-01-04 11:06:00
474,185,21,download_mod,2026-01-04 11:07:00
340,456,25,view_mod,2026-01-04 11:08:00
545,477,16,upload_mod,2026-01-04 11:09:00
206,370,45,view_mod,2026-01-04 11:10:00
114,199,3,like_mod,2026-01-04 11:11:00
76,90,30,view_mod,2026-01-04 11:12:00
804,294,31,view_mod,2026-01-04 11:13:00
802,415,47,view_mod,2026-01-04 11:14:00
843,377,39,view_mod,2026-01-04 11:15:00
73,328,44,view_mod,2026-01-04 11:16:00
58,271,24,view_mod,2026-01-04 11:17:00
436,120,48,view_mod,2026-01-04 11:18:00
355,14,27,view_mod,2026-01-04 11:19:00
211,183,29,view_mod,2026-01-04 11:20:00
287,242,30,view_mod,2026-01-04 11:21:00
873,475,2,download_mod,2026-01-04 11:22:00
677,488,11,like_mod,2026-01-04 11:23:00
628,131,20,like_mod,2026-01-04 11:24:00
8,14,28,upload_mod,2026-01-04 11:25:00
113,460,44,download_mod,2026-01-04 11:26:00
455,237,30,view_mod,2026-01-04 11:27:00
77,77,46,download_mod,2026-01-04 11:28:00
990,255,23,download_mod,2026-01-04 11:29:00
71,184,33,view_mod,2026-01-04 11:30:00
658,473,22,view_mod,2026-01-04 11:31:00
431,494,43,view_mod,2026-01-04 11:32:00
101,166,1,view_mod,2026-01-04 11:33:00
556,303,37,download_mod,2026-01-04 11:34:00
843,292,45,view_mod,2026-01-04 11:35:00
393,198,1,view_mod,2026-01-04 11:36:00
219,105,4,view_mod,2026-01-04 11:37:00
186,473,48,like_mod,2026-01-04 11:38:00
457,234,47,download_mod,2026-01-04 11:39:00
203,122,7,download_mod,2026-01-04 11:40:00
938,468,24,upload_mod,2026-01-04 11:41:00
919,406,34,download_mod,2026-01-04 11:42:00
457,492,10,view_mod,2026-01-04 11:43:00
828,48,37,download_mod,2026-01-04 11:44:00
142,308,15,view_mod,2026-01-04 11:45:00
352,163,42,view_mod,2026-01-04 11:46:00
17,234,25,view_mod,2026-01-04 11:47:00
987,476,34,view_mod,2026-01-04 11:48:00
966,418,32,view_mod,2026-01-04 11:49:00
514,48,4,view_mod,2026-01-04 11:50:00
959,72,25,like_mod,2026-01-04 11:51:00
750,257,44,download_mod,2026-01-04 11:52:00
684,438,25,view_mod,2026-01-04 11:53:00
350,282,37,download_mod,2026-01-04 11:54:00
633,477,29,download_mod,2026-01-04 11:55:00
242,153,23,view_mod,2026-01-04 11:56:00
166,138,6,view_mod,2026-01-04 11:57:00
335,321,49,view_mod,2026-01-04 11:58:00
927,2,30,view_mod,2026-01-04 11:59:00
759,130,30,view_mod,2026-01-04 12:00:00
610,65,26,view_mod,2026-01-04 12:01:00
538,191,15,like_mod,2026-01-04 12:02:00
134,109,47,view_mod,2026-01-04 12:03:00
478,303,19,like_mod,2026-01-04 12:04:00
383,161,24,view_mod,2026-01-04 12:05:00
736,191,19,upload_mod,2026-01-04 12:06:00
527,487,12,view_mod,2026-01-04 12:07:00
567,26,19,view_mod,2026-01-04 12:08:00
776,380,23,download_mod,2026-01-04 12:09:00
988,201,5,download_mod,2026-01-04 12:10:00
712,43,34,view_mod,2026-01-04 12:11:00
610,30,6,like_mod,2026-01-04 12:12:00
503,433,45,download_mod,2026-01-04 12:13:00
29,195,42,view_mod,2026-01-04 12:14:00
621,188,44,view_mod,2026-01-04 12:15:00
229,60,38,view_mod,2026-01-04 12:16:00
992,83,24,view_mod,2026-01-04 12:17:00
972,134,21,download_mod,2026-01-04 12:18:00
798,126,5,view_mod,2026-01-04 12:19:00
728,237,23,view_mod,2026-01-04 12:20:00
404,223,27,view_mod,2026-01-04 12:21:00
414,390,39,view_mod,2026-01-04 12:22:00
277,290,16,download_mod,2026-01-04 12:23:00
295,352,35,download_mod,2026-01-04 12:24:00
605,132,42,download_mod,2026-01-04 12:25:00
660,400,38,like_mod,2026-01-04 12:26:00
28,444,3,download_mod,2026-01-04 12:27:00
206,371,36,upload_mod,2026-01-04 12:28:00
888,169,25,view_mod,2026-01-04 12:29:00
539,424,48,download_mod,2026-01-04 12:30:00
50,313,18,like_mod,2026-01-04 12:31:00
683,426,10,download_mod,2026-01-04 12:32:00
671,258,48,download_mod,2026-01-04 12:33:00
545,213,9,download_mod,2026-01-04 12:34:00
99,450,46,view_mod,2026-01-04 12:35:00
314,434,45,view_mod,2026-01-04 12:36:00
869,251,19,download_mod,2026-01-04 12:37:00
60,168,48,like_mod,2026-01-04 12:38:00
174,399,47,view_mod,2026-01-04 12:39:00
250,334,42,view_mod,2026-01-04 12:40:00
41,201,29,download_mod,2026-01-04 12:41:00
194,424,32,download_mod,2026-01-04 12:42:00
191,356,36,download_mod,2026-01-04 12:43:00
548,15,26,download_mod,2026-01-04 12:44:00
455,192,30,download_mod,2026-01-04 12:45:00
455,411,26,download_mod,2026-01-04 12:46:00
863,372,43,view_mod,2026-01-04 12:47:00
656,152,40,view_mod,2026-01-04 12:48:00
204,366,14,view_mod,2026-01-04 12:49:00
481,125,45,download_mod,2026-01-04 12:50:00
403,460,18,like_mod,2026-01-04 12:51:00
433,95,32,upload_mod,2026-01-04 12:52:00
639,109,19,download_mod,2026-01-04 12:53:00
629,4,18,download_mod,2026-01-04 12:54:00
559,413,38,upload_mod,2026-01-04 12:55:00
570,452,15,upload_mod,2026-01-04 12:56:00
837,172,41,download_mod,2026-01-04 12:57:00
71,422,5,view_mod,2026-01-04 12:58:00
194,122,15,view_mod,2026-01-04 12:59:00
107,286,28,download_mod,2026-01-04 13:00:00
434,120,12,download_mod,2026-01-04 13:01:00
615,420,23,view_mod,2026-01-04 13:02:00
686,399,29,download_mod,2026-01-04 13:03:00
230,326,41,view_mod,2026-01-04 13:04:00
687,57,20,download_mod,2026-01-04 13:05:00
352,395,44,upload_mod,2026-01-04 13:06:00
589,348,31,view_mod,2026-01-04 13:07:00
425,399,6,download_mod,2026-01-04 13:08:00
671,498,34,download_mod,2026-01-04 13:09:00
854,35,5,upload_mod,2026-01-04 13:10:00
50,218,2,download_mod,2026-01-04 13:11:00
103,396,1,download_mod,2026-01-04 13:12:00
135,31,38,view_mod,2026-01-04 13:13:00
578,231,6,like_mod,2026-01-04 13:14:00
571,322,13,like_mod,2026-01-04 13:15:00
584,291,20,download_mod,2026-01-04 13:16:00
967,494,46,view_mod,2026-01-04 13:17:00
329,383,4,upload_mod,2026-01-04 13:18:00
106,171,23,view_mod,2026-01-04 13:19:00
730,418,10,view_mod,2026-01-04 13:20:00
212,278,30,download_mod,2026-01-04 13:21:00
779,301,31,view_mod,2026-01-04 13:22:00
304,424,9,upload_mod,2026-01-04 13:23:00
290,225,34,download_mod,2026-01-04 13:24:00
828,213,9,view_mod,2026-01-04 13:25:00
787,344,31,view_mod,2026-01-04 13:26:00
924,240,42,view_mod,2026-01-04 13:27:00
921,335,28,download_mod,2026-01-04 13:28:00
283,223,44,download_mod,2026-01-04 13:29:00
364,272,43,upload_mod,2026-01-04 13:30:00
718,339,38,download_mod,2026-01-04 13:31:00
419,7,11,view_mod,2026-01-04 13:32:00
37,66,8,view_mod,2026-01-04 13:33:00
879,84,44,download_mod,2026-01-04 13:34:00
304,317,35,view_mod,2026-01-04 13:35:00
174,257,18,view_mod,2026-01-04 13:36:00
745,51,42,view_mod,2026-01-04 13:37:00
554,11,39,download_mod,2026-01-04 13:38:00
437,125,9,view_mod,2026-01-04 13:39:00
223,426,12,download_mod,2026-01-04 13:40:00
156,441,6,view_mod,2026-01-04 13:41:00
467,186,6,like_mod,2026-01-04 13:42:00
483,344,14,view_mod,2026-01-04 13:43:00
951,381,15,view_mod,2026-01-04 13:44:00
482,270,5,view_mod,2026-01-04 13:45:00
512,290,26,view_mod,2026-01-04 13:46:00
533,410,48,upload_mod,2026-01-04 13:47:00
280,483,7,download_mod,2026-01-04 13:48:00
19,407,45,view_mod,2026-01-04 13:49:00
462,31,42,like_mod,2026-01-04 13:50:00
139,421,18,view_mod,2026-01-04 13:51:00
66,145,11,view_mod,2026-01-04 13:52:00
988,58,5,view_mod,2026-01-04 13:53:00
219,67,11,view_mod,2026-01-04 13:54:00
173,260,8,view_mod,2026-01-04 13:55:00
64,265,45,view_mod,2026-01-04 13:56:00
335,115,10,view_mod,2026-01-04 13:57:00
664,133,2,download_mod,2026-01-04 13:58:00
126,387,26,view_mod,2026-01-04 13:59:00
291,92,13,upload_mod,2026-01-04 14:00:00
849,489,12,download_mod,2026-01-04 14:01:00
449,77,40,view_mod,2026-01-04 14:02:00
275,144,27,upload_mod,2026-01-04 14:03:00
31,380,6,download_mod,2026-01-04 14:04:00
808,179,39,view_mod,2026-01-04 14:05:00
685,470,25,like_mod,2026-01-04 14:06:00
101,268,44,view_mod,2026-01-04 14:07:00
952,358,32,download_mod,2026-01-04 14:08:00
51,44,48,view_mod,2026-01-04 14:09:00
833,463,26,view_mod,2026-01-04 14:10:00
20,154,22,view_mod,2026-01-04 14:11:00
516,158,48,download_mod,2026-01-04 14:12:00
605,147,10,download_mod,2026-01-04 14:13:00
422,116,32,download_mod,2026-01-04 14:14:00
443,231,28,like_mod,2026-01-04 14:15:00
641,279,45,upload_mod,2026-01-04 14:16:00
585,123,49,view_mod,2026-01-04 14:17:00
258,249,45,view_mod,2026-01-04 14:18:00
999,216,35,view_mod,2026-01-04 14:19:00
438,166,16,download_mod,2026-01-04 14:20:00
962,200,24,view_mod,2026-01-04 14:21:00
926,366,22,view_mod,2026-01-04 14:22:00
229,431,4,view_mod,2026-01-04 14:23:00
329,308,31,view_mod,2026-01-04 14:24:00
496,91,43,view_mod,2026-01-04 14:25:00
903,472,46,download_mod,2026-01-04 14:26:00
826,99,40,like_mod,2026-01-04 14:27:00
623,81,29,upload_mod,2026-01-04 14:28:00
347,17,14,like_mod,2026-01-04 14:29:00
286,126,33,like_mod,2026-01-04 14:30:00
594,125,32,view_mod,2026-01-04 14:31:00
440,460,32,view_mod,2026-01-04 14:32:00
630,52,43,like_mod,2026-01-04 14:33:00
865,210,42,upload_mod,2026-01-04 14:34:00
218,462,45,view_mod,2026-01-04 14:35:00
92,129,33,view_mod,2026-01-04 14:36:00
800,144,40,view_mod,2026-01-04 14:37:00
34,470,45,like_mod,2026-01-04 14:38:00
939,14,29,view_mod,2026-01-04 14:39:00
205,180,31,like_mod,2026-01-04 14:40:00
27,148,42,like_mod,2026-01-04 14:41:00
433,269,9,download_mod,2026-01-04 14:42:00
391,176,16,view_mod,2026-01-04 14:43:00
992,356,8,view_mod,2026-01-04 14:44:00
625,277,10,view_mod,2026-01-04 14:45:00
284,206,4,like_mod,2026-01-04 14:46:00
70,475,12,download_mod,2026-01-04 14:47:00
658,359,3,view_mod,2026-01-04 14:48:00
218,329,44,download_mod,2026-01-04 14:49:00
618,460,36,view_mod,2026-01-04 14:50:00
946,226,45,download_mod,2026-01-04 14:51:00
390,406,33,download_mod,2026-01-04 14:52:00
93,464,39,download_mod,2026-01-04 14:53:00
766,117,40,download_mod,2026-01-04 14:54:00
448,271,16,view_mod,2026-01-04 14:55:00
742,443,11,like_mod,2026-01-04 14:56:00
375,409,48,view_mod,2026-01-04 14:57:00
527,442,15,view_mod,2026-01-04 14:58:00
591,25,12,view_mod,2026-01-04 14:59:00
493,372,17,download_mod,2026-01-04 15:00:00
4,267,46,view_mod,2026-01-04 15:01:00
859,433,47,view_mod,2026-01-04 15:02:00
522,98,26,upload_mod,2026-01-04 15:03:00
813,458,41,download_mod,2026-01-04 15:04:00
245,32,38,view_mod,2026-01-04 15:05:00
848,207,5,view_mod,2026-01-04 15:06:00
544,7,38,like_mod,2026-01-04 15:07:00
192,444,30,download_mod,2026-01-04 15:08:00
224,82,45,download_mod,2026-01-04 15:09:00
796,86,20,view_mod,2026-01-04 15:10:00
140,133,37,view_mod,2026-01-04 15:11:00
313,393,35,view_mod,2026-01-04 15:12:00
676,369,47,view_mod,2026-01-04 15:13:00
288,102,6,like_mod,2026-01-04 15:14:00
454,432,37,like_mod,2026-01-04 15:15:00
579,435,29,view_mod,2026-01-04 15:16:00
632,235,43,view_mod,2026-01-04 15:17:00
943,433,27,download_mod,2026-01-04 15:18:00
26,31,1,download_mod,2026-01-04 15:19:00
943,331,13,view_mod,2026-01-04 15:20:00
603,443,47,view_mod,2026-01-04 15:21:00
830,367,49,view_mod,2026-01-04 15:22:00
445,388,45,view_mod,2026-01-04 15:23:00
191,489,49,download_mod,2026-01-04 15:24:00
412,359,46,view_mod,2026-01-04 15:25:00
331,18,4,like_mod,2026-01-04 15:26:00
127,394,13,upload_mod,2026-01-04 15:27:00
210,45,12,download_mod,2026-01-04 15:28:00
949,405,6,view_mod,2026-01-04 15:29:00
381,15,25,download_mod,2026-01-04 15:30:00
85,42,8,view_mod,2026-01-04 15:31:00
896,68,29,download_mod,2026-01-04 15:32:00
144,408,6,view_mod,2026-01-04 15:33:00
989,382,21,view_mod,2026-01-04 15:34:00
243,246,22,download_mod,2026-01-04 15:35:00
147,5,23,view_mod,2026-01-04 15:36:00
843,274,12,like_mod,2026-01-04 15:37:00
87,457,29,view_mod,2026-01-04 15:38:00
94,221,36,upload_mod,2026-01-04 15:39:00
433,479,32,download_mod,2026-01-04 15:40:00
294,290,43,view_mod,2026-01-04 15:41:00
977,27,48,view_mod,2026-01-04 15:42:00
380,149,4,view_mod,2026-01-04 15:43:00
869,393,21,view_mod,2026-01-04 15:44:00
685,355,5,download_mod,2026-01-04 15:45:00
301,149,14,download_mod,2026-01-04 15:46:00
638,318,42,view_mod,2026-01-04 15:47:00
518,72,39,view_mod,2026-01-04 15:48:00
962,120,25,view_mod,2026-01-04 15:49:00
243,384,7,view_mod,2026-01-04 15:50:00
618,176,46,view_mod,2026-01-04 15:51:00
620,204,6,view_mod,2026-01-04 15:52:00
231,296,45,view_mod,2026-01-04 15:53:00
769,363,17,view_mod,2026-01-04 15:54:00
275,100,30,download_mod,2026-01-04 15:55:00
49,320,27,download_mod,2026-01-04 15:56:00
227,499,7,upload_mod,2026-01-04 15:57:00
281,239,8,view_mod,2026-01-04 15:58:00
175,60,20,view_mod,2026-01-04 15:59:00
818,136,44,upload_mod,2026-01-04 16:00:00
310,240,2,download_mod,2026-01-04 16:01:00
130,460,18,view_mod,2026-01-04 16:02:00
429,457,21,download_mod,2026-01-04 16:03:00
112,263,8,view_mod,2026-01-04 16:04:00
474,276,6,download_mod,2026-01-04 16:05:00
563,352,4,view_mod,2026-01-04 16:06:00
494,453,13,view_mod,2026-01-04 16:07:00
152,151,2,view_mod,2026-01-04 16:08:00
919,94,39,download_mod,2026-01-04 16:09:00
270,349,12,view_mod,2026-01-04 16:10:00
27,37,17,download_mod,2026-01-04 16:11:00
919,493,22,view_mod,2026-01-04 16:12:00
501,28,47,view_mod,2026-01-04 16:13:00
259,337,7,view_mod,2026-01-04 16:14:00
499,245,26,download_mod,2026-01-04 16:15:00
752,173,36,like_mod,2026-01-04 16:16:00
590,326,15,view_mod,2026-01-04 16:17:00
549,346,16,upload_mod,2026-01-04 16:18:00
433,464,1,view_mod,2026-01-04 16:19:00
673,210,8,view_mod,2026-01-04 16:20:00
149,9,8,download_mod,2026-01-04 16:21:00
965,257,36,download_mod,2026-01-04 16:22:00
439,1,10,like_mod,2026-01-04 16:23:00
747,252,4,download_mod,2026-01-04 16:24:00
112,315,24,view_mod,2026-01-04 16:25:00
384,55,47,view_mod,2026-01-04 16:26:00
151,265,33,view_mod,2026-01-04 16:27:00
109,393,22,view_mod,2026-01-04 16:28:00
102,343,10,download_mod,2026-01-04 16:29:00
390,387,12,view_mod,2026-01-04 16:30:00
782,162,7,download_mod,2026-01-04 16:31:00
464,72,44,download_mod,2026-01-04 16:32:00
516,75,35,download_mod,2026-01-04 16:33:00
213,115,41,download_mod,2026-01-04 16:34:00
572,347,22,like_mod,2026-01-04 16:35:00
705,96,31,view_mod,2026-01-04 16:36:00
149,33,49,view_mod,2026-01-04 16:37:00
703,55,8,upload_mod,2026-01-04 16:38:00
975,473,44,view_mod,2026-01-04 16:39:00
349,415,2,download_mod,2026-01-04 16:40:00
563,470,47,view_mod,2026-01-04 16:41:00
378,232,31,view_mod,2026-01-04 16:42:00
426,432,7,view_mod,2026-01-04 16:43:00
77,495,17,upload_mod,2026-01-04 16:44:00
760,171,48,download_mod,2026-01-04 16:45:00
950,152,36,view_mod,2026-01-04 16:46:00
49,406,35,download_mod,2026-01-04 16:47:00
972,430,7,download_mod,2026-01-04 16:48:00
731,238,27,upload_mod,2026-01-04 16:49:00
232,150,16,view_mod,2026-01-04 16:50:00
496,137,14,view_mod,2026-01-04 16:51:00
219,73,32,view_mod,2026-01-04 16:52:00
500,197,31,view_mod,2026-01-04 16:53:00
644,302,45,download_mod,2026-01-04 16:54:00
923,280,33,download_mod,2026-01-04 16:55:00
531,317,9,download_mod,2026-01-04 16:56:00
319,431,47,view_mod,2026-01-04 16:57:00
648,19,46,download_mod,2026-01-04 16:58:00
585,291,34,view_mod,2026-01-04 16:59:00
191,290,28,download_mod,2026-01-04 17:00:00
54,498,13,view_mod,2026-01-04 17:01:00
832,32,40,view_mod,2026-01-04 17:02:00
29,157,21,view_mod,2026-01-04 17:03:00
134,86,49,download_mod,2026-01-04 17:04:00
596,407,31,upload_mod,2026-01-04 17:05:00
427,193,39,view_mod,2026-01-04 17:06:00
300,462,10,download_mod,2026-01-04 17:07:00
71,295,38,view_mod,2026-01-04 17:08:00
862,496,27,view_mod,2026-01-04 17:09:00
804,252,32,like_mod,2026-01-04 17:10:00
452,164,30,view_mod,2026-01-04 17:11:00
534,165,16,download_mod,2026-01-04 17:12:00
533,87,49,view_mod,2026-01-04 17:13:00
844,441,2,download_mod,2026-01-04 17:14:00
78,274,20,view_mod,2026-01-04 17:15:00
271,492,7,download_mod,2026-01-04 17:16:00
887,84,24,view_mod,2026-01-04 17:17:00
203,319,34,view_mod,2026-01-04 17:18:00
620,120,18,upload_mod,2026-01-04 17:19:00
993,181,45,like_mod,2026-01-04 17:20:00
509,74,46,view_mod,2026-01-04 17:21:00
93,62,34,view_mod,2026-01-04 17:22:00
704,469,37,view_mod,2026-01-04 17:23:00
522,178,37,download_mod,2026-01-04 17:24:00
466,116,32,upload_mod,2026-01-04 17:25:00
50,92,19,download_mod,2026-01-04 17:26:00
9,271,10,view_mod,2026-01-04 17:27:00
773,69,3,download_mod,2026-01-04 17:28:00
402,238,13,download_mod,2026-01-04 17:29:00
788,220,36,download_mod,2026-01-04 17:30:00
899,434,19,view_mod,2026-01-04 17:31:00
560,45,5,view_mod,2026-01-04 17:32:00
868,228,24,download_mod,2026-01-04 17:33:00
307,367,29,upload_mod,2026-01-04 17:34:00
639,77,47,download_mod,2026-01-04 17:35:00
616,39,13,download_mod,2026-01-04 17:36:00
955,269,27,view_mod,2026-01-04 17:37:00
576,306,15,view_mod,2026-01-04 17:38:00
171,245,14,upload_mod,2026-01-04 17:39:00
382,498,12,view_mod,2026-01-04 17:40:00
777,422,3,download_mod,2026-01-04 17:41:00
632,271,6,view_mod,2026-01-04 17:42:00
275,470,41,like_mod,2026-01-04 17:43:00
567,472,25,download_mod,2026-01-04 17:44:00
922,146,43,download_mod,2026-01-04 17:45:00
561,41,36,download_mod,2026-01-04 17:46:00
70,323,44,view_mod,2026-01-04 17:47:00
126,148,2,view_mod,2026-01-04 17:48:00
644,116,18,view_mod,2026-01-04 17:49:00
292,449,5,view_mod,2026-01-04 17:50:00
860,147,48,view_mod,2026-01-04 17:51:00
489,216,23,view_mod,2026-01-04 17:52:00
318,286,42,view_mod,2026-01-04 17:53:00
478,153,44,upload_mod,2026-01-04 17:54:00
522,93,38,view_mod,2026-01-04 17:55:00
21,340,10,download_mod,2026-01-04 17:56:00
198,115,3,download_mod,2026-01-04 17:57:00
70,351,43,download_mod,2026-01-04 17:58:00
170,154,40,download_mod,2026-01-04 17:59:00
185,390,5,download_mod,2026-01-04 18:00:00
779,420,23,upload_mod,2026-01-04 18:01:00
507,132,28,view_mod,2026-01-04 18:02:00
327,205,45,download_mod,2026-01-04 18:03:00
583,352,30,download_mod,2026-01-04 18:04:00
911,407,16,view_mod,2026-01-04 18:05:00
552,132,28,view_mod,2026-01-04 18:06:00
864,204,7,view_mod,2026-01-04 18:07:00
573,86,5,view_mod,2026-01-04 18:08:00
777,82,10,view_mod,2026-01-04 18:09:00
795,491,8,view_mod,2026-01-04 18:10:00
434,450,17,view_mod,2026-01-04 18:11:00
520,267,3,view_mod,2026-01-04 18:12:00
829,123,38,like_mod,2026-01-04 18:13:00
29,404,9,download_mod,2026-01-04 18:14:00
575,494,7,view_mod,2026-01-04 18:15:00
687,339,34,download_mod,2026-01-04 18:16:00
925,433,23,upload_mod,2026-01-04 18:17:00
794,384,21,view_mod,2026-01-04 18:18:00
598,492,16,view_mod,2026-01-04 18:19:00
210,375,3,download_mod,2026-01-04 18:20:00
480,317,22,view_mod,2026-01-04 18:21:00
882,426,46,download_mod,2026-01-04 18:22:00
55,51,31,download_mod,2026-01-04 18:23:00
148,170,15,download_mod,2026-01-04 18:24:00
296,464,43,view_mod,2026-01-04 18:25:00
237,63,11,view_mod,2026-01-04 18:26:00
345,325,26,like_mod,2026-01-04 18:27:00
117,292,45,view_mod,2026-01-04 18:28:00
106,288,46,view_mod,2026-01-04 18:29:00
682,28,4,view_mod,2026-01-04 18:30:00
763,189,18,download_mod,2026-01-04 18:31:00
524,166,13,download_mod,2026-01-04 18:32:00
673,443,27,download_mod,2026-01-04 18:33:00
276,158,26,like_mod,2026-01-04 18:34:00
414,341,17,download_mod,2026-01-04 18:35:00
115,393,30,view_mod,2026-01-04 18:36:00
86,89,30,upload_mod,2026-01-04 18:37:00
480,161,21,download_mod,2026-01-04 18:38:00
247,56,41,upload_mod,2026-01-04 18:39:00
365,421,2,view_mod,2026-01-04 18:40:00
290,448,8,view_mod,2026-01-04 18:41:00
415,433,36,view_mod,2026-01-04 18:42:00
638,11,48,download_mod,2026-01-04 18:43:00
858,334,13,download_mod,2026-01-04 18:44:00
976,33,1,view_mod,2026-01-04 18:45:00
985,437,16,like_mod,2026-01-04 18:46:00
347,9,26,view_mod,2026-01-04 18:47:00
926,464,24,download_mod,2026-01-04 18:48:00
850,8,2,view_mod,2026-01-04 18:49:00
437,277,21,download_mod,2026-01-04 18:50:00
973,376,4,view_mod,2026-01-04 18:51:00
491,58,47,view_mod,2026-01-04 18:52:00
429,295,48,view_mod,2026-01-04 18:53:00
595,308,38,view_mod,2026-01-04 18:54:00
134,206,44,download_mod,2026-01-04 18:55:00
642,336,42,download_mod,2026-01-04 18:56:00
634,238,11,like_mod,2026-01-04 18:57:00
825,130,36,download_mod,2026-01-04 18:58:00
325,211,37,download_mod,2026-01-04 18:59:00
795,3,39,view_mod,2026-01-04 19:00:00
933,293,32,download_mod,2026-01-04 19:01:00
176,334,16,download_mod,2026-01-04 19:02:00
611,367,34,view_mod,2026-01-04 19:03:00
838,106,32,view_mod,2026-01-04 19:04:00
619,359,7,like_mod,2026-01-04 19:05:00
624,307,26,like_mod,2026-01-04 19:06:00
225,486,18,like_mod,2026-01-04 19:07:00
343,426,12,like_mod,2026-01-04 19:08:00
427,23,19,view_mod,2026-01-04 19:09:00
39,459,2,view_mod,2026-01-04 19:10:00
110,21,41,download_mod,2026-01-04 19:11:00
156,251,42,download_mod,2026-01-04 19:12:00
133,174,32,download_mod,2026-01-04 19:13:00
126,345,39,download_mod,2026-01-04 19:14:00
712,284,16,view_mod,2026-01-04 19:15:00
876,249,37,view_mod,2026-01-04 19:16:00
228,120,3,view_mod,2026-01-04 19:17:00
38,293,49,download_mod,2026-01-04 19:18:00
993,288,23,download_mod,2026-01-04 19:19:00
431,417,7,view_mod,2026-01-04 19:20:00
552,318,30,view_mod,2026-01-04 19:21:00
214,143,30,upload_mod,2026-01-04 19:22:00
77,131,12,view_mod,2026-01-04 19:23:00
22,116,31,download_mod,2026-01-04 19:24:00
220,78,24,download_mod,2026-01-04 19:25:00
757,304,9,view_mod,2026-01-04 19:26:00
672,114,25,view_mod,2026-01-04 19:27:00
848,10,35,upload_mod,2026-01-04 19:28:00
645,351,23,view_mod,2026-01-04 19:29:00
728,254,4,view_mod,2026-01-04 19:30:00
969,218,48,view_mod,2026-01-04 19:31:00
701,418,17,like_mod,2026-01-04 19:32:00
98,59,18,download_mod,2026-01-04 19:33:00
409,343,40,upload_mod,2026-01-04 19:34:00
391,189,18,like_mod,2026-01-04 19:35:00
29,134,25,view_mod,2026-01-04 19:36:00
970,95,25,download_mod,2026-01-04 19:37:00
817,330,27,view_mod,2026-01-04 19:38:00
122,441,9,view_mod,2026-01-04 19:39:00
395,110,11,view_mod,2026-01-04 19:40:00
388,489,21,view_mod,2026-01-04 19:41:00
31,64,26,view_mod,2026-01-04 19:42:00
399,259,39,like_mod,2026-01-04 19:43:00
440,250,34,upload_mod,2026-01-04 19:44:00
548,143,44,download_mod,2026-01-04 19:45:00
755,463,10,like_mod,2026-01-04 19:46:00
912,198,17,download_mod,2026-01-04 19:47:00
645,152,49,view_mod,2026-01-04 19:48:00
70,94,7,view_mod,2026-01-04 19:49:00
643,159,29,view_mod,2026-01-04 19:50:00
609,358,10,view_mod,2026-01-04 19:51:00
655,108,11,like_mod,2026-01-04 19:52:00
833,340,3,view_mod,2026-01-04 19:53:00
257,276,7,view_mod,2026-01-04 19:54:00
271,286,16,upload_mod,2026-01-04 19:55:00
243,217,22,download_mod,2026-01-04 19:56:00
402,94,14,view_mod,2026-01-04 19:57:00
374,6,11,view_mod,2026-01-04 19:58:00
742,66,47,like_mod,2026-01-04 19:59:00
880,209,25,download_mod,2026-01-04 20:00:00
672,297,15,view_mod,2026-01-04 20:01:00
240,147,21,view_mod,2026-01-04 20:02:00
205,335,7,download_mod,2026-01-04 20:03:00
868,67,31,view_mod,2026-01-04 20:04:00
792,363,44,view_mod,2026-01-04 20:05:00
962,409,8,view_mod,2026-01-04 20:06:00
979,4,25,upload_mod,2026-01-04 20:07:00
424,140,24,view_mod,2026-01-04 20:08:00
853,30,16,view_mod,2026-01-04 20:09:00
442,18,46,upload_mod,2026-01-04 20:10:00
367,126,19,view_mod,2026-01-04 20:11:00
375,32,4,view_mod,2026-01-04 20:12:00
749,121,20,download_mod,2026-01-04 20:13:00
733,231,22,download_mod,2026-01-04 20:14:00
870,132,22,view_mod,2026-01-04 20:15:00
875,167,9,view_mod,2026-01-04 20:16:00
727,48,41,download_mod,2026-01-04 20:17:00
736,341,38,like_mod,2026-01-04 20:18:00
290,340,46,upload_mod,2026-01-04 20:19:00
705,435,47,like_mod,2026-01-04 20:20:00
262,164,33,view_mod,2026-01-04 20:21:00
216,121,39,download_mod,2026-01-04 20:22:00
414,473,30,view_mod,2026-01-04 20:23:00
984,182,4,view_mod,2026-01-04 20:24:00
595,209,1,view_mod,2026-01-04 20:25:00
467,278,17,view_mod,2026-01-04 20:26:00
651,351,2,view_mod,2026-01-04 20:27:00
950,5,15,view_mod,2026-01-04 20:28:00
159,196,8,view_mod,2026-01-04 20:29:00
196,28,6,download_mod,2026-01-04 20:30:00
676,252,11,view_mod,2026-01-04 20:31:00
894,471,11,download_mod,2026-01-04 20:32:00
740,42,34,view_mod,2026-01-04 20:33:00
745,159,20,download_mod,2026-01-04 20:34:00
256,44,29,view_mod,2026-01-04 20:35:00
336,186,49,view_mod,2026-01-04 20:36:00
930,53,40,view_mod,2026-01-04 20:37:00
994,121,26,view_mod,2026-01-04 20:38:00
612,392,42,download_mod,2026-01-04 20:39:00
627,33,33,download_mod,2026-01-04 20:40:00
284,304,1,view_mod,2026-01-04 20:41:00
110,354,24,download_mod,2026-01-04 20:42:00
746,20,18,download_mod,2026-01-04 20:43:00
408,66,12,view_mod,2026-01-04 20:44:00
254,417,11,view_mod,2026-01-04 20:45:00
455,10,18,download_mod,2026-01-04 20:46:00
255,348,17,view_mod,2026-01-04 20:47:00
911,28,36,view_mod,2026-01-04 20:48:00
767,448,5,view_mod,2026-01-04 20:49:00
711,170,15,like_mod,2026-01-04 20:50:00
112,485,43,download_mod,2026-01-04 20:51:00
560,112,42,view_mod,2026-01-04 20:52:00
581,188,33,view_mod,2026-01-04 20:53:00
677,121,5,upload_mod,2026-01-04 20:54:00
133,353,24,view_mod,2026-01-04 20:55:00
868,342,4,download_mod,2026-01-04 20:56:00
396,179,1,view_mod,2026-01-04 20:57:00
8,103,4,upload_mod,2026-01-04 20:58:00
973,44,32,view_mod,2026-01-04 20:59:00
610,236,31,view_mod,2026-01-04 21:00:00
288,332,32,download_mod,2026-01-04 21:01:00
972,208,37,view_mod,2026-01-04 21:02:00
312,63,47,download_mod,2026-01-04 21:03:00
926,118,1,view_mod,2026-01-04 21:04:00
781,120,23,view_mod,2026-01-04 21:05:00
847,230,3,download_mod,2026-01-04 21:06:00
17,62,33,like_mod,2026-01-04 21:07:00
553,381,32,like_mod,2026-01-04 21:08:00
231,206,1,like_mod,2026-01-04 21:09:00
179,225,18,view_mod,2026-01-04 21:10:00
755,328,32,view_mod,2026-01-04 21:11:00
272,249,45,view_mod,2026-01-04 21:12:00
354,333,24,download_mod,2026-01-04 21:13:00
960,320,38,download_mod,2026-01-04 21:14:00
207,95,5,view_mod,2026-01-04 21:15:00
480,359,48,view_mod,2026-01-04 21:16:00
818,96,29,view_mod,2026-01-04 21:17:00
876,130,9,view_mod,2026-01-04 21:18:00
892,61,3,download_mod,2026-01-04 21:19:00
14,203,1,view_mod,2026-01-04 21:20:00
310,174,1,view_mod,2026-01-04 21:21:00
639,89,29,download_mod,2026-01-04 21:22:00
979,345,30,upload_mod,2026-01-04 21:23:00
764,248,7,view_mod,2026-01-04 21:24:00
730,183,36,upload_mod,2026-01-04 21:25:00
106,412,39,view_mod,2026-01-04 21:26:00
931,459,35,download_mod,2026-01-04 21:27:00
676,423,27,view_mod,2026-01-04 21:28:00
525,301,31,download_mod,2026-01-04 21:29:00
771,387,5,like_mod,2026-01-04 21:30:00
771,349,13,like_mod,2026-01-04 21:31:00
900,9,8,view_mod,2026-01-04 21:32:00
628,358,18,download_mod,2026-01-04 21:33:00
683,92,15,view_mod,2026-01-04 21:34:00
318,358,15,upload_mod,2026-01-04 21:35:00
735,282,37,like_mod,2026-01-04 21:36:00
272,350,1,view_mod,2026-01-04 21:37:00
967,376,9,view_mod,2026-01-04 21:38:00
835,481,40,view_mod,2026-01-04 21:39:00
384,106,6,view_mod,2026-01-04 21:40:00
630,211,30,download_mod,2026-01-04 21:41:00
68,323,14,upload_mod,2026-01-04 21:42:00
594,164,27,view_mod,2026-01-04 21:43:00
278,149,9,view_mod,2026-01-04 21:44:00
693,30,49,view_mod,2026-01-04 21:45:00
36,342,39,view_mod,2026-01-04 21:46:00
847,162,29,upload_mod,2026-01-04 21:47:00
375,53,39,view_mod,2026-01-04 21:48:00
198,61,22,download_mod,2026-01-04 21:49:00
593,425,20,view_mod,2026-01-04 21:50:00
152,123,5,download_mod,2026-01-04 21:51:00
975,125,5,download_mod,2026-01-04 21:52:00
919,96,12,download_mod,2026-01-04 21:53:00
767,497,41,like_mod,2026-01-04 21:54:00
832,290,30,like_mod,2026-01-04 21:55:00
952,173,32,upload_mod,2026-01-04 21:56:00
429,209,27,view_mod,2026-01-04 21:57:00
932,42,4,view_mod,2026-01-04 21:58:00
18,460,24,download_mod,2026-01-04 21:59:00
29,402,25,download_mod,2026-01-04 22:00:00
95,300,8,view_mod,2026-01-04 22:01:00
904,210,39,view_mod,2026-01-04 22:02:00
940,389,38,upload_mod,2026-01-04 22:03:00
881,43,14,upload_mod,2026-01-04 22:04:00
43,341,29,view_mod,2026-01-04 22:05:00
109,328,28,like_mod,2026-01-04 22:06:00
145,220,2,upload_mod,2026-01-04 22:07:00
181,262,3,download_mod,2026-01-04 22:08:00
743,40,32,upload_mod,2026-01-04 22:09:00
272,56,17,download_mod,2026-01-04 22:10:00
4,292,29,like_mod,2026-01-04 22:11:00
871,268,7,upload_mod,2026-01-04 22:12:00
202,90,27,view_mod,2026-01-04 22:13:00
606,320,1,view_mod,2026-01-04 22:14:00
793,418,41,download_mod,2026-01-04 22:15:00
529,319,11,view_mod,2026-01-04 22:16:00
427,227,40,view_mod,2026-01-04 22:17:00
443,127,45,view_mod,2026-01-04 22:18:00
633,197,28,like_mod,2026-01-04 22:19:00
788,367,5,upload_mod,2026-01-04 22:20:00
360,258,46,upload_mod,2026-01-04 22:21:00
408,35,17,download_mod,2026-01-04 22:22:00
423,218,7,view_mod,2026-01-04 22:23:00
458,36,15,download_mod,2026-01-04 22:24:00
151,20,14,upload_mod,2026-01-04 22:25:00
878,323,2,like_mod,2026-01-04 22:26:00
625,488,16,download_mod,2026-01-04 22:27:00
167,468,3,download_mod,2026-01-04 22:28:00
646,237,10,download_mod,2026-01-04 22:29:00
891,495,5,view_mod,2026-01-04 22:30:00
818,52,16,view_mod,2026-01-04 22:31:00
948,409,31,like_mod,2026-01-04 22:32:00
507,117,2,upload_mod,2026-01-04 22:33:00
131,52,30,like_mod,2026-01-04 22:34:00
503,386,34,like_mod,2026-01-04 22:35:00
115,71,16,download_mod,2026-01-04 22:36:00
274,429,30,view_mod,2026-01-04 22:37:00
225,40,7,upload_mod,2026-01-04 22:38:00
631,468,7,like_mod,2026-01-04 22:39:00
958,196,35,view_mod,2026-01-04 22:40:00
101,253,37,download_mod,2026-01-04 22:41:00
361,460,9,view_mod,2026-01-04 22:42:00
232,303,48,download_mod,2026-01-04 22:43:00
26,37,17,view_mod,2026-01-04 22:44:00
596,433,31,view_mod,2026-01-04 22:45:00
420,460,49,view_mod,2026-01-04 22:46:00
941,482,48,like_mod,2026-01-04 22:47:00
270,379,28,view_mod,2026-01-04 22:48:00
855,4,4,view_mod,2026-01-04 22:49:00
397,430,11,view_mod,2026-01-04 22:50:00
253,332,38,download_mod,2026-01-04 22:51:00
570,134,30,view_mod,2026-01-04 22:52:00
481,340,22,download_mod,2026-01-04 22:53:00
200,140,29,download_mod,2026-01-04 22:54:00
669,200,14,upload_mod,2026-01-04 22:55:00
564,330,18,view_mod,2026-01-04 22:56:00
703,380,8,view_mod,2026-01-04 22:57:00
92,355,27,view_mod,2026-01-04 22:58:00
927,287,49,upload_mod,2026-01-04 22:59:00
433,423,42,upload_mod,2026-01-04 23:00:00
770,229,8,download_mod,2026-01-04 23:01:00
958,64,45,download_mod,2026-01-04 23:02:00
810,411,46,download_mod,2026-01-04 23:03:00
254,363,1,upload_mod,2026-01-04 23:04:00
882,447,41,download_mod,2026-01-04 23:05:00
233,126,41,download_mod,2026-01-04 23:06:00
837,70,48,view_mod,2026-01-04 23:07:00
693,274,16,view_mod,2026-01-04 23:08:00
65,192,2,download_mod,2026-01-04 23:09:00
127,396,23,download_mod,2026-01-04 23:10:00
132,164,7,view_mod,2026-01-04 23:11:00
387,236,49,view_mod,2026-01-04 23:12:00
589,153,28,download_mod,2026-01-04 23:13:00
823,247,49,download_mod,2026-01-04 23:14:00
944,358,29,view_mod,2026-01-04 23:15:00
348,360,38,upload_mod,2026-01-04 23:16:00
216,65,21,download_mod,2026-01-04 23:17:00
559,397,3,view_mod,2026-01-04 23:18:00
91,407,4,download_mod,2026-01-04 23:19:00
613,221,41,view_mod,2026-01-04 23:20:00
446,192,18,upload_mod,2026-01-04 23:21:00
923,70,48,view_mod,2026-01-04 23:22:00
12,258,43,view_mod,2026-01-04 23:23:00
164,330,11,view_mod,2026-01-04 23:24:00
710,336,36,view_mod,2026-01-04 23:25:00
901,255,8,download_mod,2026-01-04 23:26:00
355,246,34,upload_mod,2026-01-04 23:27:00
657,62,9,view_mod,2026-01-04 23:28:00
478,274,21,upload_mod,2026-01-04 23:29:00
505,103,16,view_mod,2026-01-04 23:30:00
646,206,21,view_mod,2026-01-04 23:31:00
264,419,15,download_mod,2026-01-04 23:32:00
338,4,49,view_mod,2026-01-04 23:33:00
976,489,41,view_mod,2026-01-04 23:34:00
132,211,45,view_mod,2026-01-04 23:35:00
841,48,10,view_mod,2026-01-04 23:36:00
734,297,33,like_mod,2026-01-04 23:37:00
531,294,36,view_mod,2026-01-04 23:38:00
26,494,49,view_mod,2026-01-04 23:39:00
302,496,24,view_mod,2026-01-04 23:40:00
591,69,48,view_mod,2026-01-04 23:41:00
668,461,40,download_mod,2026-01-04 23:42:00
430,428,25,download_mod,2026-01-04 23:43:00
618,218,38,download_mod,2026-01-04 23:44:00
51,175,7,view_mod,2026-01-04 23:45:00
1,213,37,view_mod,2026-01-04 23:46:00
319,246,37,view_mod,2026-01-04 23:47:00
961,135,49,download_mod,2026-01-04 23:48:00
273,300,24,view_mod,2026-01-04 23:49:00
933,236,25,download_mod,2026-01-04 23:50:00
855,477,15,view_mod,2026-01-04 23:51:00
975,51,43,view_mod,2026-01-04 23:52:00
980,298,49,view_mod,2026-01-04 23:53:00
226,20,17,view_mod,2026-01-04 23:54:00
952,483,44,view_mod,2026-01-04 23:55:00
518,104,16,upload_mod,2026-01-04 23:56:00
973,183,42,view_mod,2026-01-04 23:57:00
69,114,14,view_mod,2026-01-04 23:58:00
675,212,42,view_mod,2026-01-04 23:59:00
980,446,46,view_mod,2026-01-05 00:00:00
585,232,36,view_mod,2026-01-05 00:01:00
846,168,5,download_mod,2026-01-05 00:02:00
497,492,39,view_mod,2026-01-05 00:03:00
864,6,49,view_mod,2026-01-05 00:04:00
520,14,7,download_mod,2026-01-05 00:05:00
358,438,36,view_mod,2026-01-05 00:06:00
9,27,6,view_mod,2026-01-05 00:07:00
663,79,24,download_mod,2026-01-05 00:08:00
929,223,7,view_mod,2026-01-05 00:09:00
459,181,22,like_mod,2026-01-05 00:10:00
852,75,7,view_mod,2026-01-05 00:11:00
165,184,39,view_mod,2026-01-05 00:12:00
440,432,26,download_mod,2026-01-05 00:13:00
970,213,27,download_mod,2026-01-05 00:14:00
708,481,36,view_mod,2026-01-05 00:15:00
337,147,25,view_mod,2026-01-05 00:16:00
336,384,19,download_mod,2026-01-05 00:17:00
323,4,46,upload_mod,2026-01-05 00:18:00
34,452,10,view_mod,2026-01-05 00:19:00
420,242,42,view_mod,2026-01-05 00:20:00
88,106,11,upload_mod,2026-01-05 00:21:00
468,221,21,download_mod,2026-01-05 00:22:00
272,319,16,view_mod,2026-01-05 00:23:00
167,303,24,download_mod,2026-01-05 00:24:00
59,357,20,view_mod,2026-01-05 00:25:00
576,118,31,like_mod,2026-01-05 00:26:00
760,325,15,view_mod,2026-01-05 00:27:00
723,55,31,view_mod,2026-01-05 00:28:00
71,105,22,view_mod,2026-01-05 00:29:00
577,391,20,view_mod,2026-01-05 00:30:00
210,249,22,download_mod,2026-01-05 00:31:00
389,343,15,like_mod,2026-01-05 00:32:00
86,29,27,like_mod,2026-01-05 00:33:00
811,452,44,like_mod,2026-01-05 00:34:00
320,374,38,view_mod,2026-01-05 00:35:00
375,324,38,view_mod,2026-01-05 00:36:00
13,150,28,upload_mod,2026-01-05 00:37:00
81,127,1,download_mod,2026-01-05 00:38:00
48,277,28,download_mod,2026-01-05 00:39:00
974,336,47,view_mod,2026-01-05 00:40:00
721,493,15,view_mod,2026-01-05 00:41:00
690,473,37,view_mod,2026-01-05 00:42:00
676,118,30,view_mod,2026-01-05 00:43:00
592,229,35,download_mod,2026-01-05 00:44:00
202,97,12,view_mod,2026-01-05 00:45:00
304,126,28,upload_mod,2026-01-05 00:46:00
233,198,35,view_mod,2026-01-05 00:47:00
26,109,15,download_mod,2026-01-05 00:48:00
898,185,21,download_mod,2026-01-05 00:49:00
800,351,49,upload_mod,2026-01-05 00:50:00
430,51,5,view_mod,2026-01-05 00:51:00
998,107,5,download_mod,2026-01-05 00:52:00
912,231,39,view_mod,2026-01-05 00:53:00
763,251,45,view_mod,2026-01-05 00:54:00
988,206,26,download_mod,2026-01-05 00:55:00
740,3,17,upload_mod,2026-01-05 00:56:00
295,447,11,view_mod,2026-01-05 00:57:00
73,11,38,download_mod,2026-01-05 00:58:00
273,11,47,download_mod,2026-01-05 00:59:00
487,189,13,upload_mod,2026-01-05 01:00:00
569,302,15,download_mod,2026-01-05 01:01:00
614,97,2,view_mod,2026-01-05 01:02:00
389,131,32,download_mod,2026-01-05 01:03:00
137,146,38,view_mod,2026-01-05 01:04:00
426,486,37,like_mod,2026-01-05 01:05:00
982,53,9,view_mod,2026-01-05 01:06:00
349,428,21,download_mod,2026-01-05 01:07:00
774,316,5,download_mod,2026-01-05 01:08:00
56,96,27,upload_mod,2026-01-05 01:09:00
962,187,38,download_mod,2026-01-05 01:10:00
650,139,34,view_mod,2026-01-05 01:11:00
376,488,8,view_mod,2026-01-05 01:12:00
989,107,32,download_mod,2026-01-05 01:13:00
325,234,35,download_mod,2026-01-05 01:14:00
587,81,20,like_mod,2026-01-05 01:15:00
665,311,16,view_mod,2026-01-05 01:16:00
880,454,8,download_mod,2026-01-05 01:17:00
231,96,42,view_mod,2026-01-05 01:18:00
889,105,13,upload_mod,2026-01-05 01:19:00
824,489,32,view_mod,2026-01-05 01:20:00
415,225,40,download_mod,2026-01-05 01:21:00
326,388,33,view_mod,2026-01-05 01:22:00
79,473,12,download_mod,2026-01-05 01:23:00
256,315,49,upload_mod,2026-01-05 01:24:00
341,333,18,view_mod,2026-01-05 01:25:00
504,28,2,download_mod,2026-01-05 01:26:00
518,371,42,download_mod,2026-01-05 01:27:00
135,33,40,download_mod,2026-01-05 01:28:00
794,17,20,like_mod,2026-01-05 01:29:00
116,144,24,view_mod,2026-01-05 01:30:00
203,321,48,download_mod,2026-01-05 01:31:00
733,115,1,view_mod,2026-01-05 01:32:00
257,312,49,view_mod,2026-01-05 01:33:00
187,436,37,upload_mod,2026-01-05 01:34:00
690,259,13,download_mod,2026-01-05 01:35:00
264,183,15,view_mod,2026-01-05 01:36:00
790,53,49,download_mod,2026-01-05 01:37:00
542,353,24,download_mod,2026-01-05 01:38:00
374,299,1,download_mod,2026-01-05 01:39:00
935,238,23,download_mod,2026-01-05 01:40:00
916,316,11,view_mod,2026-01-05 01:41:00
89,165,17,download_mod,2026-01-05 01:42:00
52,110,20,download_mod,2026-01-05 01:43:00
712,494,48,download_mod,2026-01-05 01:44:00
763,17,12,download_mod,2026-01-05 01:45:00
447,234,41,view_mod,2026-01-05 01:46:00
136,375,23,view_mod,2026-01-05 01:47:00
477,329,13,upload_mod,2026-01-05 01:48:00
795,11,22,download_mod,2026-01-05 01:49:00
134,176,28,view_mod,2026-01-05 01:50:00
846,218,43,view_mod,2026-01-05 01:51:00
104,69,21,download_mod,2026-01-05 01:52:00
764,362,29,download_mod,2026-01-05 01:53:00
443,70,33,view_mod,2026-01-05 01:54:00
958,265,15,upload_mod,2026-01-05 01:55:00
674,434,44,download_mod,2026-01-05 01:56:00
480,337,43,upload_mod,2026-01-05 01:57:00
741,364,10,download_mod,2026-01-05 01:58:00
762,81,29,upload_mod,2026-01-05 01:59:00
542,435,48,view_mod,2026-01-05 02:00:00
233,11,29,view_mod,2026-01-05 02:01:00
295,77,31,download_mod,2026-01-05 02:02:00
426,268,21,view_mod,2026-01-05 02:03:00
368,153,9,upload_mod,2026-01-05 02:04:00
738,116,42,view_mod,2026-01-05 02:05:00
170,220,19,download_mod,2026-01-05 02:06:00
143,172,29,view_mod,2026-01-05 02:07:00
188,75,46,view_mod,2026-01-05 02:08:00
492,280,49,view_mod,2026-01-05 02:09:00
921,279,13,download_mod,2026-01-05 02:10:00
444,451,1,view_mod,2026-01-05 02:11:00
205,87,8,upload_mod,2026-01-05 02:12:00
252,286,1,download_mod,2026-01-05 02:13:00
326,304,40,like_mod,2026-01-05 02:14:00
171,402,31,view_mod,2026-01-05 02:15:00
74,205,4,view_mod,2026-01-05 02:16:00
722,130,24,view_mod,2026-01-05 02:17:00
443,228,29,like_mod,2026-01-05 02:18:00
288,308,28,view_mod,2026-01-05 02:19:00
750,277,18,view_mod,2026-01-05 02:20:00
443,203,7,download_mod,2026-01-05 02:21:00
83,117,39,view_mod,2026-01-05 02:22:00
95,346,48,like_mod,2026-01-05 02:23:00
532,262,16,view_mod,2026-01-05 02:24:00
453,478,32,view_mod,2026-01-05 02:25:00
489,264,32,download_mod,2026-01-05 02:26:00
616,446,36,download_mod,2026-01-05 02:27:00
94,391,15,view_mod,2026-01-05 02:28:00
894,391,14,view_mod,2026-01-05 02:29:00
740,60,31,download_mod,2026-01-05 02:30:00
300,215,13,view_mod,2026-01-05 02:31:00
505,417,29,like_mod,2026-01-05 02:32:00
184,239,23,download_mod,2026-01-05 02:33:00
857,294,38,download_mod,2026-01-05 02:34:00
66,173,20,download_mod,2026-01-05 02:35:00
305,147,13,view_mod,2026-01-05 02:36:00
926,420,19,download_mod,2026-01-05 02:37:00
308,179,27,download_mod,2026-01-05 02:38:00
69,130,35,view_mod,2026-01-05 02:39:00
49,64,11,like_mod,2026-01-05 02:40:00
589,491,40,download_mod,2026-01-05 02:41:00
53,368,36,view_mod,2026-01-05 02:42:00
829,58,48,view_mod,2026-01-05 02:43:00
204,330,1,download_mod,2026-01-05 02:44:00
122,435,9,like_mod,2026-01-05 02:45:00
753,407,31,download_mod,2026-01-05 02:46:00
254,267,13,download_mod,2026-01-05 02:47:00
836,498,14,download_mod,2026-01-05 02:48:00
250,138,8,view_mod,2026-01-05 02:49:00
309,405,22,download_mod,2026-01-05 02:50:00
288,372,15,view_mod,2026-01-05 02:51:00
287,461,48,view_mod,2026-01-05 02:52:00
675,495,6,view_mod,2026-01-05 02:53:00
896,45,19,view_mod,2026-01-05 02:54:00
181,19,38,view_mod,2026-01-05 02:55:00
80,446,47,view_mod,2026-01-05 02:56:00
75,456,35,view_mod,2026-01-05 02:57:00
85,281,7,download_mod,2026-01-05 02:58:00
25,170,19,view_mod,2026-01-05 02:59:00
371,120,8,view_mod,2026-01-05 03:00:00
255,421,22,view_mod,2026-01-05 03:01:00
730,154,26,view_mod,2026-01-05 03:02:00
436,79,33,view_mod,2026-01-05 03:03:00
145,364,21,view_mod,2026-01-05 03:04:00
300,450,45,download_mod,2026-01-05 03:05:00
821,232,38,upload_mod,2026-01-05 03:06:00
849,202,22,view_mod,2026-01-05 03:07:00
879,159,36,view_mod,2026-01-05 03:08:00
837,268,42,like_mod,2026-01-05 03:09:00
175,267,42,download_mod,2026-01-05 03:10:00
406,51,46,view_mod,2026-01-05 03:11:00
320,135,19,view_mod,2026-01-05 03:12:00
491,105,4,view_mod,2026-01-05 03:13:00
832,311,31,view_mod,2026-01-05 03:14:00
531,258,3,view_mod,2026-01-05 03:15:00
353,316,49,download_mod,2026-01-05 03:16:00
667,436,41,view_mod,2026-01-05 03:17:00
510,174,17,view_mod,2026-01-05 03:18:00
958,278,14,download_mod,2026-01-05 03:19:00
13,419,44,view_mod,2026-01-05 03:20:00
708,111,14,download_mod,2026-01-05 03:21:00
766,453,13,view_mod,2026-01-05 03:22:00
998,380,13,view_mod,2026-01-05 03:23:00
285,36,37,view_mod,2026-01-05 03:24:00
914,404,36,upload_mod,2026-01-05 03:25:00
526,470,46,upload_mod,2026-01-05 03:26:00
239,122,33,view_mod,2026-01-05 03:27:00
539,420,44,download_mod,2026-01-05 03:28:00
445,246,1,download_mod,2026-01-05 03:29:00
160,66,15,download_mod,2026-01-05 03:30:00
646,106,41,view_mod,2026-01-05 03:31:00
164,109,1,download_mod,2026-01-05 03:32:00
373,328,18,view_mod,2026-01-05 03:33:00
518,38,36,view_mod,2026-01-05 03:34:00
785,460,16,view_mod,2026-01-05 03:35:00
931,463,44,download_mod,2026-01-05 03:36:00
561,419,29,view_mod,2026-01-05 03:37:00
427,183,11,view_mod,2026-01-05 03:38:00
623,475,33,view_mod,2026-01-05 03:39:00
811,169,31,download_mod,2026-01-05 03:40:00
400,289,29,download_mod,2026-01-05 03:41:00
430,68,21,upload_mod,2026-01-05 03:42:00
515,415,4,download_mod,2026-01-05 03:43:00
300,468,12,like_mod,2026-01-05 03:44:00
243,187,8,download_mod,2026-01-05 03:45:00
870,3,17,upload_mod,2026-01-05 03:46:00
860,432,40,view_mod,2026-01-05 03:47:00
476,35,18,like_mod,2026-01-05 03:48:00
921,84,21,view_mod,2026-01-05 03:49:00
168,408,31,view_mod,2026-01-05 03:50:00
46,248,30,view_mod,2026-01-05 03:51:00
651,55,30,upload_mod,2026-01-05 03:52:00
171,429,26,view_mod,2026-01-05 03:53:00
665,120,32,download_mod,2026-01-05 03:54:00
374,158,46,view_mod,2026-01-05 03:55:00
740,255,18,view_mod,2026-01-05 03:56:00
366,163,21,view_mod,2026-01-05 03:57:00
86,429,6,view_mod,2026-01-05 03:58:00
735,2,33,download_mod,2026-01-05 03:59:00
293,375,24,download_mod,2026-01-05 04:00:00
890,382,22,like_mod,2026-01-05 04:01:00
224,412,11,view_mod,2026-01-05 04:02:00
385,481,39,download_mod,2026-01-05 04:03:00
995,185,49,view_mod,2026-01-05 04:04:00
568,134,44,like_mod,2026-01-05 04:05:00
974,259,2,view_mod,2026-01-05 04:06:00
886,330,31,view_mod,2026-01-05 04:07:00
977,361,7,upload_mod,2026-01-05 04:08:00
201,493,9,view_mod,2026-01-05 04:09:00
512,71,36,upload_mod,2026-01-05 04:10:00
265,89,16,view_mod,2026-01-05 04:11:00
721,173,20,view_mod,2026-01-05 04:12:00
909,49,3,view_mod,2026-01-05 04:13:00
450,363,14,view_mod,2026-01-05 04:14:00
435,180,13,download_mod,2026-01-05 04:15:00
432,74,33,download_mod,2026-01-05 04:16:00
218,202,5,download_mod,2026-01-05 04:17:00
294,345,39,download_mod,2026-01-05 04:18:00
757,486,12,like_mod,2026-01-05 04:19:00
694,102,35,download_mod,2026-01-05 04:20:00
231,241,47,view_mod,2026-01-05 04:21:00
241,368,41,download_mod,2026-01-05 04:22:00
865,178,5,view_mod,2026-01-05 04:23:00
506,225,48,view_mod,2026-01-05 04:24:00
8,438,23,upload_mod,2026-01-05 04:25:00
513,495,16,upload_mod,2026-01-05 04:26:00
720,156,18,download_mod,2026-01-05 04:27:00
62,275,27,like_mod,2026-01-05 04:28:00
185,475,4,download_mod,2026-01-05 04:29:00
88,260,29,download_mod,2026-01-05 04:30:00
907,412,9,view_mod,2026-01-05 04:31:00
732,147,18,like_mod,2026-01-05 04:32:00
416,80,22,upload_mod,2026-01-05 04:33:00
877,320,27,download_mod,2026-01-05 04:34:00
988,259,25,view_mod,2026-01-05 04:35:00
615,342,38,like_mod,2026-01-05 04:36:00
441,404,38,view_mod,2026-01-05 04:37:00
501,312,4,download_mod,2026-01-05 04:38:00
706,91,21,view_mod,2026-01-05 04:39:00
350,244,5,download_mod,2026-01-05 04:40:00
417,282,19,view_mod,2026-01-05 04:41:00
677,19,39,download_mod,2026-01-05 04:42:00
571,241,16,download_mod,2026-01-05 04:43:00
582,110,33,view_mod,2026-01-05 04:44:00
17,323,4,download_mod,2026-01-05 04:45:00
861,456,18,view_mod,2026-01-05 04:46:00
540,422,36,like_mod,2026-01-05 04:47:00
561,68,6,view_mod,2026-01-05 04:48:00
15,247,10,download_mod,2026-01-05 04:49:00
10,335,29,view_mod,2026-01-05 04:50:00
448,352,27,upload_mod,2026-01-05 04:51:00
219,479,26,view_mod,2026-01-05 04:52:00
797,341,26,view_mod,2026-01-05 04:53:00
103,482,42,view_mod,2026-01-05 04:54:00
372,227,47,view_mod,2026-01-05 04:55:00
175,82,46,view_mod,2026-01-05 04:56:00
913,315,26,download_mod,2026-01-05 04:57:00
374,116,49,download_mod,2026-01-05 04:58:00
678,204,19,download_mod,2026-01-05 04:59:00
461,214,12,like_mod,2026-01-05 05:00:00
436,54,33,like_mod,2026-01-05 05:01:00
849,93,36,download_mod,2026-01-05 05:02:00
249,259,19,like_mod,2026-01-05 05:03:00
674,381,18,download_mod,2026-01-05 05:04:00
738,305,49,view_mod,2026-01-05 05:05:00
17,146,31,download_mod,2026-01-05 05:06:00
6,378,22,download_mod,2026-01-05 05:07:00
329,55,34,view_mod,2026-01-05 05:08:00
222,370,11,download_mod,2026-01-05 05:09:00
666,493,31,view_mod,2026-01-05 05:10:00
30,194,32,download_mod,2026-01-05 05:11:00
456,343,40,download_mod,2026-01-05 05:12:00
404,312,38,view_mod,2026-01-05 05:13:00
914,263,42,download_mod,2026-01-05 05:14:00
814,292,36,view_mod,2026-01-05 05:15:00
495,229,33,upload_mod,2026-01-05 05:16:00
609,21,8,view_mod,2026-01-05 05:17:00
297,443,19,view_mod,2026-01-05 05:18:00
131,119,26,upload_mod,2026-01-05 05:19:00
603,195,45,like_mod,2026-01-05 05:20:00
853,363,11,view_mod,2026-01-05 05:21:00
754,24,33,like_mod,2026-01-05 05:22:00
654,188,43,view_mod,2026-01-05 05:23:00
668,237,45,view_mod,2026-01-05 05:24:00
284,36,20,download_mod,2026-01-05 05:25:00
825,221,43,view_mod,2026-01-05 05:26:00
121,200,31,view_mod,2026-01-05 05:27:00
154,484,32,view_mod,2026-01-05 05:28:00
47,49,40,view_mod,2026-01-05 05:29:00
675,310,8,view_mod,2026-01-05 05:30:00
329,72,39,view_mod,2026-01-05 05:31:00
684,394,44,download_mod,2026-01-05 05:32:00
199,232,3,view_mod,2026-01-05 05:33:00
906,219,46,like_mod,2026-01-05 05:34:00
521,223,49,view_mod,2026-01-05 05:35:00
217,203,45,upload_mod,2026-01-05 05:36:00
997,231,21,like_mod,2026-01-05 05:37:00
670,376,28,view_mod,2026-01-05 05:38:00
390,36,17,view_mod,2026-01-05 05:39:00
887,379,38,view_mod,2026-01-05 05:40:00
354,188,25,download_mod,2026-01-05 05:41:00
289,284,23,download_mod,2026-01-05 05:42:00
411,472,41,view_mod,2026-01-05 05:43:00
814,80,4,view_mod,2026-01-05 05:44:00
356,121,9,download_mod,2026-01-05 05:45:00
578,62,20,like_mod,2026-01-05 05:46:00
426,151,4,download_mod,2026-01-05 05:47:00
470,62,42,upload_mod,2026-01-05 05:48:00
477,283,9,upload_mod,2026-01-05 05:49:00
825,53,27,upload_mod,2026-01-05 05:50:00
77,377,33,view_mod,2026-01-05 05:51:00
30,21,10,view_mod,2026-01-05 05:52:00
44,330,39,view_mod,2026-01-05 05:53:00
246,362,12,view_mod,2026-01-05 05:54:00
197,90,3,download_mod,2026-01-05 05:55:00
69,397,5,upload_mod,2026-01-05 05:56:00
996,188,20,upload_mod,2026-01-05 05:57:00
357,185,6,view_mod,2026-01-05 05:58:00
994,362,25,download_mod,2026-01-05 05:59:00
907,445,48,view_mod,2026-01-05 06:00:00
124,147,29,like_mod,2026-01-05 06:01:00
333,497,25,view_mod,2026-01-05 06:02:00
963,275,31,view_mod,2026-01-05 06:03:00
862,25,35,view_mod,2026-01-05 06:04:00
856,332,14,view_mod,2026-01-05 06:05:00
953,193,35,download_mod,2026-01-05 06:06:00
263,437,35,download_mod,2026-01-05 06:07:00
137,236,31,download_mod,2026-01-05 06:08:00
78,21,24,view_mod,2026-01-05 06:09:00
709,49,34,download_mod,2026-01-05 06:10:00
743,471,14,view_mod,2026-01-05 06:11:00
303,84,7,view_mod,2026-01-05 06:12:00
396,51,24,like_mod,2026-01-05 06:13:00
164,76,17,upload_mod,2026-01-05 06:14:00
271,195,30,download_mod,2026-01-05 06:15:00
965,496,5,view_mod,2026-01-05 06:16:00
623,123,35,download_mod,2026-01-05 06:17:00
50,259,30,view_mod,2026-01-05 06:18:00
350,346,28,view_mod,2026-01-05 06:19:00
127,234,17,download_mod,2026-01-05 06:20:00
78,439,8,download_mod,2026-01-05 06:21:00
244,484,13,view_mod,2026-01-05 06:22:00
932,287,8,download_mod,2026-01-05 06:23:00
746,344,25,view_mod,2026-01-05 06:24:00
388,425,30,view_mod,2026-01-05 06:25:00
767,248,35,download_mod,2026-01-05 06:26:00
223,321,12,download_mod,2026-01-05 06:27:00
988,142,31,like_mod,2026-01-05 06:28:00
959,240,36,like_mod,2026-01-05 06:29:00
956,275,6,upload_mod,2026-01-05 06:30:00
993,92,5,download_mod,2026-01-05 06:31:00
652,226,44,download_mod,2026-01-05 06:32:00
678,337,35,like_mod,2026-01-05 06:33:00
875,277,11,upload_mod,2026-01-05 06:34:00
288,9,19,upload_mod,2026-01-05 06:35:00
450,397,17,view_mod,2026-01-05 06:36:00
796,129,13,view_mod,2026-01-05 06:37:00
198,320,1,like_mod,2026-01-05 06:38:00
99,318,24,download_mod,2026-01-05 06:39:00
399,396,23,view_mod,2026-01-05 06:40:00
906,311,28,download_mod,2026-01-05 06:41:00
673,265,11,view_mod,2026-01-05 06:42:00
609,334,27,view_mod,2026-01-05 06:43:00
862,404,8,upload_mod,2026-01-05 06:44:00
601,357,3,download_mod,2026-01-05 06:45:00
763,121,19,upload_mod,2026-01-05 06:46:00
732,335,12,upload_mod,2026-01-05 06:47:00
557,464,12,view_mod,2026-01-05 06:48:00
235,74,38,view_mod,2026-01-05 06:49:00
345,103,45,view_mod,2026-01-05 06:50:00
408,296,40,view_mod,2026-01-05 06:51:00
3,139,48,download_mod,2026-01-05 06:52:00
620,103,22,upload_mod,2026-01-05 06:53:00
653,216,38,view_mod,2026-01-05 06:54:00
706,429,1,view_mod,2026-01-05 06:55:00
823,412,16,view_mod,2026-01-05 06:56:00
205,271,24,view_mod,2026-01-05 06:57:00
126,57,7,view_mod,2026-01-05 06:58:00
678,372,17,view_mod,2026-01-05 06:59:00
743,24,22,view_mod,2026-01-05 07:00:00
451,50,24,view_mod,2026-01-05 07:01:00
671,453,2,upload_mod,2026-01-05 07:02:00
877,257,5,download_mod,2026-01-05 07:03:00
676,407,19,view_mod,2026-01-05 07:04:00
104,261,38,download_mod,2026-01-05 07:05:00
455,279,32,like_mod,2026-01-05 07:06:00
284,152,32,like_mod,2026-01-05 07:07:00
923,295,37,download_mod,2026-01-05 07:08:00
685,155,16,upload_mod,2026-01-05 07:09:00
739,431,30,download_mod,2026-01-05 07:10:00
969,102,27,view_mod,2026-01-05 07:11:00
731,466,36,upload_mod,2026-01-05 07:12:00
939,187,49,view_mod,2026-01-05 07:13:00
563,306,44,upload_mod,2026-01-05 07:14:00
393,41,48,download_mod,2026-01-05 07:15:00
197,421,16,download_mod,2026-01-05 07:16:00
990,236,24,view_mod,2026-01-05 07:17:00
283,120,39,view_mod,2026-01-05 07:18:00
300,173,36,view_mod,2026-01-05 07:19:00
33,44,10,download_mod,2026-01-05 07:20:00
21,265,37,view_mod,2026-01-05 07:21:00
461,307,3,upload_mod,2026-01-05 07:22:00
221,258,19,view_mod,2026-01-05 07:23:00
231,24,31,view_mod,2026-01-05 07:24:00
648,447,49,view_mod,2026-01-05 07:25:00
345,258,12,upload_mod,2026-01-05 07:26:00
503,466,11,download_mod,2026-01-05 07:27:00
314,392,14,download_mod,2026-01-05 07:28:00
738,409,31,upload_mod,2026-01-05 07:29:00
799,496,8,like_mod,2026-01-05 07:30:00
70,482,11,view_mod,2026-01-05 07:31:00
845,183,43,download_mod,2026-01-05 07:32:00
8,248,19,view_mod,2026-01-05 07:33:00
527,361,7,view_mod,2026-01-05 07:34:00
498,444,16,download_mod,2026-01-05 07:35:00
775,420,20,view_mod,2026-01-05 07:36:00
393,5,7,download_mod,2026-01-05 07:37:00
334,39,40,download_mod,2026-01-05 07:38:00
863,122,15,view_mod,2026-01-05 07:39:00
640,64,12,view_mod,2026-01-05 07:40:00
36,30,12,view_mod,2026-01-05 07:41:00
87,116,6,download_mod,2026-01-05 07:42:00
652,436,46,view_mod,2026-01-05 07:43:00
126,288,12,upload_mod,2026-01-05 07:44:00
684,442,1,download_mod,2026-01-05 07:45:00
300,247,25,upload_mod,2026-01-05 07:46:00
921,220,26,view_mod,2026-01-05 07:47:00
908,348,28,view_mod,2026-01-05 07:48:00
193,142,25,download_mod,2026-01-05 07:49:00
908,202,9,view_mod,2026-01-05 07:50:00
554,303,4,download_mod,2026-01-05 07:51:00
307,288,45,download_mod,2026-01-05 07:52:00
338,227,16,view_mod,2026-01-05 07:53:00
393,98,3,upload_mod,2026-01-05 07:54:00
828,22,6,view_mod,2026-01-05 07:55:00
326,2,3,like_mod,2026-01-05 07:56:00
703,285,43,like_mod,2026-01-05 07:57:00
991,171,46,download_mod,2026-01-05 07:58:00
534,196,1,view_mod,2026-01-05 07:59:00
348,273,42,view_mod,2026-01-05 08:00:00
842,377,14,download_mod,2026-01-05 08:01:00
807,214,17,upload_mod,2026-01-05 08:02:00
698,380,42,like_mod,2026-01-05 08:03:00
270,67,7,like_mod,2026-01-05 08:04:00
565,408,11,like_mod,2026-01-05 08:05:00
709,11,4,view_mod,2026-01-05 08:06:00
723,282,31,view_mod,2026-01-05 08:07:00
579,53,49,download_mod,2026-01-05 08:08:00
874,166,27,view_mod,2026-01-05 08:09:00
346,418,11,download_mod,2026-01-05 08:10:00
995,170,42,upload_mod,2026-01-05 08:11:00
301,17,32,like_mod,2026-01-05 08:12:00
248,35,32,download_mod,2026-01-05 08:13:00
247,451,8,view_mod,2026-01-05 08:14:00
982,486,12,download_mod,2026-01-05 08:15:00
148,452,2,view_mod,2026-01-05 08:16:00
925,123,21,view_mod,2026-01-05 08:17:00
192,363,4,view_mod,2026-01-05 08:18:00
180,319,22,view_mod,2026-01-05 08:19:00
136,80,15,download_mod,2026-01-05 08:20:00
753,420,16,download_mod,2026-01-05 08:21:00
159,95,20,upload_mod,2026-01-05 08:22:00
933,134,49,like_mod,2026-01-05 08:23:00
948,18,26,download_mod,2026-01-05 08:24:00
683,13,32,download_mod,2026-01-05 08:25:00
89,435,33,view_mod,2026-01-05 08:26:00
594,289,32,view_mod,2026-01-05 08:27:00
433,110,40,view_mod,2026-01-05 08:28:00
330,273,15,download_mod,2026-01-05 08:29:00
752,289,11,upload_mod,2026-01-05 08:30:00
876,52,42,view_mod,2026-01-05 08:31:00
765,273,28,upload_mod,2026-01-05 08:32:00
315,354,7,view_mod,2026-01-05 08:33:00
403,204,49,download_mod,2026-01-05 08:34:00
592,420,6,view_mod,2026-01-05 08:35:00
708,66,47,view_mod,2026-01-05 08:36:00
152,245,18,view_mod,2026-01-05 08:37:00
450,126,31,download_mod,2026-01-05 08:38:00
356,6,15,view_mod,2026-01-05 08:39:00
656,252,4,upload_mod,2026-01-05 08:40:00
553,481,36,download_mod,2026-01-05 08:41:00
34,196,44,upload_mod,2026-01-05 08:42:00
224,241,19,download_mod,2026-01-05 08:43:00
337,43,44,view_mod,2026-01-05 08:44:00
172,493,38,download_mod,2026-01-05 08:45:00
727,145,20,like_mod,2026-01-05 08:46:00
202,206,17,download_mod,2026-01-05 08:47:00
573,152,37,view_mod,2026-01-05 08:48:00
906,73,37,download_mod,2026-01-05 08:49:00
978,185,19,view_mod,2026-01-05 08:50:00
820,150,47,view_mod,2026-01-05 08:51:00
296,59,26,download_mod,2026-01-05 08:52:00
396,289,41,view_mod,2026-01-05 08:53:00
969,267,1,upload_mod,2026-01-05 08:54:00
313,442,3,download_mod,2026-01-05 08:55:00
192,179,19,download_mod,2026-01-05 08:56:00
899,148,37,view_mod,2026-01-05 08:57:00
253,178,42,upload_mod,2026-01-05 08:58:00
610,342,9,download_mod,2026-01-05 08:59:00
719,71,9,download_mod,2026-01-05 09:00:00
639,307,21,upload_mod,2026-01-05 09:01:00
68,172,40,view_mod,2026-01-05 09:02:00
99,105,35,download_mod,2026-01-05 09:03:00
553,192,4,like_mod,2026-01-05 09:04:00
129,159,6,view_mod,2026-01-05 09:05:00
328,236,25,upload_mod,2026-01-05 09:06:00
551,108,5,view_mod,2026-01-05 09:07:00
799,107,46,upload_mod,2026-01-05 09:08:00
5,339,4,upload_mod,2026-01-05 09:09:00
859,328,18,view_mod,2026-01-05 09:10:00
380,186,37,download_mod,2026-01-05 09:11:00
482,434,8,view_mod,2026-01-05 09:12:00
667,136,21,upload_mod,2026-01-05 09:13:00
663,437,1,view_mod,2026-01-05 09:14:00
130,277,7,view_mod,2026-01-05 09:15:00
749,467,24,upload_mod,2026-01-05 09:16:00
183,262,14,view_mod,2026-01-05 09:17:00
140,304,26,download_mod,2026-01-05 09:18:00
436,248,27,download_mod,2026-01-05 09:19:00
687,81,9,upload_mod,2026-01-05 09:20:00
904,454,19,view_mod,2026-01-05 09:21:00
320,260,44,view_mod,2026-01-05 09:22:00
739,318,3,view_mod,2026-01-05 09:23:00
924,28,15,view_mod,2026-01-05 09:24:00
804,330,9,like_mod,2026-01-05 09:25:00
351,437,31,view_mod,2026-01-05 09:26:00
843,479,35,download_mod,2026-01-05 09:27:00
148,47,39,like_mod,2026-01-05 09:28:00
280,294,12,download_mod,2026-01-05 09:29:00
281,480,37,view_mod,2026-01-05 09:30:00
576,314,2,view_mod,2026-01-05 09:31:00
668,415,46,download_mod,2026-01-05 09:32:00
149,375,21,download_mod,2026-01-05 09:33:00
847,247,24,upload_mod,2026-01-05 09:34:00
433,64,19,view_mod,2026-01-05 09:35:00
132,86,21,like_mod,2026-01-05 09:36:00
692,83,29,download_mod,2026-01-05 09:37:00
484,473,21,download_mod,2026-01-05 09:38:00
891,38,12,view_mod,2026-01-05 09:39:00
328,441,27,view_mod,2026-01-05 09:40:00
996,386,31,view_mod,2026-01-05 09:41:00
137,495,20,view_mod,2026-01-05 09:42:00
447,341,22,view_mod,2026-01-05 09:43:00
720,28,35,view_mod,2026-01-05 09:44:00
209,333,13,view_mod,2026-01-05 09:45:00
455,306,32,view_mod,2026-01-05 09:46:00
912,423,7,view_mod,2026-01-05 09:47:00
785,313,4,view_mod,2026-01-05 09:48:00
737,298,18,view_mod,2026-01-05 09:49:00
815,244,21,view_mod,2026-01-05 09:50:00
403,268,36,view_mod,2026-01-05 09:51:00
68,77,31,download_mod,2026-01-05 09:52:00
63,405,17,download_mod,2026-01-05 09:53:00
532,449,47,download_mod,2026-01-05 09:54:00
737,70,43,view_mod,2026-01-05 09:55:00
140,428,13,view_mod,2026-01-05 09:56:00
99,211,21,view_mod,2026-01-05 09:57:00
417,471,15,download_mod,2026-01-05 09:58:00
712,162,39,download_mod,2026-01-05 09:59:00
369,255,49,view_mod,2026-01-05 10:00:00
607,203,23,download_mod,2026-01-05 10:01:00
673,276,13,like_mod,2026-01-05 10:02:00
238,237,45,upload_mod,2026-01-05 10:03:00
211,86,12,view_mod,2026-01-05 10:04:00
185,181,43,view_mod,2026-01-05 10:05:00
603,314,8,download_mod,2026-01-05 10:06:00
127,227,19,view_mod,2026-01-05 10:07:00
551,153,4,view_mod,2026-01-05 10:08:00
481,12,13,like_mod,2026-01-05 10:09:00
392,406,26,view_mod,2026-01-05 10:10:00
84,37,36,like_mod,2026-01-05 10:11:00
545,193,33,view_mod,2026-01-05 10:12:00
352,208,32,view_mod,2026-01-05 10:13:00
749,18,3,download_mod,2026-01-05 10:14:00
426,383,1,view_mod,2026-01-05 10:15:00
36,262,44,download_mod,2026-01-05 10:16:00
599,185,19,view_mod,2026-01-05 10:17:00
86,457,49,view_mod,2026-01-05 10:18:00
327,120,30,upload_mod,2026-01-05 10:19:00
319,301,35,view_mod,2026-01-05 10:20:00
513,94,38,view_mod,2026-01-05 10:21:00
847,144,16,download_mod,2026-01-05 10:22:00
396,231,31,view_mod,2026-01-05 10:23:00
619,231,42,view_mod,2026-01-05 10:24:00
1,447,25,view_mod,2026-01-05 10:25:00
386,481,49,view_mod,2026-01-05 10:26:00
688,414,31,view_mod,2026-01-05 10:27:00
894,39,18,view_mod,2026-01-05 10:28:00
690,331,24,view_mod,2026-01-05 10:29:00
438,80,32,view_mod,2026-01-05 10:30:00
893,226,11,download_mod,2026-01-05 10:31:00
918,472,30,like_mod,2026-01-05 10:32:00
531,329,23,upload_mod,2026-01-05 10:33:00
967,323,6,upload_mod,2026-01-05 10:34:00
708,63,27,view_mod,2026-01-05 10:35:00
998,494,45,view_mod,2026-01-05 10:36:00
702,286,20,like_mod,2026-01-05 10:37:00
118,258,26,like_mod,2026-01-05 10:38:00
373,155,15,upload_mod,2026-01-05 10:39:00
760,8,49,view_mod,2026-01-05 10:40:00
696,261,30,view_mod,2026-01-05 10:41:00
304,464,36,download_mod,2026-01-05 10:42:00
62,134,45,view_mod,2026-01-05 10:43:00
638,315,15,view_mod,2026-01-05 10:44:00
547,387,13,view_mod,2026-01-05 10:45:00
984,34,48,view_mod,2026-01-05 10:46:00
756,492,48,view_mod,2026-01-05 10:47:00
230,271,25,download_mod,2026-01-05 10:48:00
934,2,43,view_mod,2026-01-05 10:49:00
276,71,41,download_mod,2026-01-05 10:50:00
138,347,31,download_mod,2026-01-05 10:51:00
489,262,18,view_mod,2026-01-05 10:52:00
755,287,3,view_mod,2026-01-05 10:53:00
463,353,44,view_mod,2026-01-05 10:54:00
992,494,38,view_mod,2026-01-05 10:55:00
334,38,38,upload_mod,2026-01-05 10:56:00
228,402,20,view_mod,2026-01-05 10:57:00
74,68,21,view_mod,2026-01-05 10:58:00
861,43,15,view_mod,2026-01-05 10:59:00
249,134,29,view_mod,2026-01-05 11:00:00
525,145,8,download_mod,2026-01-05 11:01:00
88,305,23,view_mod,2026-01-05 11:02:00
137,220,13,download_mod,2026-01-05 11:03:00
58,35,37,view_mod,2026-01-05 11:04:00
869,395,31,download_mod,2026-01-05 11:05:00
180,303,24,view_mod,2026-01-05 11:06:00
645,406,30,view_mod,2026-01-05 11:07:00
85,17,25,download_mod,2026-01-05 11:08:00
94,336,2,upload_mod,2026-01-05 11:09:00
864,25,9,view_mod,2026-01-05 11:10:00
669,411,18,like_mod,2026-01-05 11:11:00
259,81,4,view_mod,2026-01-05 11:12:00
301,167,24,view_mod,2026-01-05 11:13:00
737,445,3,view_mod,2026-01-05 11:14:00
926,375,34,download_mod,2026-01-05 11:15:00
87,353,45,view_mod,2026-01-05 11:16:00
578,238,47,download_mod,2026-01-05 11:17:00
111,199,9,view_mod,2026-01-05 11:18:00
149,317,31,view_mod,2026-01-05 11:19:00
16,282,9,view_mod,2026-01-05 11:20:00
278,432,10,like_mod,2026-01-05 11:21:00
920,106,5,upload_mod,2026-01-05 11:22:00
522,481,21,view_mod,2026-01-05 11:23:00
93,9,30,view_mod,2026-01-05 11:24:00
976,481,16,view_mod,2026-01-05 11:25:00
487,129,32,view_mod,2026-01-05 11:26:00
484,186,39,view_mod,2026-01-05 11:27:00
207,378,6,view_mod,2026-01-05 11:28:00
588,454,13,download_mod,2026-01-05 11:29:00
733,107,23,view_mod,2026-01-05 11:30:00
77,55,15,download_mod,2026-01-05 11:31:00
647,184,20,view_mod,2026-01-05 11:32:00
339,475,17,download_mod,2026-01-05 11:33:00
818,124,9,upload_mod,2026-01-05 11:34:00
294,143,39,upload_mod,2026-01-05 11:35:00
363,166,23,download_mod,2026-01-05 11:36:00
418,61,3,upload_mod,2026-01-05 11:37:00
382,5,19,view_mod,2026-01-05 11:38:00
700,81,47,like_mod,2026-01-05 11:39:00
139,409,45,view_mod,2026-01-05 11:40:00
355,290,20,like_mod,2026-01-05 11:41:00
536,39,29,view_mod,2026-01-05 11:42:00
28,229,30,view_mod,2026-01-05 11:43:00
685,392,48,view_mod,2026-01-05 11:44:00
279,476,44,view_mod,2026-01-05 11:45:00
982,497,9,download_mod,2026-01-05 11:46:00
308,154,30,view_mod,2026-01-05 11:47:00
98,133,40,view_mod,2026-01-05 11:48:00
665,70,46,download_mod,2026-01-05 11:49:00
578,211,34,view_mod,2026-01-05 11:50:00
108,346,43,download_mod,2026-01-05 11:51:00
705,414,40,download_mod,2026-01-05 11:52:00
421,28,3,download_mod,2026-01-05 11:53:00
914,377,21,view_mod,2026-01-05 11:54:00
284,96,28,view_mod,2026-01-05 11:55:00
743,64,12,download_mod,2026-01-05 11:56:00
2,9,35,download_mod,2026-01-05 11:57:00
594,460,28,download_mod,2026-01-05 11:58:00
949,476,12,view_mod,2026-01-05 11:59:00
498,78,27,download_mod,2026-01-05 12:00:00
591,34,7,view_mod,2026-01-05 12:01:00
552,169,11,upload_mod,2026-01-05 12:02:00
535,263,11,view_mod,2026-01-05 12:03:00
12,12,19,download_mod,2026-01-05 12:04:00
181,56,35,like_mod,2026-01-05 12:05:00
769,98,2,upload_mod,2026-01-05 12:06:00
516,383,3,view_mod,2026-01-05 12:07:00
372,347,16,view_mod,2026-01-05 12:08:00
274,119,20,upload_mod,2026-01-05 12:09:00
375,112,21,view_mod,2026-01-05 12:10:00
834,112,42,download_mod,2026-01-05 12:11:00
163,478,41,view_mod,2026-01-05 12:12:00
168,107,33,view_mod,2026-01-05 12:13:00
37,226,29,view_mod,2026-01-05 12:14:00
757,285,48,view_mod,2026-01-05 12:15:00
639,118,23,view_mod,2026-01-05 12:16:00
246,426,20,view_mod,2026-01-05 12:17:00
692,123,44,upload_mod,2026-01-05 12:18:00
2,121,6,download_mod,2026-01-05 12:19:00
747,41,33,like_mod,2026-01-05 12:20:00
338,381,41,upload_mod,2026-01-05 12:21:00
115,441,6,download_mod,2026-01-05 12:22:00
389,284,24,download_mod,2026-01-05 12:23:00
769,299,9,download_mod,2026-01-05 12:24:00
865,201,48,view_mod,2026-01-05 12:25:00
749,132,41,view_mod,2026-01-05 12:26:00
455,307,11,download_mod,2026-01-05 12:27:00
464,350,13,download_mod,2026-01-05 12:28:00
491,445,11,view_mod,2026-01-05 12:29:00
604,9,8,view_mod,2026-01-05 12:30:00
88,393,4,like_mod,2026-01-05 12:31:00
87,371,39,upload_mod,2026-01-05 12:32:00
226,222,21,view_mod,2026-01-05 12:33:00
151,149,2,download_mod,2026-01-05 12:34:00
200,20,21,view_mod,2026-01-05 12:35:00
581,233,34,view_mod,2026-01-05 12:36:00
439,260,19,download_mod,2026-01-05 12:37:00
137,240,20,view_mod,2026-01-05 12:38:00
846,50,37,view_mod,2026-01-05 12:39:00
394,317,22,view_mod,2026-01-05 12:40:00
734,159,31,view_mod,2026-01-05 12:41:00
305,242,23,download_mod,2026-01-05 12:42:00
853,431,8,upload_mod,2026-01-05 12:43:00
947,210,46,download_mod,2026-01-05 12:44:00
49,253,25,view_mod,2026-01-05 12:45:00
425,294,30,download_mod,2026-01-05 12:46:00
387,354,3,upload_mod,2026-01-05 12:47:00
853,469,45,upload_mod,2026-01-05 12:48:00
487,157,44,download_mod,2026-01-05 12:49:00
635,482,38,download_mod,2026-01-05 12:50:00
919,376,48,upload_mod,2026-01-05 12:51:00
92,402,11,like_mod,2026-01-05 12:52:00
209,473,44,view_mod,2026-01-05 12:53:00
857,97,10,view_mod,2026-01-05 12:54:00
510,100,30,view_mod,2026-01-05 12:55:00
395,196,18,upload_mod,2026-01-05 12:56:00
63,169,29,download_mod,2026-01-05 12:57:00
612,313,8,view_mod,2026-01-05 12:58:00
785,70,32,download_mod,2026-01-05 12:59:00
104,299,8,view_mod,2026-01-05 13:00:00
393,222,14,upload_mod,2026-01-05 13:01:00
944,497,2,upload_mod,2026-01-05 13:02:00
584,456,18,view_mod,2026-01-05 13:03:00
222,249,33,view_mod,2026-01-05 13:04:00
680,485,6,download_mod,2026-01-05 13:05:00
180,103,9,like_mod,2026-01-05 13:06:00
583,447,48,like_mod,2026-01-05 13:07:00
858,301,36,view_mod,2026-01-05 13:08:00
594,55,25,download_mod,2026-01-05 13:09:00
862,54,17,like_mod,2026-01-05 13:10:00
95,164,23,download_mod,2026-01-05 13:11:00
998,358,22,view_mod,2026-01-05 13:12:00
790,381,5,view_mod,2026-01-05 13:13:00
264,364,9,view_mod,2026-01-05 13:14:00
231,200,46,view_mod,2026-01-05 13:15:00
39,131,34,view_mod,2026-01-05 13:16:00
305,439,6,download_mod,2026-01-05 13:17:00
692,177,8,view_mod,2026-01-05 13:18:00
391,448,10,download_mod,2026-01-05 13:19:00
159,440,4,upload_mod,2026-01-05 13:20:00
795,173,5,like_mod,2026-01-05 13:21:00
905,79,35,view_mod,2026-01-05 13:22:00
665,112,45,view_mod,2026-01-05 13:23:00
351,268,15,view_mod,2026-01-05 13:24:00
346,297,7,view_mod,2026-01-05 13:25:00
711,346,3,download_mod,2026-01-05 13:26:00
385,441,33,view_mod,2026-01-05 13:27:00
403,119,49,view_mod,2026-01-05 13:28:00
705,365,19,download_mod,2026-01-05 13:29:00
841,141,14,download_mod,2026-01-05 13:30:00
590,169,28,view_mod,2026-01-05 13:31:00
739,140,10,download_mod,2026-01-05 13:32:00
941,318,23,upload_mod,2026-01-05 13:33:00
688,93,5,download_mod,2026-01-05 13:34:00
178,484,42,download_mod,2026-01-05 13:35:00
105,439,33,view_mod,2026-01-05 13:36:00
20,342,10,view_mod,2026-01-05 13:37:00
890,205,14,view_mod,2026-01-05 13:38:00
357,297,31,view_mod,2026-01-05 13:39:00
620,243,15,view_mod,2026-01-05 13:40:00
280,462,20,download_mod,2026-01-05 13:41:00
483,241,28,download_mod,2026-01-05 13:42:00
839,282,41,view_mod,2026-01-05 13:43:00
27,329,16,download_mod,2026-01-05 13:44:00
521,232,20,upload_mod,2026-01-05 13:45:00
690,469,45,view_mod,2026-01-05 13:46:00
385,289,48,download_mod,2026-01-05 13:47:00
804,66,42,view_mod,2026-01-05 13:48:00
472,477,26,view_mod,2026-01-05 13:49:00
605,17,41,view_mod,2026-01-05 13:50:00
149,326,2,view_mod,2026-01-05 13:51:00
711,273,17,upload_mod,2026-01-05 13:52:00
914,450,27,like_mod,2026-01-05 13:53:00
474,137,19,download_mod,2026-01-05 13:54:00
773,279,6,upload_mod,2026-01-05 13:55:00
76,308,37,like_mod,2026-01-05 13:56:00
911,24,44,download_mod,2026-01-05 13:57:00
169,490,15,download_mod,2026-01-05 13:58:00
522,435,29,view_mod,2026-01-05 13:59:00
929,231,3,upload_mod,2026-01-05 14:00:00
77,299,8,view_mod,2026-01-05 14:01:00
878,237,2,download_mod,2026-01-05 14:02:00
394,107,44,view_mod,2026-01-05 14:03:00
628,1,21,view_mod,2026-01-05 14:04:00
461,176,38,download_mod,2026-01-05 14:05:00
93,79,28,view_mod,2026-01-05 14:06:00
547,465,32,view_mod,2026-01-05 14:07:00
246,235,19,download_mod,2026-01-05 14:08:00
693,242,10,view_mod,2026-01-05 14:09:00
929,140,28,download_mod,2026-01-05 14:10:00
592,125,1,view_mod,2026-01-05 14:11:00
338,363,40,view_mod,2026-01-05 14:12:00
52,187,24,view_mod,2026-01-05 14:13:00
381,87,4,view_mod,2026-01-05 14:14:00
473,142,10,download_mod,2026-01-05 14:15:00
738,246,36,download_mod,2026-01-05 14:16:00
867,295,26,view_mod,2026-01-05 14:17:00
682,365,24,view_mod,2026-01-05 14:18:00
587,8,15,view_mod,2026-01-05 14:19:00
847,107,20,view_mod,2026-01-05 14:20:00
408,277,32,download_mod,2026-01-05 14:21:00
576,71,10,view_mod,2026-01-05 14:22:00
871,140,3,upload_mod,2026-01-05 14:23:00
311,137,5,view_mod,2026-01-05 14:24:00
494,336,42,download_mod,2026-01-05 14:25:00
340,350,47,download_mod,2026-01-05 14:26:00
720,448,40,like_mod,2026-01-05 14:27:00
994,34,44,download_mod,2026-01-05 14:28:00
232,408,16,view_mod,2026-01-05 14:29:00
725,89,31,view_mod,2026-01-05 14:30:00
632,233,11,download_mod,2026-01-05 14:31:00
147,112,7,download_mod,2026-01-05 14:32:00
963,71,33,view_mod,2026-01-05 14:33:00
466,240,10,download_mod,2026-01-05 14:34:00
718,77,27,view_mod,2026-01-05 14:35:00
180,434,23,download_mod,2026-01-05 14:36:00
401,149,45,view_mod,2026-01-05 14:37:00
240,101,38,view_mod,2026-01-05 14:38:00
326,63,48,view_mod,2026-01-05 14:39:00
394,460,8,view_mod,2026-01-05 14:40:00
217,133,42,view_mod,2026-01-05 14:41:00
85,445,19,like_mod,2026-01-05 14:42:00
537,137,45,view_mod,2026-01-05 14:43:00
828,211,41,view_mod,2026-01-05 14:44:00
942,464,24,download_mod,2026-01-05 14:45:00
160,159,31,upload_mod,2026-01-05 14:46:00
98,125,22,view_mod,2026-01-05 14:47:00
55,459,34,download_mod,2026-01-05 14:48:00
120,11,10,download_mod,2026-01-05 14:49:00
876,413,35,view_mod,2026-01-05 14:50:00
883,294,43,download_mod,2026-01-05 14:51:00
739,311,46,upload_mod,2026-01-05 14:52:00
313,226,37,download_mod,2026-01-05 14:53:00
997,124,2,download_mod,2026-01-05 14:54:00
943,434,29,like_mod,2026-01-05 14:55:00
146,336,29,view_mod,2026-01-05 14:56:00
315,67,40,view_mod,2026-01-05 14:57:00
911,187,2,download_mod,2026-01-05 14:58:00
492,96,10,upload_mod,2026-01-05 14:59:00
213,458,25,view_mod,2026-01-05 15:00:00
52,486,31,download_mod,2026-01-05 15:01:00
301,4,1,download_mod,2026-01-05 15:02:00
853,109,4,upload_mod,2026-01-05 15:03:00
286,161,37,download_mod,2026-01-05 15:04:00
935,337,49,view_mod,2026-01-05 15:05:00
892,247,7,view_mod,2026-01-05 15:06:00
270,245,22,view_mod,2026-01-05 15:07:00
82,326,42,download_mod,2026-01-05 15:08:00
854,180,5,upload_mod,2026-01-05 15:09:00
194,144,4,view_mod,2026-01-05 15:10:00
512,436,24,download_mod,2026-01-05 15:11:00
612,401,2,view_mod,2026-01-05 15:12:00
663,335,28,view_mod,2026-01-05 15:13:00
849,108,9,view_mod,2026-01-05 15:14:00
647,185,13,view_mod,2026-01-05 15:15:00
987,301,46,view_mod,2026-01-05 15:16:00
702,496,23,download_mod,2026-01-05 15:17:00
566,488,6,like_mod,2026-01-05 15:18:00
445,47,3,view_mod,2026-01-05 15:19:00
937,243,27,view_mod,2026-01-05 15:20:00
889,161,29,upload_mod,2026-01-05 15:21:00
27,440,21,view_mod,2026-01-05 15:22:00
344,412,4,view_mod,2026-01-05 15:23:00
401,457,3,view_mod,2026-01-05 15:24:00
609,443,39,view_mod,2026-01-05 15:25:00
889,404,20,view_mod,2026-01-05 15:26:00
213,317,8,view_mod,2026-01-05 15:27:00
422,151,22,view_mod,2026-01-05 15:28:00
115,425,13,view_mod,2026-01-05 15:29:00
29,58,20,view_mod,2026-01-05 15:30:00
713,411,22,upload_mod,2026-01-05 15:31:00
602,16,39,view_mod,2026-01-05 15:32:00
130,34,10,download_mod,2026-01-05 15:33:00
427,251,18,like_mod,2026-01-05 15:34:00
145,493,37,download_mod,2026-01-05 15:35:00
301,343,10,download_mod,2026-01-05 15:36:00
648,45,28,view_mod,2026-01-05 15:37:00
361,338,27,view_mod,2026-01-05 15:38:00
56,178,38,like_mod,2026-01-05 15:39:00
986,165,48,view_mod,2026-01-05 15:40:00
261,377,38,view_mod,2026-01-05 15:41:00
655,264,24,download_mod,2026-01-05 15:42:00
741,45,45,download_mod,2026-01-05 15:43:00
475,306,11,download_mod,2026-01-05 15:44:00
929,7,22,view_mod,2026-01-05 15:45:00
355,69,27,view_mod,2026-01-05 15:46:00
882,268,28,view_mod,2026-01-05 15:47:00
40,191,42,view_mod,2026-01-05 15:48:00
283,253,13,view_mod,2026-01-05 15:49:00
949,279,23,upload_mod,2026-01-05 15:50:00
460,404,31,view_mod,2026-01-05 15:51:00
747,166,13,view_mod,2026-01-05 15:52:00
864,391,5,view_mod,2026-01-05 15:53:00
556,426,29,view_mod,2026-01-05 15:54:00
445,377,37,upload_mod,2026-01-05 15:55:00
433,143,17,like_mod,2026-01-05 15:56:00
137,276,41,download_mod,2026-01-05 15:57:00
43,280,20,view_mod,2026-01-05 15:58:00
706,246,47,view_mod,2026-01-05 15:59:00
321,260,11,view_mod,2026-01-05 16:00:00
664,332,3,download_mod,2026-01-05 16:01:00
285,50,46,view_mod,2026-01-05 16:02:00
447,427,22,view_mod,2026-01-05 16:03:00
870,389,21,view_mod,2026-01-05 16:04:00
363,480,8,like_mod,2026-01-05 16:05:00
603,438,21,view_mod,2026-01-05 16:06:00
967,243,14,view_mod,2026-01-05 16:07:00
643,390,7,download_mod,2026-01-05 16:08:00
553,18,18,upload_mod,2026-01-05 16:09:00
179,144,1,view_mod,2026-01-05 16:10:00
897,20,20,view_mod,2026-01-05 16:11:00
727,440,41,view_mod,2026-01-05 16:12:00
688,415,44,view_mod,2026-01-05 16:13:00
111,387,8,view_mod,2026-01-05 16:14:00
371,277,30,download_mod,2026-01-05 16:15:00
307,283,36,upload_mod,2026-01-05 16:16:00
652,14,49,view_mod,2026-01-05 16:17:00
220,257,48,like_mod,2026-01-05 16:18:00
286,68,16,view_mod,2026-01-05 16:19:00
990,6,15,view_mod,2026-01-05 16:20:00
696,233,4,view_mod,2026-01-05 16:21:00
505,348,12,like_mod,2026-01-05 16:22:00
44,453,49,upload_mod,2026-01-05 16:23:00
898,381,27,download_mod,2026-01-05 16:24:00
436,296,30,view_mod,2026-01-05 16:25:00
721,277,5,download_mod,2026-01-05 16:26:00
703,448,23,like_mod,2026-01-05 16:27:00
377,459,37,view_mod,2026-01-05 16:28:00
439,115,22,view_mod,2026-01-05 16:29:00
224,220,2,view_mod,2026-01-05 16:30:00
65,319,31,view_mod,2026-01-05 16:31:00
194,156,39,download_mod,2026-01-05 16:32:00
949,112,38,like_mod,2026-01-05 16:33:00
808,367,24,upload_mod,2026-01-05 16:34:00
505,53,41,view_mod,2026-01-05 16:35:00
703,363,21,view_mod,2026-01-05 16:36:00
341,225,31,view_mod,2026-01-05 16:37:00
602,112,38,like_mod,2026-01-05 16:38:00
48,48,12,view_mod,2026-01-05 16:39:00
581,9,49,view_mod,2026-01-05 16:40:00
197,39,47,download_mod,2026-01-05 16:41:00
102,473,45,upload_mod,2026-01-05 16:42:00
254,174,31,upload_mod,2026-01-05 16:43:00
63,1,47,view_mod,2026-01-05 16:44:00
865,350,25,view_mod,2026-01-05 16:45:00
176,282,9,download_mod,2026-01-05 16:46:00
761,240,25,view_mod,2026-01-05 16:47:00
920,285,37,like_mod,2026-01-05 16:48:00
134,407,41,view_mod,2026-01-05 16:49:00
928,174,40,download_mod,2026-01-05 16:50:00
792,156,38,download_mod,2026-01-05 16:51:00
156,245,8,download_mod,2026-01-05 16:52:00
770,441,4,like_mod,2026-01-05 16:53:00
244,383,38,view_mod,2026-01-05 16:54:00
621,376,12,download_mod,2026-01-05 16:55:00
538,481,40,download_mod,2026-01-05 16:56:00
183,411,2,download_mod,2026-01-05 16:57:00
230,316,3,download_mod,2026-01-05 16:58:00
345,408,20,download_mod,2026-01-05 16:59:00
513,262,21,upload_mod,2026-01-05 17:00:00
417,54,18,view_mod,2026-01-05 17:01:00
706,34,40,view_mod,2026-01-05 17:02:00
564,431,20,view_mod,2026-01-05 17:03:00
705,188,38,view_mod,2026-01-05 17:04:00
299,440,19,download_mod,2026-01-05 17:05:00
941,393,29,view_mod,2026-01-05 17:06:00
841,341,3,view_mod,2026-01-05 17:07:00
418,313,47,download_mod,2026-01-05 17:08:00
591,307,38,view_mod,2026-01-05 17:09:00
562,109,34,view_mod,2026-01-05 17:10:00
472,123,45,upload_mod,2026-01-05 17:11:00
727,152,18,like_mod,2026-01-05 17:12:00
342,74,11,like_mod,2026-01-05 17:13:00
934,180,2,view_mod,2026-01-05 17:14:00
773,200,2,download_mod,2026-01-05 17:15:00
700,35,29,view_mod,2026-01-05 17:16:00
818,399,32,download_mod,2026-01-05 17:17:00
242,499,27,view_mod,2026-01-05 17:18:00
481,138,23,view_mod,2026-01-05 17:19:00
28,493,42,view_mod,2026-01-05 17:20:00
250,396,21,view_mod,2026-01-05 17:21:00
988,4,22,view_mod,2026-01-05 17:22:00
558,70,24,download_mod,2026-01-05 17:23:00
938,356,2,download_mod,2026-01-05 17:24:00
573,372,7,download_mod,2026-01-05 17:25:00
572,84,16,upload_mod,2026-01-05 17:26:00
501,46,28,download_mod,2026-01-05 17:27:00
74,278,28,download_mod,2026-01-05 17:28:00
346,311,22,view_mod,2026-01-05 17:29:00
193,367,31,view_mod,2026-01-05 17:30:00
683,51,42,view_mod,2026-01-05 17:31:00
7,436,27,download_mod,2026-01-05 17:32:00
758,420,48,download_mod,2026-01-05 17:33:00
494,355,20,upload_mod,2026-01-05 17:34:00
102,234,28,view_mod,2026-01-05 17:35:00
915,495,15,download_mod,2026-01-05 17:36:00
956,81,10,upload_mod,2026-01-05 17:37:00
729,288,23,view_mod,2026-01-05 17:38:00
372,309,34,view_mod,2026-01-05 17:39:00
592,147,37,view_mod,2026-01-05 17:40:00
286,83,38,view_mod,2026-01-05 17:41:00
929,180,14,upload_mod,2026-01-05 17:42:00
824,225,35,view_mod,2026-01-05 17:43:00
586,221,24,view_mod,2026-01-05 17:44:00
31,25,5,like_mod,2026-01-05 17:45:00
914,466,44,view_mod,2026-01-05 17:46:00
876,320,20,download_mod,2026-01-05 17:47:00
188,353,44,view_mod,2026-01-05 17:48:00
185,306,8,view_mod,2026-01-05 17:49:00
760,62,1,view_mod,2026-01-05 17:50:00
407,30,27,view_mod,2026-01-05 17:51:00
366,162,40,view_mod,2026-01-05 17:52:00
665,274,13,view_mod,2026-01-05 17:53:00
183,432,27,view_mod,2026-01-05 17:54:00
833,341,33,upload_mod,2026-01-05 17:55:00
418,231,12,download_mod,2026-01-05 17:56:00
748,124,1,view_mod,2026-01-05 17:57:00
467,160,23,upload_mod,2026-01-05 17:58:00
316,200,49,view_mod,2026-01-05 17:59:00
359,480,8,download_mod,2026-01-05 18:00:00
327,2,39,download_mod,2026-01-05 18:01:00
284,51,2,download_mod,2026-01-05 18:02:00
769,356,45,view_mod,2026-01-05 18:03:00
697,172,49,download_mod,2026-01-05 18:04:00
772,439,7,view_mod,2026-01-05 18:05:00
744,254,22,download_mod,2026-01-05 18:06:00
465,25,31,view_mod,2026-01-05 18:07:00
901,447,20,download_mod,2026-01-05 18:08:00
188,253,38,download_mod,2026-01-05 18:09:00
449,252,42,view_mod,2026-01-05 18:10:00
469,60,48,download_mod,2026-01-05 18:11:00
430,222,28,view_mod,2026-01-05 18:12:00
288,349,31,view_mod,2026-01-05 18:13:00
646,16,27,view_mod,2026-01-05 18:14:00
803,447,6,download_mod,2026-01-05 18:15:00
718,388,10,view_mod,2026-01-05 18:16:00
467,466,16,download_mod,2026-01-05 18:17:00
414,71,31,download_mod,2026-01-05 18:18:00
223,186,22,download_mod,2026-01-05 18:19:00
724,173,39,view_mod,2026-01-05 18:20:00
970,56,45,view_mod,2026-01-05 18:21:00
468,4,30,like_mod,2026-01-05 18:22:00
773,455,16,view_mod,2026-01-05 18:23:00
140,290,24,download_mod,2026-01-05 18:24:00
345,271,44,view_mod,2026-01-05 18:25:00
372,458,21,like_mod,2026-01-05 18:26:00
864,394,38,view_mod,2026-01-05 18:27:00
982,447,39,view_mod,2026-01-05 18:28:00
909,14,22,view_mod,2026-01-05 18:29:00
36,357,21,download_mod,2026-01-05 18:30:00
418,463,22,download_mod,2026-01-05 18:31:00
478,107,6,view_mod,2026-01-05 18:32:00
216,2,7,view_mod,2026-01-05 18:33:00
691,184,41,download_mod,2026-01-05 18:34:00
278,480,31,view_mod,2026-01-05 18:35:00
759,96,42,view_mod,2026-01-05 18:36:00
95,197,28,download_mod,2026-01-05 18:37:00
104,63,49,upload_mod,2026-01-05 18:38:00
193,395,33,like_mod,2026-01-05 18:39:00
361,185,45,view_mod,2026-01-05 18:40:00
967,225,42,download_mod,2026-01-05 18:41:00
629,219,11,view_mod,2026-01-05 18:42:00
363,217,5,download_mod,2026-01-05 18:43:00
652,346,41,view_mod,2026-01-05 18:44:00
791,97,27,download_mod,2026-01-05 18:45:00
369,346,43,download_mod,2026-01-05 18:46:00
476,479,47,view_mod,2026-01-05 18:47:00
133,489,41,download_mod,2026-01-05 18:48:00
320,467,7,download_mod,2026-01-05 18:49:00
874,362,11,download_mod,2026-01-05 18:50:00
658,274,20,view_mod,2026-01-05 18:51:00
176,472,20,view_mod,2026-01-05 18:52:00
771,258,16,view_mod,2026-01-05 18:53:00
397,226,21,download_mod,2026-01-05 18:54:00
466,244,45,upload_mod,2026-01-05 18:55:00
198,481,8,download_mod,2026-01-05 18:56:00
488,415,41,view_mod,2026-01-05 18:57:00
675,379,12,view_mod,2026-01-05 18:58:00
507,19,48,download_mod,2026-01-05 18:59:00
705,497,36,view_mod,2026-01-05 19:00:00
911,413,30,upload_mod,2026-01-05 19:01:00
391,147,38,view_mod,2026-01-05 19:02:00
781,327,34,view_mod,2026-01-05 19:03:00
348,221,21,like_mod,2026-01-05 19:04:00
565,103,24,download_mod,2026-01-05 19:05:00
678,58,11,view_mod,2026-01-05 19:06:00
928,216,23,view_mod,2026-01-05 19:07:00
378,452,33,download_mod,2026-01-05 19:08:00
500,339,4,download_mod,2026-01-05 19:09:00
127,78,36,view_mod,2026-01-05 19:10:00
411,426,8,download_mod,2026-01-05 19:11:00
450,312,35,download_mod,2026-01-05 19:12:00
331,33,15,download_mod,2026-01-05 19:13:00
616,58,38,like_mod,2026-01-05 19:14:00
334,230,32,view_mod,2026-01-05 19:15:00
71,199,31,view_mod,2026-01-05 19:16:00
223,281,6,view_mod,2026-01-05 19:17:00
798,334,21,like_mod,2026-01-05 19:18:00
193,49,48,download_mod,2026-01-05 19:19:00
203,340,38,view_mod,2026-01-05 19:20:00
327,60,11,view_mod,2026-01-05 19:21:00
350,311,4,view_mod,2026-01-05 19:22:00
497,65,44,view_mod,2026-01-05 19:23:00
324,273,8,download_mod,2026-01-05 19:24:00
36,495,48,like_mod,2026-01-05 19:25:00
237,323,29,download_mod,2026-01-05 19:26:00
868,208,42,view_mod,2026-01-05 19:27:00
898,57,46,download_mod,2026-01-05 19:28:00
617,402,41,download_mod,2026-01-05 19:29:00
774,130,45,view_mod,2026-01-05 19:30:00
587,190,37,view_mod,2026-01-05 19:31:00
996,335,32,view_mod,2026-01-05 19:32:00
228,8,19,view_mod,2026-01-05 19:33:00
345,353,36,download_mod,2026-01-05 19:34:00
119,34,37,download_mod,2026-01-05 19:35:00
598,144,3,like_mod,2026-01-05 19:36:00
816,242,43,view_mod,2026-01-05 19:37:00
983,365,46,like_mod,2026-01-05 19:38:00
269,203,33,view_mod,2026-01-05 19:39:00
812,30,46,upload_mod,2026-01-05 19:40:00
121,451,43,view_mod,2026-01-05 19:41:00
351,68,35,download_mod,2026-01-05 19:42:00
583,272,23,download_mod,2026-01-05 19:43:00
316,354,9,download_mod,2026-01-05 19:44:00
628,201,9,upload_mod,2026-01-05 19:45:00
693,16,9,download_mod,2026-01-05 19:46:00
707,92,10,view_mod,2026-01-05 19:47:00
736,293,6,view_mod,2026-01-05 19:48:00
965,412,10,download_mod,2026-01-05 19:49:00
804,311,27,view_mod,2026-01-05 19:50:00
959,406,32,view_mod,2026-01-05 19:51:00
239,4,25,view_mod,2026-01-05 19:52:00
547,4,47,view_mod,2026-01-05 19:53:00
243,106,4,view_mod,2026-01-05 19:54:00
558,49,45,view_mod,2026-01-05 19:55:00
282,92,15,upload_mod,2026-01-05 19:56:00
236,489,16,view_mod,2026-01-05 19:57:00
12,348,44,view_mod,2026-01-05 19:58:00
523,349,39,like_mod,2026-01-05 19:59:00
707,136,31,view_mod,2026-01-05 20:00:00
600,166,1,view_mod,2026-01-05 20:01:00
907,215,35,view_mod,2026-01-05 20:02:00
762,345,15,download_mod,2026-01-05 20:03:00
338,11,24,upload_mod,2026-01-05 20:04:00
169,469,22,view_mod,2026-01-05 20:05:00
274,31,6,view_mod,2026-01-05 20:06:00
665,6,39,download_mod,2026-01-05 20:07:00
1,47,28,view_mod,2026-01-05 20:08:00
939,431,46,view_mod,2026-01-05 20:09:00
136,443,49,download_mod,2026-01-05 20:10:00
854,428,11,view_mod,2026-01-05 20:11:00
253,87,25,download_mod,2026-01-05 20:12:00
160,461,39,download_mod,2026-01-05 20:13:00
603,472,5,download_mod,2026-01-05 20:14:00
450,243,13,download_mod,2026-01-05 20:15:00
528,57,43,view_mod,2026-01-05 20:16:00
875,238,22,download_mod,2026-01-05 20:17:00
961,119,20,download_mod,2026-01-05 20:18:00
690,225,41,like_mod,2026-01-05 20:19:00
370,493,40,view_mod,2026-01-05 20:20:00
678,495,26,upload_mod,2026-01-05 20:21:00
999,306,35,upload_mod,2026-01-05 20:22:00
593,127,23,view_mod,2026-01-05 20:23:00
931,496,17,like_mod,2026-01-05 20:24:00
454,42,6,like_mod,2026-01-05 20:25:00
914,327,41,view_mod,2026-01-05 20:26:00
375,371,14,upload_mod,2026-01-05 20:27:00
935,408,46,download_mod,2026-01-05 20:28:00
923,320,7,download_mod,2026-01-05 20:29:00
439,354,32,download_mod,2026-01-05 20:30:00
202,364,29,download_mod,2026-01-05 20:31:00
168,338,12,download_mod,2026-01-05 20:32:00
563,415,10,view_mod,2026-01-05 20:33:00
275,423,22,view_mod,2026-01-05 20:34:00
869,237,10,view_mod,2026-01-05 20:35:00
373,92,10,view_mod,2026-01-05 20:36:00
398,154,10,view_mod,2026-01-05 20:37:00
492,494,38,view_mod,2026-01-05 20:38:00
455,433,49,download_mod,2026-01-05 20:39:00
507,147,27,view_mod,2026-01-05 20:40:00
913,398,13,upload_mod,2026-01-05 20:41:00
917,87,44,download_mod,2026-01-05 20:42:00
184,414,31,download_mod,2026-01-05 20:43:00
450,457,10,view_mod,2026-01-05 20:44:00
497,178,37,download_mod,2026-01-05 20:45:00
836,285,27,upload_mod,2026-01-05 20:46:00
970,402,25,download_mod,2026-01-05 20:47:00
940,44,18,view_mod,2026-01-05 20:48:00
539,353,49,like_mod,2026-01-05 20:49:00
238,102,15,view_mod,2026-01-05 20:50:00
687,172,13,like_mod,2026-01-05 20:51:00
492,126,11,upload_mod,2026-01-05 20:52:00
863,156,39,upload_mod,2026-01-05 20:53:00
377,218,15,download_mod,2026-01-05 20:54:00
165,249,42,view_mod,2026-01-05 20:55:00
550,18,36,download_mod,2026-01-05 20:56:00
599,436,27,view_mod,2026-01-05 20:57:00
299,182,46,download_mod,2026-01-05 20:58:00
709,399,13,view_mod,2026-01-05 20:59:00
565,74,40,download_mod,2026-01-05 21:00:00
361,242,12,view_mod,2026-01-05 21:01:00
821,314,20,view_mod,2026-01-05 21:02:00
408,151,6,download_mod,2026-01-05 21:03:00
367,96,39,like_mod,2026-01-05 21:04:00
378,193,5,view_mod,2026-01-05 21:05:00
494,134,38,like_mod,2026-01-05 21:06:00
947,240,38,view_mod,2026-01-05 21:07:00
751,416,32,download_mod,2026-01-05 21:08:00
147,323,34,view_mod,2026-01-05 21:09:00
861,271,21,view_mod,2026-01-05 21:10:00
652,443,41,download_mod,2026-01-05 21:11:00
395,388,49,download_mod,2026-01-05 21:12:00
611,129,37,download_mod,2026-01-05 21:13:00
490,174,35,view_mod,2026-01-05 21:14:00
488,61,10,view_mod,2026-01-05 21:15:00
302,229,14,download_mod,2026-01-05 21:16:00
539,257,44,view_mod,2026-01-05 21:17:00
555,367,29,download_mod,2026-01-05 21:18:00
118,417,41,download_mod,2026-01-05 21:19:00
963,132,3,view_mod,2026-01-05 21:20:00
167,136,27,download_mod,2026-01-05 21:21:00
375,103,35,download_mod,2026-01-05 21:22:00
802,169,6,view_mod,2026-01-05 21:23:00
897,34,42,upload_mod,2026-01-05 21:24:00
530,369,3,download_mod,2026-01-05 21:25:00
308,28,45,view_mod,2026-01-05 21:26:00
182,303,28,view_mod,2026-01-05 21:27:00
953,277,20,download_mod,2026-01-05 21:28:00
543,393,2,view_mod,2026-01-05 21:29:00
507,116,7,download_mod,2026-01-05 21:30:00
620,297,32,upload_mod,2026-01-05 21:31:00
654,339,15,view_mod,2026-01-05 21:32:00
588,173,39,like_mod,2026-01-05 21:33:00
21,488,45,view_mod,2026-01-05 21:34:00
655,430,45,like_mod,2026-01-05 21:35:00
289,408,47,upload_mod,2026-01-05 21:36:00
665,226,38,view_mod,2026-01-05 21:37:00
456,168,26,view_mod,2026-01-05 21:38:00
235,366,6,view_mod,2026-01-05 21:39:00
629,474,45,download_mod,2026-01-05 21:40:00
659,229,46,download_mod,2026-01-05 21:41:00
238,333,3,view_mod,2026-01-05 21:42:00
96,472,5,view_mod,2026-01-05 21:43:00
996,377,9,download_mod,2026-01-05 21:44:00
491,466,17,download_mod,2026-01-05 21:45:00
341,67,3,upload_mod,2026-01-05 21:46:00
40,255,46,view_mod,2026-01-05 21:47:00
985,460,31,view_mod,2026-01-05 21:48:00
331,186,10,download_mod,2026-01-05 21:49:00
896,355,48,view_mod,2026-01-05 21:50:00
561,220,48,view_mod,2026-01-05 21:51:00
84,350,22,view_mod,2026-01-05 21:52:00
117,340,10,view_mod,2026-01-05 21:53:00
945,366,36,view_mod,2026-01-05 21:54:00
526,380,18,download_mod,2026-01-05 21:55:00
935,377,13,like_mod,2026-01-05 21:56:00
676,48,29,download_mod,2026-01-05 21:57:00
948,463,27,view_mod,2026-01-05 21:58:00
122,287,3,download_mod,2026-01-05 21:59:00
876,141,24,download_mod,2026-01-05 22:00:00
576,280,45,download_mod,2026-01-05 22:01:00
222,348,44,view_mod,2026-01-05 22:02:00
127,290,39,download_mod,2026-01-05 22:03:00
25,131,15,download_mod,2026-01-05 22:04:00
431,144,2,view_mod,2026-01-05 22:05:00
897,440,20,upload_mod,2026-01-05 22:06:00
499,51,14,download_mod,2026-01-05 22:07:00
434,35,46,view_mod,2026-01-05 22:08:00
545,94,12,download_mod,2026-01-05 22:09:00
221,468,35,download_mod,2026-01-05 22:10:00
737,290,36,view_mod,2026-01-05 22:11:00
622,371,46,like_mod,2026-01-05 22:12:00
489,32,33,download_mod,2026-01-05 22:13:00
602,326,18,view_mod,2026-01-05 22:14:00
187,77,29,upload_mod,2026-01-05 22:15:00
244,467,29,view_mod,2026-01-05 22:16:00
211,150,21,view_mod,2026-01-05 22:17:00
183,371,23,view_mod,2026-01-05 22:18:00
998,194,20,download_mod,2026-01-05 22:19:00
987,485,31,view_mod,2026-01-05 22:20:00
778,257,6,view_mod,2026-01-05 22:21:00
302,14,29,download_mod,2026-01-05 22:22:00
251,234,31,view_mod,2026-01-05 22:23:00
472,382,47,download_mod,2026-01-05 22:24:00
483,328,4,download_mod,2026-01-05 22:25:00
505,139,23,view_mod,2026-01-05 22:26:00
172,86,35,download_mod,2026-01-05 22:27:00
655,2,8,view_mod,2026-01-05 22:28:00
9,387,20,upload_mod,2026-01-05 22:29:00
241,389,6,view_mod,2026-01-05 22:30:00
919,57,1,download_mod,2026-01-05 22:31:00
501,467,8,view_mod,2026-01-05 22:32:00
131,102,1,view_mod,2026-01-05 22:33:00
668,324,24,download_mod,2026-01-05 22:34:00
847,495,47,view_mod,2026-01-05 22:35:00
916,137,15,upload_mod,2026-01-05 22:36:00
969,366,21,download_mod,2026-01-05 22:37:00
689,230,41,view_mod,2026-01-05 22:38:00
550,165,38,view_mod,2026-01-05 22:39:00
523,418,31,view_mod,2026-01-05 22:40:00
876,134,35,view_mod,2026-01-05 22:41:00
854,340,27,view_mod,2026-01-05 22:42:00
45,330,28,view_mod,2026-01-05 22:43:00
587,306,41,like_mod,2026-01-05 22:44:00
991,497,20,view_mod,2026-01-05 22:45:00
311,215,25,download_mod,2026-01-05 22:46:00
161,496,39,like_mod,2026-01-05 22:47:00
224,146,6,download_mod,2026-01-05 22:48:00
557,47,33,like_mod,2026-01-05 22:49:00
615,266,24,download_mod,2026-01-05 22:50:00
528,446,44,view_mod,2026-01-05 22:51:00
134,182,44,like_mod,2026-01-05 22:52:00
956,461,16,view_mod,2026-01-05 22:53:00
905,452,48,download_mod,2026-01-05 22:54:00
912,378,40,download_mod,2026-01-05 22:55:00
377,82,27,upload_mod,2026-01-05 22:56:00
482,286,16,view_mod,2026-01-05 22:57:00
371,241,4,download_mod,2026-01-05 22:58:00
110,190,36,download_mod,2026-01-05 22:59:00
939,249,9,view_mod,2026-01-05 23:00:00
551,266,19,view_mod,2026-01-05 23:01:00
395,422,4,like_mod,2026-01-05 23:02:00
800,278,17,like_mod,2026-01-05 23:03:00
359,3,9,view_mod,2026-01-05 23:04:00
744,418,1,like_mod,2026-01-05 23:05:00
425,68,15,view_mod,2026-01-05 23:06:00
157,379,40,download_mod,2026-01-05 23:07:00
516,273,13,view_mod,2026-01-05 23:08:00
63,194,43,view_mod,2026-01-05 23:09:00
40,117,33,view_mod,2026-01-05 23:10:00
21,187,30,view_mod,2026-01-05 23:11:00
851,369,4,like_mod,2026-01-05 23:12:00
287,36,43,download_mod,2026-01-05 23:13:00
638,202,11,view_mod,2026-01-05 23:14:00
171,248,29,view_mod,2026-01-05 23:15:00
810,259,38,download_mod,2026-01-05 23:16:00
778,33,17,upload_mod,2026-01-05 23:17:00
531,332,1,like_mod,2026-01-05 23:18:00
217,390,39,view_mod,2026-01-05 23:19:00
830,387,32,like_mod,2026-01-05 23:20:00
880,291,9,like_mod,2026-01-05 23:21:00
914,301,44,view_mod,2026-01-05 23:22:00
792,332,14,view_mod,2026-01-05 23:23:00
114,357,11,view_mod,2026-01-05 23:24:00
752,479,9,view_mod,2026-01-05 23:25:00
524,182,27,upload_mod,2026-01-05 23:26:00
838,174,5,upload_mod,2026-01-05 23:27:00
871,304,36,view_mod,2026-01-05 23:28:00
890,420,11,view_mod,2026-01-05 23:29:00
227,207,9,upload_mod,2026-01-05 23:30:00
365,441,46,download_mod,2026-01-05 23:31:00
145,38,5,download_mod,2026-01-05 23:32:00
614,159,5,like_mod,2026-01-05 23:33:00
749,312,37,view_mod,2026-01-05 23:34:00
298,29,20,view_mod,2026-01-05 23:35:00
777,83,32,view_mod,2026-01-05 23:36:00
942,241,42,view_mod,2026-01-05 23:37:00
863,112,40,view_mod,2026-01-05 23:38:00
749,144,37,like_mod,2026-01-05 23:39:00
733,251,29,download_mod,2026-01-05 23:40:00
677,274,4,view_mod,2026-01-05 23:41:00
135,38,49,view_mod,2026-01-05 23:42:00
706,27,5,download_mod,2026-01-05 23:43:00
453,328,36,download_mod,2026-01-05 23:44:00
79,130,44,view_mod,2026-01-05 23:45:00
646,103,35,view_mod,2026-01-05 23:46:00
815,274,34,download_mod,2026-01-05 23:47:00
882,103,9,view_mod,2026-01-05 23:48:00
675,414,12,view_mod,2026-01-05 23:49:00
945,279,1,like_mod,2026-01-05 23:50:00
796,208,40,view_mod,2026-01-05 23:51:00
618,147,16,download_mod,2026-01-05 23:52:00
950,5,43,view_mod,2026-01-05 23:53:00
964,123,17,view_mod,2026-01-05 23:54:00
246,489,35,download_mod,2026-01-05 23:55:00
458,487,24,like_mod,2026-01-05 23:56:00
157,280,38,view_mod,2026-01-05 23:57:00
94,499,13,view_mod,2026-01-05 23:58:00
273,193,39,view_mod,2026-01-05 23:59:00
389,477,44,view_mod,2026-01-06 00:00:00
79,113,22,download_mod,2026-01-06 00:01:00
746,389,14,view_mod,2026-01-06 00:02:00
463,124,47,like_mod,2026-01-06 00:03:00
393,55,31,like_mod,2026-01-06 00:04:00
946,29,9,upload_mod,2026-01-06 00:05:00
88,405,19,view_mod,2026-01-06 00:06:00
633,30,44,download_mod,2026-01-06 00:07:00
395,233,11,view_mod,2026-01-06 00:08:00
358,313,29,view_mod,2026-01-06 00:09:00
721,210,28,view_mod,2026-01-06 00:10:00
76,387,13,download_mod,2026-01-06 00:11:00
331,345,41,view_mod,2026-01-06 00:12:00
227,44,10,download_mod,2026-01-06 00:13:00
576,466,21,view_mod,2026-01-06 00:14:00
245,399,21,download_mod,2026-01-06 00:15:00
27,288,23,view_mod,2026-01-06 00:16:00
806,148,41,download_mod,2026-01-06 00:17:00
951,349,17,view_mod,2026-01-06 00:18:00
627,218,42,download_mod,2026-01-06 00:19:00
646,429,25,view_mod,2026-01-06 00:20:00
692,1,10,download_mod,2026-01-06 00:21:00
436,158,26,view_mod,2026-01-06 00:22:00
435,266,19,like_mod,2026-01-06 00:23:00
750,19,29,view_mod,2026-01-06 00:24:00
19,103,16,download_mod,2026-01-06 00:25:00
306,338,12,view_mod,2026-01-06 00:26:00
561,411,48,like_mod,2026-01-06 00:27:00
973,148,47,view_mod,2026-01-06 00:28:00
582,376,41,like_mod,2026-01-06 00:29:00
408,104,1,view_mod,2026-01-06 00:30:00
63,174,45,view_mod,2026-01-06 00:31:00
91,101,14,upload_mod,2026-01-06 00:32:00
437,264,11,download_mod,2026-01-06 00:33:00
271,474,21,view_mod,2026-01-06 00:34:00
627,126,19,view_mod,2026-01-06 00:35:00
388,151,22,view_mod,2026-01-06 00:36:00
539,255,21,view_mod,2026-01-06 00:37:00
466,409,16,download_mod,2026-01-06 00:38:00
832,118,45,download_mod,2026-01-06 00:39:00
970,204,14,view_mod,2026-01-06 00:40:00
113,224,31,view_mod,2026-01-06 00:41:00
234,188,1,view_mod,2026-01-06 00:42:00
665,175,46,view_mod,2026-01-06 00:43:00
915,320,21,view_mod,2026-01-06 00:44:00
996,40,36,view_mod,2026-01-06 00:45:00
824,328,45,view_mod,2026-01-06 00:46:00
154,333,15,view_mod,2026-01-06 00:47:00
550,72,45,like_mod,2026-01-06 00:48:00
938,363,26,download_mod,2026-01-06 00:49:00
616,470,48,upload_mod,2026-01-06 00:50:00
541,238,9,view_mod,2026-01-06 00:51:00
962,221,30,view_mod,2026-01-06 00:52:00
113,67,41,like_mod,2026-01-06 00:53:00
723,186,9,view_mod,2026-01-06 00:54:00
528,178,27,view_mod,2026-01-06 00:55:00
939,302,22,download_mod,2026-01-06 00:56:00
276,20,14,upload_mod,2026-01-06 00:57:00
554,223,42,view_mod,2026-01-06 00:58:00
93,179,1,download_mod,2026-01-06 00:59:00
765,293,37,like_mod,2026-01-06 01:00:00
721,348,46,download_mod,2026-01-06 01:01:00
179,427,1,upload_mod,2026-01-06 01:02:00
624,485,11,upload_mod,2026-01-06 01:03:00
604,332,44,download_mod,2026-01-06 01:04:00
58,271,25,like_mod,2026-01-06 01:05:00
292,92,21,upload_mod,2026-01-06 01:06:00
94,428,40,download_mod,2026-01-06 01:07:00
669,69,11,like_mod,2026-01-06 01:08:00
386,333,24,view_mod,2026-01-06 01:09:00
651,139,24,view_mod,2026-01-06 01:10:00
459,131,14,view_mod,2026-01-06 01:11:00
521,472,10,download_mod,2026-01-06 01:12:00
338,170,44,view_mod,2026-01-06 01:13:00
168,186,34,download_mod,2026-01-06 01:14:00
319,441,47,download_mod,2026-01-06 01:15:00
56,272,13,view_mod,2026-01-06 01:16:00
671,195,25,view_mod,2026-01-06 01:17:00
704,153,28,download_mod,2026-01-06 01:18:00
674,187,2,like_mod,2026-01-06 01:19:00
494,206,25,view_mod,2026-01-06 01:20:00
166,258,42,view_mod,2026-01-06 01:21:00
418,337,35,view_mod,2026-01-06 01:22:00
327,346,37,view_mod,2026-01-06 01:23:00
371,399,30,download_mod,2026-01-06 01:24:00
742,315,14,view_mod,2026-01-06 01:25:00
847,293,9,view_mod,2026-01-06 01:26:00
505,482,26,download_mod,2026-01-06 01:27:00
446,25,33,download_mod,2026-01-06 01:28:00
407,306,42,view_mod,2026-01-06 01:29:00
829,395,12,view_mod,2026-01-06 01:30:00
354,259,37,download_mod,2026-01-06 01:31:00
390,437,42,view_mod,2026-01-06 01:32:00
881,246,48,download_mod,2026-01-06 01:33:00
457,246,8,view_mod,2026-01-06 01:34:00
113,30,42,view_mod,2026-01-06 01:35:00
156,27,12,view_mod,2026-01-06 01:36:00
698,452,36,download_mod,2026-01-06 01:37:00
821,213,25,view_mod,2026-01-06 01:38:00
700,141,19,view_mod,2026-01-06 01:39:00
49,191,47,view_mod,2026-01-06 01:40:00
166,39,7,view_mod,2026-01-06 01:41:00
663,158,34,view_mod,2026-01-06 01:42:00
987,265,23,view_mod,2026-01-06 01:43:00
340,187,49,download_mod,2026-01-06 01:44:00
899,3,36,view_mod,2026-01-06 01:45:00
336,66,40,download_mod,2026-01-06 01:46:00
996,182,9,view_mod,2026-01-06 01:47:00
838,475,23,view_mod,2026-01-06 01:48:00
665,230,22,view_mod,2026-01-06 01:49:00
984,49,30,view_mod,2026-01-06 01:50:00
749,33,30,download_mod,2026-01-06 01:51:00
556,397,3,view_mod,2026-01-06 01:52:00
787,151,15,download_mod,2026-01-06 01:53:00
108,293,28,view_mod,2026-01-06 01:54:00
625,263,10,view_mod,2026-01-06 01:55:00
380,95,23,view_mod,2026-01-06 01:56:00
221,113,44,download_mod,2026-01-06 01:57:00
515,161,26,view_mod,2026-01-06 01:58:00
285,119,45,view_mod,2026-01-06 01:59:00
447,97,30,view_mod,2026-01-06 02:00:00
392,374,43,upload_mod,2026-01-06 02:01:00
156,138,33,view_mod,2026-01-06 02:02:00
488,182,19,download_mod,2026-01-06 02:03:00
681,336,46,upload_mod,2026-01-06 02:04:00
957,112,39,download_mod,2026-01-06 02:05:00
59,467,40,download_mod,2026-01-06 02:06:00
661,298,7,upload_mod,2026-01-06 02:07:00
995,496,3,download_mod,2026-01-06 02:08:00
247,447,49,view_mod,2026-01-06 02:09:00
624,121,40,download_mod,2026-01-06 02:10:00
653,16,25,view_mod,2026-01-06 02:11:00
918,349,38,download_mod,2026-01-06 02:12:00
818,118,22,view_mod,2026-01-06 02:13:00
593,166,21,download_mod,2026-01-06 02:14:00
267,319,14,view_mod,2026-01-06 02:15:00
693,402,23,download_mod,2026-01-06 02:16:00
304,496,9,view_mod,2026-01-06 02:17:00
350,147,24,upload_mod,2026-01-06 02:18:00
786,139,14,upload_mod,2026-01-06 02:19:00
535,343,29,like_mod,2026-01-06 02:20:00
213,139,3,view_mod,2026-01-06 02:21:00
425,161,19,like_mod,2026-01-06 02:22:00
607,77,27,view_mod,2026-01-06 02:23:00
516,109,23,like_mod,2026-01-06 02:24:00
543,298,19,download_mod,2026-01-06 02:25:00
817,323,6,view_mod,2026-01-06 02:26:00
542,481,23,view_mod,2026-01-06 02:27:00
209,48,1,download_mod,2026-01-06 02:28:00
129,167,40,download_mod,2026-01-06 02:29:00
620,384,23,download_mod,2026-01-06 02:30:00
22,329,20,upload_mod,2026-01-06 02:31:00
143,430,14,download_mod,2026-01-06 02:32:00
651,43,49,download_mod,2026-01-06 02:33:00
973,5,39,view_mod,2026-01-06 02:34:00
388,159,31,like_mod,2026-01-06 02:35:00
897,121,20,download_mod,2026-01-06 02:36:00
648,28,33,like_mod,2026-01-06 02:37:00
590,89,4,view_mod,2026-01-06 02:38:00
687,254,47,upload_mod,2026-01-06 02:39:00
537,425,16,view_mod,2026-01-06 02:40:00
517,297,16,download_mod,2026-01-06 02:41:00
289,331,19,view_mod,2026-01-06 02:42:00
884,100,44,view_mod,2026-01-06 02:43:00
17,259,7,view_mod,2026-01-06 02:44:00
483,235,18,view_mod,2026-01-06 02:45:00
904,54,12,upload_mod,2026-01-06 02:46:00
574,335,29,upload_mod,2026-01-06 02:47:00
119,1,3,view_mod,2026-01-06 02:48:00
41,133,47,view_mod,2026-01-06 02:49:00
947,271,7,download_mod,2026-01-06 02:50:00
35,267,12,view_mod,2026-01-06 02:51:00
230,240,42,download_mod,2026-01-06 02:52:00
873,284,40,download_mod,2026-01-06 02:53:00
474,429,10,view_mod,2026-01-06 02:54:00
539,412,2,view_mod,2026-01-06 02:55:00
517,464,47,upload_mod,2026-01-06 02:56:00
289,252,19,view_mod,2026-01-06 02:57:00
34,255,26,download_mod,2026-01-06 02:58:00
640,34,9,view_mod,2026-01-06 02:59:00
585,75,29,download_mod,2026-01-06 03:00:00
802,194,23,download_mod,2026-01-06 03:01:00
452,268,13,view_mod,2026-01-06 03:02:00
560,333,49,view_mod,2026-01-06 03:03:00
47,184,12,download_mod,2026-01-06 03:04:00
382,48,9,view_mod,2026-01-06 03:05:00
715,184,16,view_mod,2026-01-06 03:06:00
905,430,25,download_mod,2026-01-06 03:07:00
952,197,41,like_mod,2026-01-06 03:08:00
274,39,45,view_mod,2026-01-06 03:09:00
408,144,16,view_mod,2026-01-06 03:10:00
937,255,17,view_mod,2026-01-06 03:11:00
455,35,27,view_mod,2026-01-06 03:12:00
325,370,41,download_mod,2026-01-06 03:13:00
700,319,43,view_mod,2026-01-06 03:14:00
992,428,29,view_mod,2026-01-06 03:15:00
930,489,23,view_mod,2026-01-06 03:16:00
990,486,27,view_mod,2026-01-06 03:17:00
596,399,32,download_mod,2026-01-06 03:18:00
756,116,29,view_mod,2026-01-06 03:19:00
885,24,45,view_mod,2026-01-06 03:20:00
861,91,1,download_mod,2026-01-06 03:21:00
390,66,14,download_mod,2026-01-06 03:22:00
621,269,44,like_mod,2026-01-06 03:23:00
552,326,29,download_mod,2026-01-06 03:24:00
36,367,17,upload_mod,2026-01-06 03:25:00
378,280,32,view_mod,2026-01-06 03:26:00
552,470,4,download_mod,2026-01-06 03:27:00
734,216,4,download_mod,2026-01-06 03:28:00
270,304,48,download_mod,2026-01-06 03:29:00
125,178,37,view_mod,2026-01-06 03:30:00
672,316,2,upload_mod,2026-01-06 03:31:00
227,367,38,download_mod,2026-01-06 03:32:00
139,334,7,download_mod,2026-01-06 03:33:00
916,10,4,download_mod,2026-01-06 03:34:00
530,177,31,download_mod,2026-01-06 03:35:00
490,257,19,view_mod,2026-01-06 03:36:00
34,130,15,download_mod,2026-01-06 03:37:00
685,483,3,upload_mod,2026-01-06 03:38:00
162,102,44,upload_mod,2026-01-06 03:39:00
198,253,12,view_mod,2026-01-06 03:40:00
826,370,4,view_mod,2026-01-06 03:41:00
371,272,38,download_mod,2026-01-06 03:42:00
863,249,13,view_mod,2026-01-06 03:43:00
163,345,39,view_mod,2026-01-06 03:44:00
503,427,40,view_mod,2026-01-06 03:45:00
756,451,28,download_mod,2026-01-06 03:46:00
479,139,40,view_mod,2026-01-06 03:47:00
699,326,22,view_mod,2026-01-06 03:48:00
911,306,6,view_mod,2026-01-06 03:49:00
690,407,49,view_mod,2026-01-06 03:50:00
401,27,31,like_mod,2026-01-06 03:51:00
14,458,6,view_mod,2026-01-06 03:52:00
157,490,43,view_mod,2026-01-06 03:53:00
935,131,33,view_mod,2026-01-06 03:54:00
981,399,13,download_mod,2026-01-06 03:55:00
736,488,22,upload_mod,2026-01-06 03:56:00
691,318,36,view_mod,2026-01-06 03:57:00
74,135,24,view_mod,2026-01-06 03:58:00
748,48,39,view_mod,2026-01-06 03:59:00
202,347,15,download_mod,2026-01-06 04:00:00
964,432,49,view_mod,2026-01-06 04:01:00
34,437,7,download_mod,2026-01-06 04:02:00
309,66,41,upload_mod,2026-01-06 04:03:00
460,160,19,view_mod,2026-01-06 04:04:00
504,62,13,view_mod,2026-01-06 04:05:00
873,258,43,download_mod,2026-01-06 04:06:00
797,387,25,view_mod,2026-01-06 04:07:00
711,329,26,download_mod,2026-01-06 04:08:00
465,386,26,download_mod,2026-01-06 04:09:00
201,51,35,download_mod,2026-01-06 04:10:00
479,303,5,view_mod,2026-01-06 04:11:00
477,236,20,download_mod,2026-01-06 04:12:00
57,74,26,upload_mod,2026-01-06 04:13:00
551,434,37,view_mod,2026-01-06 04:14:00
160,20,49,upload_mod,2026-01-06 04:15:00
371,291,48,view_mod,2026-01-06 04:16:00
541,182,4,view_mod,2026-01-06 04:17:00
917,481,1,view_mod,2026-01-06 04:18:00
77,287,34,view_mod,2026-01-06 04:19:00
443,371,13,download_mod,2026-01-06 04:20:00
50,167,10,view_mod,2026-01-06 04:21:00
872,490,2,upload_mod,2026-01-06 04:22:00
861,115,27,download_mod,2026-01-06 04:23:00
740,361,3,download_mod,2026-01-06 04:24:00
989,414,39,download_mod,2026-01-06 04:25:00
220,170,41,view_mod,2026-01-06 04:26:00
884,469,29,view_mod,2026-01-06 04:27:00
666,343,48,view_mod,2026-01-06 04:28:00
219,150,34,download_mod,2026-01-06 04:29:00
255,155,34,like_mod,2026-01-06 04:30:00
82,186,5,view_mod,2026-01-06 04:31:00
706,447,23,view_mod,2026-01-06 04:32:00
783,24,44,download_mod,2026-01-06 04:33:00
260,499,2,view_mod,2026-01-06 04:34:00
984,327,13,upload_mod,2026-01-06 04:35:00
333,203,7,view_mod,2026-01-06 04:36:00
837,16,26,like_mod,2026-01-06 04:37:00
797,55,6,view_mod,2026-01-06 04:38:00
590,329,18,view_mod,2026-01-06 04:39:00
841,182,25,view_mod,2026-01-06 04:40:00
842,301,28,view_mod,2026-01-06 04:41:00
589,474,21,view_mod,2026-01-06 04:42:00
147,127,25,download_mod,2026-01-06 04:43:00
663,41,19,view_mod,2026-01-06 04:44:00
968,47,28,view_mod,2026-01-06 04:45:00
999,219,37,like_mod,2026-01-06 04:46:00
814,72,6,view_mod,2026-01-06 04:47:00
434,292,9,view_mod,2026-01-06 04:48:00
988,328,21,download_mod,2026-01-06 04:49:00
265,40,28,view_mod,2026-01-06 04:50:00
360,429,48,view_mod,2026-01-06 04:51:00
670,165,43,upload_mod,2026-01-06 04:52:00
172,396,36,upload_mod,2026-01-06 04:53:00
790,176,22,view_mod,2026-01-06 04:54:00
168,282,22,view_mod,2026-01-06 04:55:00
235,7,7,like_mod,2026-01-06 04:56:00
976,493,44,view_mod,2026-01-06 04:57:00
84,202,31,view_mod,2026-01-06 04:58:00
931,64,28,upload_mod,2026-01-06 04:59:00
78,56,45,view_mod,2026-01-06 05:00:00
545,107,36,view_mod,2026-01-06 05:01:00
608,449,28,download_mod,2026-01-06 05:02:00
7,443,24,view_mod,2026-01-06 05:03:00
61,152,38,download_mod,2026-01-06 05:04:00
255,340,44,view_mod,2026-01-06 05:05:00
640,452,49,view_mod,2026-01-06 05:06:00
234,450,12,download_mod,2026-01-06 05:07:00
657,316,12,like_mod,2026-01-06 05:08:00
286,168,3,view_mod,2026-01-06 05:09:00
692,173,2,view_mod,2026-01-06 05:10:00
896,445,23,download_mod,2026-01-06 05:11:00
641,181,30,view_mod,2026-01-06 05:12:00
240,452,23,download_mod,2026-01-06 05:13:00
520,93,9,upload_mod,2026-01-06 05:14:00
170,23,2,view_mod,2026-01-06 05:15:00
652,223,40,download_mod,2026-01-06 05:16:00
738,44,8,download_mod,2026-01-06 05:17:00
298,303,3,download_mod,2026-01-06 05:18:00
418,54,33,upload_mod,2026-01-06 05:19:00
195,212,47,view_mod,2026-01-06 05:20:00
923,84,29,view_mod,2026-01-06 05:21:00
473,132,39,view_mod,2026-01-06 05:22:00
726,375,5,view_mod,2026-01-06 05:23:00
113,366,43,like_mod,2026-01-06 05:24:00
573,194,37,download_mod,2026-01-06 05:25:00
534,179,2,like_mod,2026-01-06 05:26:00
492,25,44,view_mod,2026-01-06 05:27:00
761,212,49,view_mod,2026-01-06 05:28:00
578,213,45,download_mod,2026-01-06 05:29:00
263,372,31,download_mod,2026-01-06 05:30:00
947,445,1,view_mod,2026-01-06 05:31:00
494,375,23,download_mod,2026-01-06 05:32:00
543,389,2,download_mod,2026-01-06 05:33:00
793,75,15,download_mod,2026-01-06 05:34:00
77,99,6,download_mod,2026-01-06 05:35:00
882,487,15,like_mod,2026-01-06 05:36:00
652,464,17,view_mod,2026-01-06 05:37:00
672,424,25,view_mod,2026-01-06 05:38:00
182,49,19,view_mod,2026-01-06 05:39:00
38,102,43,view_mod,2026-01-06 05:40:00
67,385,30,download_mod,2026-01-06 05:41:00
536,261,36,upload_mod,2026-01-06 05:42:00
687,7,25,view_mod,2026-01-06 05:43:00
907,324,21,download_mod,2026-01-06 05:44:00
624,272,11,view_mod,2026-01-06 05:45:00
161,319,17,view_mod,2026-01-06 05:46:00
284,387,28,view_mod,2026-01-06 05:47:00
104,311,33,view_mod,2026-01-06 05:48:00
31,455,36,download_mod,2026-01-06 05:49:00
448,358,27,download_mod,2026-01-06 05:50:00
380,114,10,like_mod,2026-01-06 05:51:00
233,141,16,download_mod,2026-01-06 05:52:00
818,202,11,upload_mod,2026-01-06 05:53:00
836,324,15,download_mod,2026-01-06 05:54:00
760,77,6,download_mod,2026-01-06 05:55:00
742,409,2,view_mod,2026-01-06 05:56:00
700,113,21,view_mod,2026-01-06 05:57:00
126,62,20,download_mod,2026-01-06 05:58:00
428,266,46,view_mod,2026-01-06 05:59:00
33,474,28,upload_mod,2026-01-06 06:00:00
768,73,17,download_mod,2026-01-06 06:01:00
642,59,30,download_mod,2026-01-06 06:02:00
832,294,41,download_mod,2026-01-06 06:03:00
514,335,12,like_mod,2026-01-06 06:04:00
626,394,10,upload_mod,2026-01-06 06:05:00
170,401,6,view_mod,2026-01-06 06:06:00
131,389,46,view_mod,2026-01-06 06:07:00
540,27,12,download_mod,2026-01-06 06:08:00
299,431,35,like_mod,2026-01-06 06:09:00
691,260,30,view_mod,2026-01-06 06:10:00
709,91,35,view_mod,2026-01-06 06:11:00
259,24,35,view_mod,2026-01-06 06:12:00
151,141,49,upload_mod,2026-01-06 06:13:00
235,44,23,download_mod,2026-01-06 06:14:00
806,200,47,download_mod,2026-01-06 06:15:00
251,97,3,view_mod,2026-01-06 06:16:00
19,338,27,view_mod,2026-01-06 06:17:00
922,198,17,download_mod,2026-01-06 06:18:00
178,5,48,upload_mod,2026-01-06 06:19:00
59,404,46,download_mod,2026-01-06 06:20:00
478,442,38,download_mod,2026-01-06 06:21:00
823,124,11,view_mod,2026-01-06 06:22:00
608,382,45,view_mod,2026-01-06 06:23:00
932,287,21,download_mod,2026-01-06 06:24:00
696,7,33,view_mod,2026-01-06 06:25:00
97,71,41,view_mod,2026-01-06 06:26:00
286,264,20,view_mod,2026-01-06 06:27:00
680,421,35,upload_mod,2026-01-06 06:28:00
820,131,19,download_mod,2026-01-06 06:29:00
368,284,44,view_mod,2026-01-06 06:30:00
846,266,48,view_mod,2026-01-06 06:31:00
358,435,35,like_mod,2026-01-06 06:32:00
728,118,20,like_mod,2026-01-06 06:33:00
744,101,3,download_mod,2026-01-06 06:34:00
817,259,37,view_mod,2026-01-06 06:35:00
647,430,1,like_mod,2026-01-06 06:36:00
923,265,28,view_mod,2026-01-06 06:37:00
424,433,16,view_mod,2026-01-06 06:38:00
312,23,41,view_mod,2026-01-06 06:39:00
4,260,21,view_mod,2026-01-06 06:40:00
479,240,48,view_mod,2026-01-06 06:41:00
940,457,2,download_mod,2026-01-06 06:42:00
600,498,9,view_mod,2026-01-06 06:43:00
577,388,26,view_mod,2026-01-06 06:44:00
63,392,11,download_mod,2026-01-06 06:45:00
119,134,1,view_mod,2026-01-06 06:46:00
388,138,49,download_mod,2026-01-06 06:47:00
781,77,41,view_mod,2026-01-06 06:48:00
775,1,9,view_mod,2026-01-06 06:49:00
580,173,32,download_mod,2026-01-06 06:50:00
713,94,23,view_mod,2026-01-06 06:51:00
665,207,38,download_mod,2026-01-06 06:52:00
436,422,6,view_mod,2026-01-06 06:53:00
742,108,9,view_mod,2026-01-06 06:54:00
63,346,14,view_mod,2026-01-06 06:55:00
850,180,30,view_mod,2026-01-06 06:56:00
421,237,24,download_mod,2026-01-06 06:57:00
340,472,46,upload_mod,2026-01-06 06:58:00
762,393,5,download_mod,2026-01-06 06:59:00
516,486,45,download_mod,2026-01-06 07:00:00
494,89,40,view_mod,2026-01-06 07:01:00
535,276,27,view_mod,2026-01-06 07:02:00
829,194,3,view_mod,2026-01-06 07:03:00
816,411,6,view_mod,2026-01-06 07:04:00
726,261,49,like_mod,2026-01-06 07:05:00
964,431,13,download_mod,2026-01-06 07:06:00
512,277,39,view_mod,2026-01-06 07:07:00
5,482,46,download_mod,2026-01-06 07:08:00
445,289,26,download_mod,2026-01-06 07:09:00
741,345,43,view_mod,2026-01-06 07:10:00
307,159,31,view_mod,2026-01-06 07:11:00
317,171,43,upload_mod,2026-01-06 07:12:00
516,138,11,view_mod,2026-01-06 07:13:00
942,327,27,view_mod,2026-01-06 07:14:00
358,484,47,view_mod,2026-01-06 07:15:00
42,165,4,view_mod,2026-01-06 07:16:00
174,230,38,download_mod,2026-01-06 07:17:00
933,262,16,upload_mod,2026-01-06 07:18:00
175,143,41,view_mod,2026-01-06 07:19:00
349,352,20,view_mod,2026-01-06 07:20:00
156,332,36,download_mod,2026-01-06 07:21:00
848,121,41,download_mod,2026-01-06 07:22:00
268,108,18,like_mod,2026-01-06 07:23:00
133,352,28,view_mod,2026-01-06 07:24:00
287,7,41,like_mod,2026-01-06 07:25:00
413,278,4,download_mod,2026-01-06 07:26:00
651,17,38,upload_mod,2026-01-06 07:27:00
559,51,47,view_mod,2026-01-06 07:28:00
691,269,4,download_mod,2026-01-06 07:29:00
598,164,25,view_mod,2026-01-06 07:30:00
645,46,11,view_mod,2026-01-06 07:31:00
158,465,26,view_mod,2026-01-06 07:32:00
855,470,25,view_mod,2026-01-06 07:33:00
232,386,42,download_mod,2026-01-06 07:34:00
198,246,13,view_mod,2026-01-06 07:35:00
512,78,16,download_mod,2026-01-06 07:36:00
677,257,44,view_mod,2026-01-06 07:37:00
667,32,7,view_mod,2026-01-06 07:38:00
724,392,24,download_mod,2026-01-06 07:39:00
292,29,37,like_mod,2026-01-06 07:40:00
238,280,9,download_mod,2026-01-06 07:41:00
862,63,37,view_mod,2026-01-06 07:42:00
191,331,40,download_mod,2026-01-06 07:43:00
199,443,30,like_mod,2026-01-06 07:44:00
929,281,46,like_mod,2026-01-06 07:45:00
304,379,10,download_mod,2026-01-06 07:46:00
35,164,41,view_mod,2026-01-06 07:47:00
816,40,22,view_mod,2026-01-06 07:48:00
872,62,13,view_mod,2026-01-06 07:49:00
674,241,12,view_mod,2026-01-06 07:50:00
640,38,6,view_mod,2026-01-06 07:51:00
771,147,19,download_mod,2026-01-06 07:52:00
120,444,26,view_mod,2026-01-06 07:53:00
934,464,26,download_mod,2026-01-06 07:54:00
644,390,28,view_mod,2026-01-06 07:55:00
308,12,9,view_mod,2026-01-06 07:56:00
470,488,28,view_mod,2026-01-06 07:57:00
827,315,22,view_mod,2026-01-06 07:58:00
252,386,37,download_mod,2026-01-06 07:59:00
414,224,22,like_mod,2026-01-06 08:00:00
190,472,37,download_mod,2026-01-06 08:01:00
622,485,24,download_mod,2026-01-06 08:02:00
502,20,10,upload_mod,2026-01-06 08:03:00
664,145,7,view_mod,2026-01-06 08:04:00
496,415,23,upload_mod,2026-01-06 08:05:00
866,30,30,view_mod,2026-01-06 08:06:00
109,383,23,download_mod,2026-01-06 08:07:00
332,200,39,view_mod,2026-01-06 08:08:00
580,235,35,view_mod,2026-01-06 08:09:00
520,190,38,download_mod,2026-01-06 08:10:00
912,395,43,view_mod,2026-01-06 08:11:00
954,28,21,view_mod,2026-01-06 08:12:00
780,33,31,download_mod,2026-01-06 08:13:00
608,398,22,upload_mod,2026-01-06 08:14:00
672,272,18,download_mod,2026-01-06 08:15:00
522,467,28,view_mod,2026-01-06 08:16:00
123,268,47,view_mod,2026-01-06 08:17:00
157,384,7,view_mod,2026-01-06 08:18:00
876,496,25,view_mod,2026-01-06 08:19:00
551,74,48,view_mod,2026-01-06 08:20:00
116,199,42,download_mod,2026-01-06 08:21:00
12,22,42,view_mod,2026-01-06 08:22:00
272,64,36,download_mod,2026-01-06 08:23:00
479,119,34,like_mod,2026-01-06 08:24:00
800,444,47,view_mod,2026-01-06 08:25:00
44,491,44,view_mod,2026-01-06 08:26:00
102,479,11,upload_mod,2026-01-06 08:27:00
331,232,35,download_mod,2026-01-06 08:28:00
671,180,38,download_mod,2026-01-06 08:29:00
167,130,3,view_mod,2026-01-06 08:30:00
125,344,7,view_mod,2026-01-06 08:31:00
919,125,1,download_mod,2026-01-06 08:32:00
317,25,31,view_mod,2026-01-06 08:33:00
688,228,10,view_mod,2026-01-06 08:34:00
526,484,17,view_mod,2026-01-06 08:35:00
521,335,6,upload_mod,2026-01-06 08:36:00
511,398,25,view_mod,2026-01-06 08:37:00
821,217,45,view_mod,2026-01-06 08:38:00
121,38,16,download_mod,2026-01-06 08:39:00
597,475,8,view_mod,2026-01-06 08:40:00
556,300,38,view_mod,2026-01-06 08:41:00
909,261,27,download_mod,2026-01-06 08:42:00
343,139,7,view_mod,2026-01-06 08:43:00
313,89,41,upload_mod,2026-01-06 08:44:00
234,130,28,download_mod,2026-01-06 08:45:00
418,396,27,view_mod,2026-01-06 08:46:00
38,478,36,view_mod,2026-01-06 08:47:00
942,315,3,view_mod,2026-01-06 08:48:00
630,149,6,download_mod,2026-01-06 08:49:00
663,382,19,view_mod,2026-01-06 08:50:00
682,38,35,like_mod,2026-01-06 08:51:00
246,427,34,download_mod,2026-01-06 08:52:00
206,481,19,download_mod,2026-01-06 08:53:00
471,165,24,download_mod,2026-01-06 08:54:00
704,192,41,download_mod,2026-01-06 08:55:00
666,20,32,view_mod,2026-01-06 08:56:00
953,187,36,view_mod,2026-01-06 08:57:00
434,333,1,view_mod,2026-01-06 08:58:00
306,233,8,view_mod,2026-01-06 08:59:00
107,71,20,download_mod,2026-01-06 09:00:00
470,176,38,view_mod,2026-01-06 09:01:00
909,11,9,download_mod,2026-01-06 09:02:00
800,6,48,download_mod,2026-01-06 09:03:00
10,233,18,view_mod,2026-01-06 09:04:00
634,418,27,download_mod,2026-01-06 09:05:00
879,94,1,like_mod,2026-01-06 09:06:00
199,169,5,download_mod,2026-01-06 09:07:00
204,267,6,view_mod,2026-01-06 09:08:00
601,40,2,upload_mod,2026-01-06 09:09:00
904,102,7,view_mod,2026-01-06 09:10:00
924,493,16,view_mod,2026-01-06 09:11:00
883,190,30,like_mod,2026-01-06 09:12:00
587,316,32,download_mod,2026-01-06 09:13:00
439,260,4,upload_mod,2026-01-06 09:14:00
597,2,34,upload_mod,2026-01-06 09:15:00
12,189,36,download_mod,2026-01-06 09:16:00
41,466,48,upload_mod,2026-01-06 09:17:00
31,449,35,like_mod,2026-01-06 09:18:00
451,315,11,view_mod,2026-01-06 09:19:00
680,35,16,like_mod,2026-01-06 09:20:00
173,294,11,view_mod,2026-01-06 09:21:00
400,328,40,view_mod,2026-01-06 09:22:00
710,357,20,view_mod,2026-01-06 09:23:00
862,87,13,download_mod,2026-01-06 09:24:00
695,434,5,download_mod,2026-01-06 09:25:00
34,39,42,download_mod,2026-01-06 09:26:00
922,4,6,view_mod,2026-01-06 09:27:00
163,452,27,view_mod,2026-01-06 09:28:00
67,494,16,view_mod,2026-01-06 09:29:00
452,293,10,view_mod,2026-01-06 09:30:00
862,82,14,view_mod,2026-01-06 09:31:00
826,484,42,like_mod,2026-01-06 09:32:00
235,24,17,view_mod,2026-01-06 09:33:00
499,139,8,view_mod,2026-01-06 09:34:00
925,384,34,download_mod,2026-01-06 09:35:00
91,464,20,view_mod,2026-01-06 09:36:00
443,293,13,download_mod,2026-01-06 09:37:00
127,471,19,view_mod,2026-01-06 09:38:00
405,48,34,upload_mod,2026-01-06 09:39:00
844,454,4,view_mod,2026-01-06 09:40:00
957,137,37,view_mod,2026-01-06 09:41:00
726,116,8,view_mod,2026-01-06 09:42:00
487,455,4,view_mod,2026-01-06 09:43:00
64,19,41,view_mod,2026-01-06 09:44:00
755,116,24,download_mod,2026-01-06 09:45:00
285,383,47,download_mod,2026-01-06 09:46:00
442,483,38,download_mod,2026-01-06 09:47:00
106,262,1,view_mod,2026-01-06 09:48:00
638,440,11,download_mod,2026-01-06 09:49:00
485,205,9,view_mod,2026-01-06 09:50:00
742,454,18,view_mod,2026-01-06 09:51:00
255,445,36,download_mod,2026-01-06 09:52:00
911,155,27,view_mod,2026-01-06 09:53:00
137,67,35,download_mod,2026-01-06 09:54:00
994,415,29,download_mod,2026-01-06 09:55:00
47,464,39,view_mod,2026-01-06 09:56:00
482,327,39,like_mod,2026-01-06 09:57:00
652,61,1,download_mod,2026-01-06 09:58:00
638,250,19,like_mod,2026-01-06 09:59:00
723,29,7,upload_mod,2026-01-06 10:00:00
299,50,2,like_mod,2026-01-06 10:01:00
474,70,39,upload_mod,2026-01-06 10:02:00
574,87,43,view_mod,2026-01-06 10:03:00
186,119,47,view_mod,2026-01-06 10:04:00
401,455,13,download_mod,2026-01-06 10:05:00
858,298,7,upload_mod,2026-01-06 10:06:00
353,451,15,view_mod,2026-01-06 10:07:00
757,141,48,view_mod,2026-01-06 10:08:00
901,321,29,download_mod,2026-01-06 10:09:00
827,473,40,download_mod,2026-01-06 10:10:00
690,236,44,view_mod,2026-01-06 10:11:00
106,192,22,upload_mod,2026-01-06 10:12:00
902,352,39,download_mod,2026-01-06 10:13:00
665,45,43,download_mod,2026-01-06 10:14:00
92,281,17,download_mod,2026-01-06 10:15:00
88,263,30,view_mod,2026-01-06 10:16:00
995,334,46,view_mod,2026-01-06 10:17:00
431,296,37,view_mod,2026-01-06 10:18:00
27,258,18,view_mod,2026-01-06 10:19:00
613,257,15,upload_mod,2026-01-06 10:20:00
940,331,47,download_mod,2026-01-06 10:21:00
603,250,49,download_mod,2026-01-06 10:22:00
947,478,37,view_mod,2026-01-06 10:23:00
22,44,28,view_mod,2026-01-06 10:24:00
735,31,1,download_mod,2026-01-06 10:25:00
546,90,6,view_mod,2026-01-06 10:26:00
893,47,31,view_mod,2026-01-06 10:27:00
178,11,5,upload_mod,2026-01-06 10:28:00
828,203,31,download_mod,2026-01-06 10:29:00
329,45,29,like_mod,2026-01-06 10:30:00
502,144,43,view_mod,2026-01-06 10:31:00
992,332,24,view_mod,2026-01-06 10:32:00
272,212,24,download_mod,2026-01-06 10:33:00
983,457,10,download_mod,2026-01-06 10:34:00
586,54,16,view_mod,2026-01-06 10:35:00
5,193,3,view_mod,2026-01-06 10:36:00
133,274,17,view_mod,2026-01-06 10:37:00
571,163,30,view_mod,2026-01-06 10:38:00
154,124,25,view_mod,2026-01-06 10:39:00
332,266,9,download_mod,2026-01-06 10:40:00
725,334,41,view_mod,2026-01-06 10:41:00
760,175,19,download_mod,2026-01-06 10:42:00
563,200,11,view_mod,2026-01-06 10:43:00
736,327,43,like_mod,2026-01-06 10:44:00
332,402,44,view_mod,2026-01-06 10:45:00
467,98,14,view_mod,2026-01-06 10:46:00
35,144,38,view_mod,2026-01-06 10:47:00
21,352,26,view_mod,2026-01-06 10:48:00
849,213,12,view_mod,2026-01-06 10:49:00
345,94,4,view_mod,2026-01-06 10:50:00
110,115,35,upload_mod,2026-01-06 10:51:00
860,110,18,view_mod,2026-01-06 10:52:00
668,424,1,download_mod,2026-01-06 10:53:00
732,411,6,download_mod,2026-01-06 10:54:00
233,419,35,view_mod,2026-01-06 10:55:00
87,217,44,like_mod,2026-01-06 10:56:00
141,137,10,download_mod,2026-01-06 10:57:00
199,462,16,view_mod,2026-01-06 10:58:00
780,199,15,view_mod,2026-01-06 10:59:00
801,203,41,download_mod,2026-01-06 11:00:00
927,290,20,download_mod,2026-01-06 11:01:00
515,258,47,view_mod,2026-01-06 11:02:00
618,459,41,upload_mod,2026-01-06 11:03:00
760,79,3,upload_mod,2026-01-06 11:04:00
16,488,46,view_mod,2026-01-06 11:05:00
201,292,41,view_mod,2026-01-06 11:06:00
225,229,12,view_mod,2026-01-06 11:07:00
894,348,48,like_mod,2026-01-06 11:08:00
529,460,48,download_mod,2026-01-06 11:09:00
859,409,7,view_mod,2026-01-06 11:10:00
579,10,29,view_mod,2026-01-06 11:11:00
987,336,22,view_mod,2026-01-06 11:12:00
995,137,3,download_mod,2026-01-06 11:13:00
481,36,42,view_mod,2026-01-06 11:14:00
6,343,20,like_mod,2026-01-06 11:15:00
657,323,26,download_mod,2026-01-06 11:16:00
220,411,8,download_mod,2026-01-06 11:17:00
560,434,15,like_mod,2026-01-06 11:18:00
362,416,15,view_mod,2026-01-06 11:19:00
142,278,1,view_mod,2026-01-06 11:20:00
360,95,36,download_mod,2026-01-06 11:21:00
311,406,45,like_mod,2026-01-06 11:22:00
809,128,49,view_mod,2026-01-06 11:23:00
196,184,42,view_mod,2026-01-06 11:24:00
959,265,34,view_mod,2026-01-06 11:25:00
161,474,26,view_mod,2026-01-06 11:26:00
455,193,48,download_mod,2026-01-06 11:27:00
359,132,19,view_mod,2026-01-06 11:28:00
69,426,18,download_mod,2026-01-06 11:29:00
931,305,12,upload_mod,2026-01-06 11:30:00
210,324,32,view_mod,2026-01-06 11:31:00
987,211,42,view_mod,2026-01-06 11:32:00
287,467,16,view_mod,2026-01-06 11:33:00
927,258,9,download_mod,2026-01-06 11:34:00
180,376,26,view_mod,2026-01-06 11:35:00
215,298,28,download_mod,2026-01-06 11:36:00
745,63,35,view_mod,2026-01-06 11:37:00
137,50,37,view_mod,2026-01-06 11:38:00
776,338,47,upload_mod,2026-01-06 11:39:00
511,94,33,upload_mod,2026-01-06 11:40:00
271,176,36,view_mod,2026-01-06 11:41:00
295,43,5,view_mod,2026-01-06 11:42:00
819,181,18,view_mod,2026-01-06 11:43:00
321,74,13,view_mod,2026-01-06 11:44:00
366,257,40,download_mod,2026-01-06 11:45:00
478,101,32,download_mod,2026-01-06 11:46:00
559,318,7,download_mod,2026-01-06 11:47:00
28,130,31,view_mod,2026-01-06 11:48:00
258,74,47,view_mod,2026-01-06 11:49:00
441,118,37,upload_mod,2026-01-06 11:50:00
122,346,45,download_mod,2026-01-06 11:51:00
347,369,34,view_mod,2026-01-06 11:52:00
317,7,33,upload_mod,2026-01-06 11:53:00
261,389,43,view_mod,2026-01-06 11:54:00
512,238,30,view_mod,2026-01-06 11:55:00
835,15,49,view_mod,2026-01-06 11:56:00
253,312,23,like_mod,2026-01-06 11:57:00
64,396,27,view_mod,2026-01-06 11:58:00
185,209,29,view_mod,2026-01-06 11:59:00
406,327,48,view_mod,2026-01-06 12:00:00
12,83,46,download_mod,2026-01-06 12:01:00
180,200,3,view_mod,2026-01-06 12:02:00
634,304,18,download_mod,2026-01-06 12:03:00
38,482,31,view_mod,2026-01-06 12:04:00
47,5,47,upload_mod,2026-01-06 12:05:00
3,164,42,upload_mod,2026-01-06 12:06:00
230,357,41,download_mod,2026-01-06 12:07:00
858,182,13,view_mod,2026-01-06 12:08:00
164,485,48,download_mod,2026-01-06 12:09:00
278,177,12,view_mod,2026-01-06 12:10:00
54,294,14,download_mod,2026-01-06 12:11:00
231,402,10,view_mod,2026-01-06 12:12:00
909,392,41,view_mod,2026-01-06 12:13:00
672,441,31,download_mod,2026-01-06 12:14:00
36,27,35,like_mod,2026-01-06 12:15:00
505,127,22,download_mod,2026-01-06 12:16:00
419,143,1,view_mod,2026-01-06 12:17:00
486,357,39,view_mod,2026-01-06 12:18:00
600,273,25,view_mod,2026-01-06 12:19:00
559,127,21,view_mod,2026-01-06 12:20:00
187,456,4,view_mod,2026-01-06 12:21:00
389,465,12,upload_mod,2026-01-06 12:22:00
612,253,23,view_mod,2026-01-06 12:23:00
244,252,18,download_mod,2026-01-06 12:24:00
842,336,36,view_mod,2026-01-06 12:25:00
881,134,14,like_mod,2026-01-06 12:26:00
450,228,11,view_mod,2026-01-06 12:27:00
576,369,35,view_mod,2026-01-06 12:28:00
38,174,13,like_mod,2026-01-06 12:29:00
255,330,35,view_mod,2026-01-06 12:30:00
176,451,11,download_mod,2026-01-06 12:31:00
245,398,43,view_mod,2026-01-06 12:32:00
368,328,22,upload_mod,2026-01-06 12:33:00
27,154,3,view_mod,2026-01-06 12:34:00
870,406,26,view_mod,2026-01-06 12:35:00
702,225,49,like_mod,2026-01-06 12:36:00
917,69,39,like_mod,2026-01-06 12:37:00
471,485,12,download_mod,2026-01-06 12:38:00
332,429,6,view_mod,2026-01-06 12:39:00
205,42,37,upload_mod,2026-01-06 12:40:00
116,315,5,view_mod,2026-01-06 12:41:00
529,403,18,view_mod,2026-01-06 12:42:00
961,360,7,view_mod,2026-01-06 12:43:00
432,494,9,view_mod,2026-01-06 12:44:00
229,346,42,download_mod,2026-01-06 12:45:00
579,174,31,view_mod,2026-01-06 12:46:00
959,416,3,view_mod,2026-01-06 12:47:00
565,349,4,view_mod,2026-01-06 12:48:00
77,13,12,download_mod,2026-01-06 12:49:00
542,132,8,view_mod,2026-01-06 12:50:00
688,216,22,view_mod,2026-01-06 12:51:00
755,360,2,download_mod,2026-01-06 12:52:00
412,136,10,download_mod,2026-01-06 12:53:00
101,86,29,view_mod,2026-01-06 12:54:00
305,481,4,view_mod,2026-01-06 12:55:00
250,365,14,download_mod,2026-01-06 12:56:00
955,465,22,view_mod,2026-01-06 12:57:00
29,179,10,download_mod,2026-01-06 12:58:00
356,469,45,download_mod,2026-01-06 12:59:00
557,71,46,view_mod,2026-01-06 13:00:00
590,352,29,like_mod,2026-01-06 13:01:00
778,174,33,download_mod,2026-01-06 13:02:00
154,179,47,view_mod,2026-01-06 13:03:00
841,444,44,view_mod,2026-01-06 13:04:00
746,324,2,download_mod,2026-01-06 13:05:00
473,182,14,view_mod,2026-01-06 13:06:00
802,362,21,view_mod,2026-01-06 13:07:00
176,322,47,view_mod,2026-01-06 13:08:00
389,359,29,download_mod,2026-01-06 13:09:00
489,273,8,download_mod,2026-01-06 13:10:00
350,139,14,download_mod,2026-01-06 13:11:00
307,424,2,view_mod,2026-01-06 13:12:00
961,218,43,view_mod,2026-01-06 13:13:00
55,490,33,view_mod,2026-01-06 13:14:00
793,447,28,view_mod,2026-01-06 13:15:00
645,407,10,view_mod,2026-01-06 13:16:00
841,480,49,view_mod,2026-01-06 13:17:00
376,435,38,view_mod,2026-01-06 13:18:00
803,421,11,view_mod,2026-01-06 13:19:00
399,371,15,view_mod,2026-01-06 13:20:00
660,318,36,upload_mod,2026-01-06 13:21:00
974,249,14,download_mod,2026-01-06 13:22:00
866,364,46,download_mod,2026-01-06 13:23:00
377,484,11,view_mod,2026-01-06 13:24:00
725,371,17,view_mod,2026-01-06 13:25:00
116,111,25,upload_mod,2026-01-06 13:26:00
143,281,32,like_mod,2026-01-06 13:27:00
276,369,10,view_mod,2026-01-06 13:28:00
175,31,28,view_mod,2026-01-06 13:29:00
872,319,47,upload_mod,2026-01-06 13:30:00
966,142,19,download_mod,2026-01-06 13:31:00
253,132,23,view_mod,2026-01-06 13:32:00
560,47,9,view_mod,2026-01-06 13:33:00
202,478,17,view_mod,2026-01-06 13:34:00
614,166,6,like_mod,2026-01-06 13:35:00
359,410,18,view_mod,2026-01-06 13:36:00
430,33,7,download_mod,2026-01-06 13:37:00
887,172,22,download_mod,2026-01-06 13:38:00
317,397,23,view_mod,2026-01-06 13:39:00
56,374,7,download_mod,2026-01-06 13:40:00
637,416,12,view_mod,2026-01-06 13:41:00
958,33,48,download_mod,2026-01-06 13:42:00
866,194,45,view_mod,2026-01-06 13:43:00
934,490,2,like_mod,2026-01-06 13:44:00
600,220,45,download_mod,2026-01-06 13:45:00
332,364,8,view_mod,2026-01-06 13:46:00
937,426,28,view_mod,2026-01-06 13:47:00
600,467,31,view_mod,2026-01-06 13:48:00
432,182,2,upload_mod,2026-01-06 13:49:00
535,263,32,view_mod,2026-01-06 13:50:00
177,241,4,download_mod,2026-01-06 13:51:00
925,128,36,view_mod,2026-01-06 13:52:00
70,476,10,view_mod,2026-01-06 13:53:00
835,338,48,upload_mod,2026-01-06 13:54:00
290,353,47,view_mod,2026-01-06 13:55:00
706,355,25,download_mod,2026-01-06 13:56:00
136,434,30,view_mod,2026-01-06 13:57:00
99,54,20,view_mod,2026-01-06 13:58:00
588,156,30,upload_mod,2026-01-06 13:59:00
6,266,21,download_mod,2026-01-06 14:00:00
418,260,4,view_mod,2026-01-06 14:01:00
270,41,28,download_mod,2026-01-06 14:02:00
844,409,42,view_mod,2026-01-06 14:03:00
959,42,43,download_mod,2026-01-06 14:04:00
186,87,3,view_mod,2026-01-06 14:05:00
164,344,16,view_mod,2026-01-06 14:06:00
443,379,10,download_mod,2026-01-06 14:07:00
915,301,13,view_mod,2026-01-06 14:08:00
203,336,13,view_mod,2026-01-06 14:09:00
961,252,21,download_mod,2026-01-06 14:10:00
219,127,38,download_mod,2026-01-06 14:11:00
540,484,1,download_mod,2026-01-06 14:12:00
177,53,13,view_mod,2026-01-06 14:13:00
811,287,49,download_mod,2026-01-06 14:14:00
163,265,22,view_mod,2026-01-06 14:15:00
124,155,24,download_mod,2026-01-06 14:16:00
696,377,49,download_mod,2026-01-06 14:17:00
649,88,18,download_mod,2026-01-06 14:18:00
350,21,14,download_mod,2026-01-06 14:19:00
128,245,16,view_mod,2026-01-06 14:20:00
706,201,2,view_mod,2026-01-06 14:21:00
358,21,12,view_mod,2026-01-06 14:22:00
966,297,34,download_mod,2026-01-06 14:23:00
542,40,42,view_mod,2026-01-06 14:24:00
777,171,13,download_mod,2026-01-06 14:25:00
933,256,21,view_mod,2026-01-06 14:26:00
696,368,23,view_mod,2026-01-06 14:27:00
438,201,22,like_mod,2026-01-06 14:28:00
179,249,6,upload_mod,2026-01-06 14:29:00
337,292,14,view_mod,2026-01-06 14:30:00
27,87,37,like_mod,2026-01-06 14:31:00
331,413,25,view_mod,2026-01-06 14:32:00
469,434,4,view_mod,2026-01-06 14:33:00
883,310,46,download_mod,2026-01-06 14:34:00
359,299,20,view_mod,2026-01-06 14:35:00
826,147,18,view_mod,2026-01-06 14:36:00
495,277,21,download_mod,2026-01-06 14:37:00
651,166,25,upload_mod,2026-01-06 14:38:00
512,417,4,view_mod,2026-01-06 14:39:00
31,152,8,upload_mod,2026-01-06 14:40:00
782,292,9,download_mod,2026-01-06 14:41:00
959,110,38,download_mod,2026-01-06 14:42:00
327,79,1,view_mod,2026-01-06 14:43:00
833,119,48,view_mod,2026-01-06 14:44:00
351,496,14,download_mod,2026-01-06 14:45:00
15,350,24,view_mod,2026-01-06 14:46:00
371,368,46,view_mod,2026-01-06 14:47:00
890,162,49,view_mod,2026-01-06 14:48:00
263,115,46,view_mod,2026-01-06 14:49:00
815,126,42,view_mod,2026-01-06 14:50:00
990,389,19,view_mod,2026-01-06 14:51:00
138,243,43,view_mod,2026-01-06 14:52:00
816,40,6,download_mod,2026-01-06 14:53:00
747,71,17,view_mod,2026-01-06 14:54:00
69,310,8,view_mod,2026-01-06 14:55:00
737,121,29,like_mod,2026-01-06 14:56:00
332,288,17,view_mod,2026-01-06 14:57:00
526,438,33,view_mod,2026-01-06 14:58:00
675,246,36,download_mod,2026-01-06 14:59:00
343,419,23,download_mod,2026-01-06 15:00:00
41,468,19,view_mod,2026-01-06 15:01:00
184,22,34,view_mod,2026-01-06 15:02:00
921,166,12,download_mod,2026-01-06 15:03:00
957,23,40,view_mod,2026-01-06 15:04:00
490,220,38,view_mod,2026-01-06 15:05:00
245,468,39,download_mod,2026-01-06 15:06:00
870,194,13,view_mod,2026-01-06 15:07:00
183,474,32,upload_mod,2026-01-06 15:08:00
884,336,29,download_mod,2026-01-06 15:09:00
574,269,6,download_mod,2026-01-06 15:10:00
875,361,28,view_mod,2026-01-06 15:11:00
854,268,48,download_mod,2026-01-06 15:12:00
392,214,12,like_mod,2026-01-06 15:13:00
941,51,4,download_mod,2026-01-06 15:14:00
139,393,36,download_mod,2026-01-06 15:15:00
879,32,39,download_mod,2026-01-06 15:16:00
407,455,29,download_mod,2026-01-06 15:17:00
985,117,41,view_mod,2026-01-06 15:18:00
604,434,28,download_mod,2026-01-06 15:19:00
549,384,33,view_mod,2026-01-06 15:20:00
599,213,37,upload_mod,2026-01-06 15:21:00
63,470,34,view_mod,2026-01-06 15:22:00
601,212,20,like_mod,2026-01-06 15:23:00
239,435,12,view_mod,2026-01-06 15:24:00
341,214,36,view_mod,2026-01-06 15:25:00
29,376,22,download_mod,2026-01-06 15:26:00
793,41,26,view_mod,2026-01-06 15:27:00
206,338,25,view_mod,2026-01-06 15:28:00
385,226,46,download_mod,2026-01-06 15:29:00
322,410,3,view_mod,2026-01-06 15:30:00
455,465,49,download_mod,2026-01-06 15:31:00
411,16,24,view_mod,2026-01-06 15:32:00
228,446,3,download_mod,2026-01-06 15:33:00
799,456,44,view_mod,2026-01-06 15:34:00
432,163,1,upload_mod,2026-01-06 15:35:00
497,369,3,view_mod,2026-01-06 15:36:00
50,213,5,view_mod,2026-01-06 15:37:00
136,98,8,download_mod,2026-01-06 15:38:00
659,308,21,view_mod,2026-01-06 15:39:00
597,176,30,view_mod,2026-01-06 15:40:00
780,309,35,view_mod,2026-01-06 15:41:00
113,245,39,download_mod,2026-01-06 15:42:00
394,20,27,upload_mod,2026-01-06 15:43:00
964,169,4,download_mod,2026-01-06 15:44:00
114,407,41,view_mod,2026-01-06 15:45:00
50,28,26,view_mod,2026-01-06 15:46:00
277,393,45,view_mod,2026-01-06 15:47:00
250,10,30,view_mod,2026-01-06 15:48:00
783,220,15,view_mod,2026-01-06 15:49:00
335,81,47,view_mod,2026-01-06 15:50:00
927,317,46,download_mod,2026-01-06 15:51:00
605,435,47,download_mod,2026-01-06 15:52:00
934,144,5,upload_mod,2026-01-06 15:53:00
389,310,7,view_mod,2026-01-06 15:54:00
656,39,40,like_mod,2026-01-06 15:55:00
266,399,9,download_mod,2026-01-06 15:56:00
795,372,18,like_mod,2026-01-06 15:57:00
518,375,47,download_mod,2026-01-06 15:58:00
371,480,29,view_mod,2026-01-06 15:59:00
437,237,2,view_mod,2026-01-06 16:00:00
555,429,17,view_mod,2026-01-06 16:01:00
457,460,16,download_mod,2026-01-06 16:02:00
840,253,33,download_mod,2026-01-06 16:03:00
837,453,34,download_mod,2026-01-06 16:04:00
189,446,22,view_mod,2026-01-06 16:05:00
699,166,13,view_mod,2026-01-06 16:06:00
896,99,24,view_mod,2026-01-06 16:07:00
663,488,1,view_mod,2026-01-06 16:08:00
438,94,1,like_mod,2026-01-06 16:09:00
744,359,30,upload_mod,2026-01-06 16:10:00
822,247,39,upload_mod,2026-01-06 16:11:00
314,281,44,like_mod,2026-01-06 16:12:00
355,380,7,download_mod,2026-01-06 16:13:00
321,69,23,download_mod,2026-01-06 16:14:00
280,406,41,view_mod,2026-01-06 16:15:00
33,466,28,upload_mod,2026-01-06 16:16:00
928,470,3,download_mod,2026-01-06 16:17:00
182,289,6,view_mod,2026-01-06 16:18:00
915,315,34,view_mod,2026-01-06 16:19:00
100,355,6,upload_mod,2026-01-06 16:20:00
997,267,26,like_mod,2026-01-06 16:21:00
300,28,7,view_mod,2026-01-06 16:22:00
479,363,19,upload_mod,2026-01-06 16:23:00
351,465,42,like_mod,2026-01-06 16:24:00
870,285,38,upload_mod,2026-01-06 16:25:00
341,274,26,upload_mod,2026-01-06 16:26:00
175,200,19,upload_mod,2026-01-06 16:27:00
953,57,35,view_mod,2026-01-06 16:28:00
975,145,40,download_mod,2026-01-06 16:29:00
942,368,12,download_mod,2026-01-06 16:30:00
956,237,5,view_mod,2026-01-06 16:31:00
591,318,31,download_mod,2026-01-06 16:32:00
772,78,21,view_mod,2026-01-06 16:33:00
354,270,23,upload_mod,2026-01-06 16:34:00
793,201,11,like_mod,2026-01-06 16:35:00
124,288,14,view_mod,2026-01-06 16:36:00
477,54,13,view_mod,2026-01-06 16:37:00
678,39,31,view_mod,2026-01-06 16:38:00
977,245,29,download_mod,2026-01-06 16:39:00
728,256,33,view_mod,2026-01-06 16:40:00
749,93,37,download_mod,2026-01-06 16:41:00
278,239,15,download_mod,2026-01-06 16:42:00
273,474,24,download_mod,2026-01-06 16:43:00
604,168,9,like_mod,2026-01-06 16:44:00
296,247,10,download_mod,2026-01-06 16:45:00
961,192,48,view_mod,2026-01-06 16:46:00
290,222,47,download_mod,2026-01-06 16:47:00
550,323,49,upload_mod,2026-01-06 16:48:00
685,233,27,view_mod,2026-01-06 16:49:00
482,53,34,like_mod,2026-01-06 16:50:00
691,496,49,view_mod,2026-01-06 16:51:00
284,117,44,upload_mod,2026-01-06 16:52:00
470,301,24,like_mod,2026-01-06 16:53:00
944,172,30,upload_mod,2026-01-06 16:54:00
617,188,7,download_mod,2026-01-06 16:55:00
361,361,9,view_mod,2026-01-06 16:56:00
913,149,26,download_mod,2026-01-06 16:57:00
733,230,24,view_mod,2026-01-06 16:58:00
600,395,24,view_mod,2026-01-06 16:59:00
278,397,39,like_mod,2026-01-06 17:00:00
385,102,26,download_mod,2026-01-06 17:01:00
441,129,47,download_mod,2026-01-06 17:02:00
242,307,47,view_mod,2026-01-06 17:03:00
758,421,28,upload_mod,2026-01-06 17:04:00
520,180,15,view_mod,2026-01-06 17:05:00
54,96,7,view_mod,2026-01-06 17:06:00
9,480,17,view_mod,2026-01-06 17:07:00
675,369,26,download_mod,2026-01-06 17:08:00
222,438,16,download_mod,2026-01-06 17:09:00
142,162,7,download_mod,2026-01-06 17:10:00
390,461,29,download_mod,2026-01-06 17:11:00
97,316,39,download_mod,2026-01-06 17:12:00
931,17,12,view_mod,2026-01-06 17:13:00
9,30,19,download_mod,2026-01-06 17:14:00
240,45,47,view_mod,2026-01-06 17:15:00
903,378,18,upload_mod,2026-01-06 17:16:00
75,74,43,download_mod,2026-01-06 17:17:00
983,70,43,view_mod,2026-01-06 17:18:00
841,43,32,view_mod,2026-01-06 17:19:00
89,412,44,view_mod,2026-01-06 17:20:00
592,200,47,view_mod,2026-01-06 17:21:00
858,177,8,view_mod,2026-01-06 17:22:00
693,52,8,view_mod,2026-01-06 17:23:00
93,171,39,download_mod,2026-01-06 17:24:00
176,303,11,download_mod,2026-01-06 17:25:00
186,378,32,like_mod,2026-01-06 17:26:00
441,15,21,view_mod,2026-01-06 17:27:00
723,131,18,view_mod,2026-01-06 17:28:00
201,404,42,view_mod,2026-01-06 17:29:00
188,43,14,download_mod,2026-01-06 17:30:00
59,141,25,like_mod,2026-01-06 17:31:00
684,194,42,like_mod,2026-01-06 17:32:00
95,373,16,view_mod,2026-01-06 17:33:00
257,9,12,upload_mod,2026-01-06 17:34:00
156,494,17,view_mod,2026-01-06 17:35:00
417,457,23,view_mod,2026-01-06 17:36:00
471,383,22,view_mod,2026-01-06 17:37:00
256,498,14,view_mod,2026-01-06 17:38:00
83,325,24,download_mod,2026-01-06 17:39:00
140,186,26,view_mod,2026-01-06 17:40:00
473,190,18,download_mod,2026-01-06 17:41:00
148,265,29,like_mod,2026-01-06 17:42:00
23,177,2,view_mod,2026-01-06 17:43:00
496,116,30,view_mod,2026-01-06 17:44:00
653,15,45,view_mod,2026-01-06 17:45:00
270,55,46,download_mod,2026-01-06 17:46:00
172,72,38,download_mod,2026-01-06 17:47:00
273,370,11,view_mod,2026-01-06 17:48:00
707,208,19,view_mod,2026-01-06 17:49:00
585,420,28,download_mod,2026-01-06 17:50:00
937,269,25,like_mod,2026-01-06 17:51:00
836,366,43,download_mod,2026-01-06 17:52:00
871,16,30,view_mod,2026-01-06 17:53:00
883,249,24,view_mod,2026-01-06 17:54:00
847,197,15,view_mod,2026-01-06 17:55:00
480,307,6,view_mod,2026-01-06 17:56:00
643,458,45,download_mod,2026-01-06 17:57:00
553,423,18,upload_mod,2026-01-06 17:58:00
76,152,31,upload_mod,2026-01-06 17:59:00
40,418,38,view_mod,2026-01-06 18:00:00
545,355,25,view_mod,2026-01-06 18:01:00
478,413,15,view_mod,2026-01-06 18:02:00
945,170,3,view_mod,2026-01-06 18:03:00
130,322,14,download_mod,2026-01-06 18:04:00
147,430,6,download_mod,2026-01-06 18:05:00
995,175,38,download_mod,2026-01-06 18:06:00
650,22,45,view_mod,2026-01-06 18:07:00
383,217,2,view_mod,2026-01-06 18:08:00
644,2,22,upload_mod,2026-01-06 18:09:00
422,260,37,view_mod,2026-01-06 18:10:00
994,487,6,view_mod,2026-01-06 18:11:00
742,190,33,download_mod,2026-01-06 18:12:00
832,428,45,view_mod,2026-01-06 18:13:00
615,454,37,upload_mod,2026-01-06 18:14:00
618,178,41,view_mod,2026-01-06 18:15:00
788,435,39,download_mod,2026-01-06 18:16:00
130,141,32,view_mod,2026-01-06 18:17:00
313,154,25,view_mod,2026-01-06 18:18:00
653,478,49,view_mod,2026-01-06 18:19:00
822,119,2,view_mod,2026-01-06 18:20:00
469,498,25,download_mod,2026-01-06 18:21:00
25,73,25,view_mod,2026-01-06 18:22:00
438,461,39,view_mod,2026-01-06 18:23:00
664,399,4,view_mod,2026-01-06 18:24:00
221,349,31,view_mod,2026-01-06 18:25:00
668,61,35,view_mod,2026-01-06 18:26:00
800,40,11,upload_mod,2026-01-06 18:27:00
372,31,11,view_mod,2026-01-06 18:28:00
930,239,3,upload_mod,2026-01-06 18:29:00
712,92,18,view_mod,2026-01-06 18:30:00
554,396,39,upload_mod,2026-01-06 18:31:00
738,124,9,view_mod,2026-01-06 18:32:00
941,405,39,download_mod,2026-01-06 18:33:00
465,435,6,like_mod,2026-01-06 18:34:00
788,495,5,download_mod,2026-01-06 18:35:00
986,322,4,download_mod,2026-01-06 18:36:00
897,28,6,view_mod,2026-01-06 18:37:00
947,405,10,upload_mod,2026-01-06 18:38:00
767,492,8,view_mod,2026-01-06 18:39:00
842,423,43,view_mod,2026-01-06 18:40:00
274,405,18,view_mod,2026-01-06 18:41:00
349,127,22,view_mod,2026-01-06 18:42:00
958,414,5,view_mod,2026-01-06 18:43:00
490,140,19,view_mod,2026-01-06 18:44:00
644,498,17,upload_mod,2026-01-06 18:45:00
3,82,13,download_mod,2026-01-06 18:46:00
4,306,19,view_mod,2026-01-06 18:47:00
30,307,11,download_mod,2026-01-06 18:48:00
658,318,22,view_mod,2026-01-06 18:49:00
834,87,31,download_mod,2026-01-06 18:50:00
326,240,45,download_mod,2026-01-06 18:51:00
708,435,33,view_mod,2026-01-06 18:52:00
176,165,9,view_mod,2026-01-06 18:53:00
11,357,35,download_mod,2026-01-06 18:54:00
750,96,35,view_mod,2026-01-06 18:55:00
929,376,42,download_mod,2026-01-06 18:56:00
62,4,31,view_mod,2026-01-06 18:57:00
291,157,48,download_mod,2026-01-06 18:58:00
279,122,31,download_mod,2026-01-06 18:59:00
374,308,45,view_mod,2026-01-06 19:00:00
808,46,34,download_mod,2026-01-06 19:01:00
497,393,38,download_mod,2026-01-06 19:02:00
817,44,47,download_mod,2026-01-06 19:03:00
859,381,44,view_mod,2026-01-06 19:04:00
371,288,31,view_mod,2026-01-06 19:05:00
97,220,28,upload_mod,2026-01-06 19:06:00
273,145,35,download_mod,2026-01-06 19:07:00
523,243,5,download_mod,2026-01-06 19:08:00
198,155,29,view_mod,2026-01-06 19:09:00
307,294,41,download_mod,2026-01-06 19:10:00
522,231,29,download_mod,2026-01-06 19:11:00
196,480,38,download_mod,2026-01-06 19:12:00
113,163,24,view_mod,2026-01-06 19:13:00
575,126,14,upload_mod,2026-01-06 19:14:00
982,123,40,upload_mod,2026-01-06 19:15:00
450,430,45,view_mod,2026-01-06 19:16:00
975,139,25,upload_mod,2026-01-06 19:17:00
474,468,10,view_mod,2026-01-06 19:18:00
455,432,31,download_mod,2026-01-06 19:19:00
508,238,37,download_mod,2026-01-06 19:20:00
555,253,17,view_mod,2026-01-06 19:21:00
691,248,12,upload_mod,2026-01-06 19:22:00
481,225,10,view_mod,2026-01-06 19:23:00
352,315,1,download_mod,2026-01-06 19:24:00
192,214,48,download_mod,2026-01-06 19:25:00
152,2,43,upload_mod,2026-01-06 19:26:00
521,146,25,view_mod,2026-01-06 19:27:00
35,109,43,download_mod,2026-01-06 19:28:00
3,361,44,download_mod,2026-01-06 19:29:00
673,251,23,like_mod,2026-01-06 19:30:00
827,228,12,view_mod,2026-01-06 19:31:00
572,373,43,view_mod,2026-01-06 19:32:00
858,433,15,download_mod,2026-01-06 19:33:00
701,235,17,download_mod,2026-01-06 19:34:00
987,379,32,download_mod,2026-01-06 19:35:00
595,499,13,download_mod,2026-01-06 19:36:00
959,54,26,download_mod,2026-01-06 19:37:00
879,213,16,view_mod,2026-01-06 19:38:00
189,400,28,view_mod,2026-01-06 19:39:00
250,259,23,download_mod,2026-01-06 19:40:00
365,311,33,view_mod,2026-01-06 19:41:00
186,253,22,like_mod,2026-01-06 19:42:00
173,15,42,download_mod,2026-01-06 19:43:00
170,156,29,download_mod,2026-01-06 19:44:00
268,487,12,download_mod,2026-01-06 19:45:00
317,234,17,view_mod,2026-01-06 19:46:00
915,203,41,download_mod,2026-01-06 19:47:00
836,379,13,view_mod,2026-01-06 19:48:00
364,226,28,view_mod,2026-01-06 19:49:00
93,491,7,download_mod,2026-01-06 19:50:00
450,272,23,view_mod,2026-01-06 19:51:00
124,470,15,download_mod,2026-01-06 19:52:00
952,224,1,view_mod,2026-01-06 19:53:00
788,278,13,like_mod,2026-01-06 19:54:00
202,398,31,download_mod,2026-01-06 19:55:00
607,227,20,download_mod,2026-01-06 19:56:00
997,475,25,view_mod,2026-01-06 19:57:00
988,17,32,download_mod,2026-01-06 19:58:00
529,142,47,view_mod,2026-01-06 19:59:00
48,314,1,upload_mod,2026-01-06 20:00:00
514,193,15,download_mod,2026-01-06 20:01:00
877,326,3,view_mod,2026-01-06 20:02:00
222,117,18,view_mod,2026-01-06 20:03:00
896,94,15,upload_mod,2026-01-06 20:04:00
583,19,21,view_mod,2026-01-06 20:05:00
954,56,40,view_mod,2026-01-06 20:06:00
735,71,18,view_mod,2026-01-06 20:07:00
500,218,34,download_mod,2026-01-06 20:08:00
162,82,29,download_mod,2026-01-06 20:09:00
102,288,1,view_mod,2026-01-06 20:10:00
199,438,11,view_mod,2026-01-06 20:11:00
330,112,34,download_mod,2026-01-06 20:12:00
877,3,14,view_mod,2026-01-06 20:13:00
781,211,10,download_mod,2026-01-06 20:14:00
146,492,35,view_mod,2026-01-06 20:15:00
522,59,48,view_mod,2026-01-06 20:16:00
870,199,12,download_mod,2026-01-06 20:17:00
630,383,23,like_mod,2026-01-06 20:18:00
758,353,12,upload_mod,2026-01-06 20:19:00
74,158,10,view_mod,2026-01-06 20:20:00
84,309,34,download_mod,2026-01-06 20:21:00
766,148,22,view_mod,2026-01-06 20:22:00
481,111,22,view_mod,2026-01-06 20:23:00
825,77,22,view_mod,2026-01-06 20:24:00
959,494,40,view_mod,2026-01-06 20:25:00
174,215,35,download_mod,2026-01-06 20:26:00
453,364,8,view_mod,2026-01-06 20:27:00
279,62,37,download_mod,2026-01-06 20:28:00
232,28,24,view_mod,2026-01-06 20:29:00
578,109,4,view_mod,2026-01-06 20:30:00
269,120,49,view_mod,2026-01-06 20:31:00
565,315,39,view_mod,2026-01-06 20:32:00
652,495,35,download_mod,2026-01-06 20:33:00
360,63,36,download_mod,2026-01-06 20:34:00
48,35,36,view_mod,2026-01-06 20:35:00
330,288,16,view_mod,2026-01-06 20:36:00
835,298,27,upload_mod,2026-01-06 20:37:00
826,139,44,view_mod,2026-01-06 20:38:00
938,93,6,view_mod,2026-01-06 20:39:00
244,279,41,like_mod,2026-01-06 20:40:00
842,395,33,download_mod,2026-01-06 20:41:00
993,123,47,download_mod,2026-01-06 20:42:00
626,144,20,view_mod,2026-01-06 20:43:00
691,21,24,view_mod,2026-01-06 20:44:00
480,485,23,view_mod,2026-01-06 20:45:00
318,219,2,view_mod,2026-01-06 20:46:00
250,409,21,view_mod,2026-01-06 20:47:00
789,289,2,view_mod,2026-01-06 20:48:00
466,294,40,like_mod,2026-01-06 20:49:00
597,13,27,like_mod,2026-01-06 20:50:00
718,40,23,upload_mod,2026-01-06 20:51:00
667,401,26,download_mod,2026-01-06 20:52:00
620,90,18,download_mod,2026-01-06 20:53:00
187,98,36,like_mod,2026-01-06 20:54:00
861,296,16,view_mod,2026-01-06 20:55:00
556,292,29,view_mod,2026-01-06 20:56:00
723,98,24,download_mod,2026-01-06 20:57:00
775,325,25,view_mod,2026-01-06 20:58:00
821,182,21,like_mod,2026-01-06 20:59:00
413,463,19,view_mod,2026-01-06 21:00:00
355,212,25,view_mod,2026-01-06 21:01:00
945,123,41,view_mod,2026-01-06 21:02:00
184,85,13,like_mod,2026-01-06 21:03:00
728,55,41,download_mod,2026-01-06 21:04:00
404,252,11,view_mod,2026-01-06 21:05:00
508,161,20,download_mod,2026-01-06 21:06:00
92,196,16,view_mod,2026-01-06 21:07:00
814,435,29,view_mod,2026-01-06 21:08:00
345,114,47,download_mod,2026-01-06 21:09:00
629,40,30,view_mod,2026-01-06 21:10:00
328,256,8,view_mod,2026-01-06 21:11:00
143,212,16,view_mod,2026-01-06 21:12:00
979,408,43,view_mod,2026-01-06 21:13:00
39,228,25,view_mod,2026-01-06 21:14:00
451,163,19,download_mod,2026-01-06 21:15:00
564,277,17,view_mod,2026-01-06 21:16:00
108,280,22,view_mod,2026-01-06 21:17:00
874,309,46,view_mod,2026-01-06 21:18:00
416,268,9,upload_mod,2026-01-06 21:19:00
528,20,21,upload_mod,2026-01-06 21:20:00
877,255,33,view_mod,2026-01-06 21:21:00
650,154,36,view_mod,2026-01-06 21:22:00
135,465,11,view_mod,2026-01-06 21:23:00
674,328,27,view_mod,2026-01-06 21:24:00
662,312,24,view_mod,2026-01-06 21:25:00
462,222,26,view_mod,2026-01-06 21:26:00
98,341,6,view_mod,2026-01-06 21:27:00
232,137,36,view_mod,2026-01-06 21:28:00
393,203,41,download_mod,2026-01-06 21:29:00
318,95,23,download_mod,2026-01-06 21:30:00
268,485,32,view_mod,2026-01-06 21:31:00
226,498,13,view_mod,2026-01-06 21:32:00
83,344,11,view_mod,2026-01-06 21:33:00
719,293,30,view_mod,2026-01-06 21:34:00
84,32,10,download_mod,2026-01-06 21:35:00
618,356,18,view_mod,2026-01-06 21:36:00
103,436,6,download_mod,2026-01-06 21:37:00
223,190,47,upload_mod,2026-01-06 21:38:00
409,447,43,download_mod,2026-01-06 21:39:00
774,468,47,view_mod,2026-01-06 21:40:00
460,155,33,view_mod,2026-01-06 21:41:00
337,42,26,view_mod,2026-01-06 21:42:00
716,108,27,view_mod,2026-01-06 21:43:00
713,419,44,view_mod,2026-01-06 21:44:00
313,174,2,download_mod,2026-01-06 21:45:00
982,95,9,download_mod,2026-01-06 21:46:00
249,163,35,download_mod,2026-01-06 21:47:00
670,206,45,upload_mod,2026-01-06 21:48:00
95,130,23,like_mod,2026-01-06 21:49:00
592,278,35,like_mod,2026-01-06 21:50:00
769,333,32,view_mod,2026-01-06 21:51:00
887,375,26,download_mod,2026-01-06 21:52:00
954,290,42,download_mod,2026-01-06 21:53:00
494,76,37,view_mod,2026-01-06 21:54:00
781,123,1,download_mod,2026-01-06 21:55:00
13,197,19,view_mod,2026-01-06 21:56:00
569,394,17,view_mod,2026-01-06 21:57:00
416,186,30,view_mod,2026-01-06 21:58:00
173,106,32,download_mod,2026-01-06 21:59:00
980,20,20,like_mod,2026-01-06 22:00:00
738,91,21,like_mod,2026-01-06 22:01:00
381,94,43,download_mod,2026-01-06 22:02:00
734,83,16,view_mod,2026-01-06 22:03:00
244,402,34,download_mod,2026-01-06 22:04:00
403,492,21,view_mod,2026-01-06 22:05:00
948,151,2,download_mod,2026-01-06 22:06:00
340,419,33,download_mod,2026-01-06 22:07:00
180,468,7,view_mod,2026-01-06 22:08:00
909,350,36,view_mod,2026-01-06 22:09:00
239,119,38,view_mod,2026-01-06 22:10:00
131,94,15,download_mod,2026-01-06 22:11:00
621,143,26,download_mod,2026-01-06 22:12:00
96,425,2,download_mod,2026-01-06 22:13:00
431,442,20,like_mod,2026-01-06 22:14:00
797,475,3,like_mod,2026-01-06 22:15:00
465,179,31,view_mod,2026-01-06 22:16:00
13,394,25,view_mod,2026-01-06 22:17:00
644,469,15,view_mod,2026-01-06 22:18:00
745,81,9,view_mod,2026-01-06 22:19:00
645,10,29,view_mod,2026-01-06 22:20:00
476,344,44,view_mod,2026-01-06 22:21:00
177,91,19,view_mod,2026-01-06 22:22:00
734,115,1,download_mod,2026-01-06 22:23:00
218,62,45,view_mod,2026-01-06 22:24:00
660,338,34,upload_mod,2026-01-06 22:25:00
261,414,29,download_mod,2026-01-06 22:26:00
420,308,7,view_mod,2026-01-06 22:27:00
398,213,15,view_mod,2026-01-06 22:28:00
808,487,7,download_mod,2026-01-06 22:29:00
386,326,20,download_mod,2026-01-06 22:30:00
688,449,47,upload_mod,2026-01-06 22:31:00
23,114,18,download_mod,2026-01-06 22:32:00
329,253,1,like_mod,2026-01-06 22:33:00
531,153,39,download_mod,2026-01-06 22:34:00
815,149,41,view_mod,2026-01-06 22:35:00
458,268,4,view_mod,2026-01-06 22:36:00
384,410,16,download_mod,2026-01-06 22:37:00
462,437,22,view_mod,2026-01-06 22:38:00
587,330,13,view_mod,2026-01-06 22:39:00
667,307,36,view_mod,2026-01-06 22:40:00
537,464,17,view_mod,2026-01-06 22:41:00
811,317,23,view_mod,2026-01-06 22:42:00
562,451,21,view_mod,2026-01-06 22:43:00
912,150,22,view_mod,2026-01-06 22:44:00
891,409,3,view_mod,2026-01-06 22:45:00
923,86,41,download_mod,2026-01-06 22:46:00
389,127,42,upload_mod,2026-01-06 22:47:00
603,391,31,view_mod,2026-01-06 22:48:00
996,215,29,download_mod,2026-01-06 22:49:00
373,169,13,download_mod,2026-01-06 22:50:00
527,70,31,view_mod,2026-01-06 22:51:00
147,28,1,view_mod,2026-01-06 22:52:00
257,113,41,download_mod,2026-01-06 22:53:00
258,232,1,download_mod,2026-01-06 22:54:00
630,474,31,download_mod,2026-01-06 22:55:00
817,246,22,view_mod,2026-01-06 22:56:00
485,494,48,upload_mod,2026-01-06 22:57:00
161,177,46,download_mod,2026-01-06 22:58:00
718,93,47,like_mod,2026-01-06 22:59:00
47,152,4,download_mod,2026-01-06 23:00:00
73,425,22,like_mod,2026-01-06 23:01:00
915,88,7,view_mod,2026-01-06 23:02:00
790,252,13,download_mod,2026-01-06 23:03:00
59,57,38,upload_mod,2026-01-06 23:04:00
152,207,20,view_mod,2026-01-06 23:05:00
814,122,18,view_mod,2026-01-06 23:06:00
137,266,29,view_mod,2026-01-06 23:07:00
80,246,27,download_mod,2026-01-06 23:08:00
145,128,46,download_mod,2026-01-06 23:09:00
987,329,37,view_mod,2026-01-06 23:10:00
90,326,1,download_mod,2026-01-06 23:11:00
54,380,25,like_mod,2026-01-06 23:12:00
950,159,45,view_mod,2026-01-06 23:13:00
292,352,5,view_mod,2026-01-06 23:14:00
709,491,2,like_mod,2026-01-06 23:15:00
759,401,1,like_mod,2026-01-06 23:16:00
115,286,13,download_mod,2026-01-06 23:17:00
17,160,22,view_mod,2026-01-06 23:18:00
619,231,34,view_mod,2026-01-06 23:19:00
385,374,46,like_mod,2026-01-06 23:20:00
371,431,5,download_mod,2026-01-06 23:21:00
567,410,25,view_mod,2026-01-06 23:22:00
673,206,21,view_mod,2026-01-06 23:23:00
404,318,49,download_mod,2026-01-06 23:24:00
520,117,48,view_mod,2026-01-06 23:25:00
965,428,14,download_mod,2026-01-06 23:26:00
873,91,17,view_mod,2026-01-06 23:27:00
863,112,15,view_mod,2026-01-06 23:28:00
604,289,20,view_mod,2026-01-06 23:29:00
708,198,21,download_mod,2026-01-06 23:30:00
169,95,7,upload_mod,2026-01-06 23:31:00
166,169,9,view_mod,2026-01-06 23:32:00
907,359,38,upload_mod,2026-01-06 23:33:00
592,379,49,view_mod,2026-01-06 23:34:00
922,181,13,view_mod,2026-01-06 23:35:00
921,340,11,download_mod,2026-01-06 23:36:00
964,122,27,view_mod,2026-01-06 23:37:00
378,369,30,download_mod,2026-01-06 23:38:00
277,318,43,view_mod,2026-01-06 23:39:00
884,319,31,like_mod,2026-01-06 23:40:00
29,186,19,view_mod,2026-01-06 23:41:00
122,448,19,download_mod,2026-01-06 23:42:00
719,270,35,view_mod,2026-01-06 23:43:00
23,369,31,view_mod,2026-01-06 23:44:00
241,395,16,view_mod,2026-01-06 23:45:00
722,401,14,download_mod,2026-01-06 23:46:00
735,366,27,like_mod,2026-01-06 23:47:00
133,324,38,view_mod,2026-01-06 23:48:00
728,23,9,download_mod,2026-01-06 23:49:00
24,14,39,view_mod,2026-01-06 23:50:00
374,278,45,view_mod,2026-01-06 23:51:00
327,63,41,download_mod,2026-01-06 23:52:00
684,320,20,download_mod,2026-01-06 23:53:00
948,209,36,view_mod,2026-01-06 23:54:00
937,211,24,download_mod,2026-01-06 23:55:00
486,36,30,upload_mod,2026-01-06 23:56:00
293,232,4,view_mod,2026-01-06 23:57:00
831,118,43,view_mod,2026-01-06 23:58:00
927,293,14,download_mod,2026-01-06 23:59:00
182,137,46,view_mod,2026-01-07 00:00:00
595,182,11,view_mod,2026-01-07 00:01:00
684,81,49,download_mod,2026-01-07 00:02:00
398,105,26,view_mod,2026-01-07 00:03:00
121,244,6,download_mod,2026-01-07 00:04:00
160,64,19,download_mod,2026-01-07 00:05:00
433,14,43,view_mod,2026-01-07 00:06:00
47,413,47,like_mod,2026-01-07 00:07:00
34,396,9,like_mod,2026-01-07 00:08:00
581,207,10,download_mod,2026-01-07 00:09:00
279,35,10,view_mod,2026-01-07 00:10:00
347,78,40,view_mod,2026-01-07 00:11:00
814,479,47,view_mod,2026-01-07 00:12:00
562,204,32,upload_mod,2026-01-07 00:13:00
351,241,43,view_mod,2026-01-07 00:14:00
785,22,2,view_mod,2026-01-07 00:15:00
935,146,33,download_mod,2026-01-07 00:16:00
507,74,36,view_mod,2026-01-07 00:17:00
133,132,42,like_mod,2026-01-07 00:18:00
573,379,37,download_mod,2026-01-07 00:19:00
158,365,7,view_mod,2026-01-07 00:20:00
214,172,39,view_mod,2026-01-07 00:21:00
719,118,19,like_mod,2026-01-07 00:22:00
970,257,1,view_mod,2026-01-07 00:23:00
428,237,18,upload_mod,2026-01-07 00:24:00
423,231,17,view_mod,2026-01-07 00:25:00
832,117,33,view_mod,2026-01-07 00:26:00
375,445,46,download_mod,2026-01-07 00:27:00
911,328,4,view_mod,2026-01-07 00:28:00
675,269,42,like_mod,2026-01-07 00:29:00
559,348,47,download_mod,2026-01-07 00:30:00
653,363,31,view_mod,2026-01-07 00:31:00
906,302,9,download_mod,2026-01-07 00:32:00
224,126,31,view_mod,2026-01-07 00:33:00
346,430,8,view_mod,2026-01-07 00:34:00
707,378,1,download_mod,2026-01-07 00:35:00
926,370,31,download_mod,2026-01-07 00:36:00
556,335,4,download_mod,2026-01-07 00:37:00
927,105,36,view_mod,2026-01-07 00:38:00
579,61,2,download_mod,2026-01-07 00:39:00
988,465,36,like_mod,2026-01-07 00:40:00
50,250,26,download_mod,2026-01-07 00:41:00
994,307,21,view_mod,2026-01-07 00:42:00
375,412,36,download_mod,2026-01-07 00:43:00
285,180,39,view_mod,2026-01-07 00:44:00
905,344,15,view_mod,2026-01-07 00:45:00
712,202,19,view_mod,2026-01-07 00:46:00
975,313,36,view_mod,2026-01-07 00:47:00
316,73,4,view_mod,2026-01-07 00:48:00
876,70,21,view_mod,2026-01-07 00:49:00
541,128,9,download_mod,2026-01-07 00:50:00
911,358,29,view_mod,2026-01-07 00:51:00
587,139,23,like_mod,2026-01-07 00:52:00
704,114,29,view_mod,2026-01-07 00:53:00
770,279,32,view_mod,2026-01-07 00:54:00
501,121,37,view_mod,2026-01-07 00:55:00
606,6,34,like_mod,2026-01-07 00:56:00
114,347,35,download_mod,2026-01-07 00:57:00
621,383,13,like_mod,2026-01-07 00:58:00
620,270,16,view_mod,2026-01-07 00:59:00
566,363,32,view_mod,2026-01-07 01:00:00
151,281,49,view_mod,2026-01-07 01:01:00
460,6,44,download_mod,2026-01-07 01:02:00
396,369,32,download_mod,2026-01-07 01:03:00
616,25,21,view_mod,2026-01-07 01:04:00
799,150,26,view_mod,2026-01-07 01:05:00
656,309,20,view_mod,2026-01-07 01:06:00
467,219,6,view_mod,2026-01-07 01:07:00
602,323,41,view_mod,2026-01-07 01:08:00
396,244,33,view_mod,2026-01-07 01:09:00
57,159,44,download_mod,2026-01-07 01:10:00
371,170,4,view_mod,2026-01-07 01:11:00
83,408,49,download_mod,2026-01-07 01:12:00
879,136,45,view_mod,2026-01-07 01:13:00
74,222,32,upload_mod,2026-01-07 01:14:00
309,210,49,download_mod,2026-01-07 01:15:00
779,161,46,view_mod,2026-01-07 01:16:00
543,467,3,view_mod,2026-01-07 01:17:00
330,326,47,view_mod,2026-01-07 01:18:00
747,88,25,download_mod,2026-01-07 01:19:00
772,312,11,view_mod,2026-01-07 01:20:00
90,92,47,view_mod,2026-01-07 01:21:00
763,45,37,download_mod,2026-01-07 01:22:00
21,147,4,view_mod,2026-01-07 01:23:00
528,81,5,like_mod,2026-01-07 01:24:00
115,116,41,view_mod,2026-01-07 01:25:00
150,143,12,upload_mod,2026-01-07 01:26:00
61,432,29,like_mod,2026-01-07 01:27:00
484,181,5,like_mod,2026-01-07 01:28:00
688,378,11,view_mod,2026-01-07 01:29:00
897,140,5,upload_mod,2026-01-07 01:30:00
167,406,33,view_mod,2026-01-07 01:31:00
596,374,49,download_mod,2026-01-07 01:32:00
926,329,7,upload_mod,2026-01-07 01:33:00
725,243,4,upload_mod,2026-01-07 01:34:00
57,387,32,view_mod,2026-01-07 01:35:00
451,327,41,like_mod,2026-01-07 01:36:00
121,454,37,download_mod,2026-01-07 01:37:00
750,293,46,upload_mod,2026-01-07 01:38:00
687,294,9,view_mod,2026-01-07 01:39:00
751,166,19,view_mod,2026-01-07 01:40:00
996,257,17,view_mod,2026-01-07 01:41:00
292,151,48,view_mod,2026-01-07 01:42:00
613,473,44,download_mod,2026-01-07 01:43:00
408,455,40,upload_mod,2026-01-07 01:44:00
604,214,38,like_mod,2026-01-07 01:45:00
233,123,8,download_mod,2026-01-07 01:46:00
355,410,4,download_mod,2026-01-07 01:47:00
216,57,2,upload_mod,2026-01-07 01:48:00
359,405,42,view_mod,2026-01-07 01:49:00
208,327,8,like_mod,2026-01-07 01:50:00
472,316,27,upload_mod,2026-01-07 01:51:00
444,250,14,view_mod,2026-01-07 01:52:00
197,282,19,upload_mod,2026-01-07 01:53:00
144,226,35,upload_mod,2026-01-07 01:54:00
207,45,6,view_mod,2026-01-07 01:55:00
977,39,42,view_mod,2026-01-07 01:56:00
237,336,34,download_mod,2026-01-07 01:57:00
129,468,19,upload_mod,2026-01-07 01:58:00
848,312,41,view_mod,2026-01-07 01:59:00
713,80,49,view_mod,2026-01-07 02:00:00
891,332,24,upload_mod,2026-01-07 02:01:00
403,120,27,view_mod,2026-01-07 02:02:00
519,336,32,download_mod,2026-01-07 02:03:00
849,392,15,upload_mod,2026-01-07 02:04:00
71,371,28,download_mod,2026-01-07 02:05:00
700,480,21,download_mod,2026-01-07 02:06:00
864,248,16,download_mod,2026-01-07 02:07:00
443,470,7,upload_mod,2026-01-07 02:08:00
585,232,41,view_mod,2026-01-07 02:09:00
362,28,31,download_mod,2026-01-07 02:10:00
569,125,39,download_mod,2026-01-07 02:11:00
733,331,26,upload_mod,2026-01-07 02:12:00
501,407,23,download_mod,2026-01-07 02:13:00
250,355,30,download_mod,2026-01-07 02:14:00
582,151,1,download_mod,2026-01-07 02:15:00
242,466,9,download_mod,2026-01-07 02:16:00
190,352,34,view_mod,2026-01-07 02:17:00
221,93,13,upload_mod,2026-01-07 02:18:00
947,301,5,view_mod,2026-01-07 02:19:00
936,79,31,view_mod,2026-01-07 02:20:00
290,220,3,view_mod,2026-01-07 02:21:00
876,457,35,view_mod,2026-01-07 02:22:00
946,149,41,view_mod,2026-01-07 02:23:00
584,422,36,download_mod,2026-01-07 02:24:00
971,211,46,view_mod,2026-01-07 02:25:00
238,408,30,download_mod,2026-01-07 02:26:00
386,340,39,view_mod,2026-01-07 02:27:00
93,60,19,like_mod,2026-01-07 02:28:00
313,142,25,upload_mod,2026-01-07 02:29:00
837,144,19,upload_mod,2026-01-07 02:30:00
264,44,3,view_mod,2026-01-07 02:31:00
648,348,44,upload_mod,2026-01-07 02:32:00
811,259,12,view_mod,2026-01-07 02:33:00
713,420,35,view_mod,2026-01-07 02:34:00
627,87,32,download_mod,2026-01-07 02:35:00
594,363,11,view_mod,2026-01-07 02:36:00
725,322,10,upload_mod,2026-01-07 02:37:00
61,36,4,download_mod,2026-01-07 02:38:00
938,355,40,download_mod,2026-01-07 02:39:00
932,333,31,download_mod,2026-01-07 02:40:00
950,211,37,download_mod,2026-01-07 02:41:00
96,202,16,view_mod,2026-01-07 02:42:00
787,9,5,download_mod,2026-01-07 02:43:00
374,256,3,view_mod,2026-01-07 02:44:00
426,493,4,view_mod,2026-01-07 02:45:00
509,406,33,view_mod,2026-01-07 02:46:00
777,150,14,download_mod,2026-01-07 02:47:00
214,1,31,download_mod,2026-01-07 02:48:00
873,17,40,view_mod,2026-01-07 02:49:00
453,274,34,upload_mod,2026-01-07 02:50:00
590,390,6,view_mod,2026-01-07 02:51:00
401,150,38,view_mod,2026-01-07 02:52:00
683,55,46,like_mod,2026-01-07 02:53:00
411,155,39,download_mod,2026-01-07 02:54:00
872,174,5,view_mod,2026-01-07 02:55:00
677,330,32,download_mod,2026-01-07 02:56:00
732,493,21,download_mod,2026-01-07 02:57:00
51,378,15,download_mod,2026-01-07 02:58:00
934,144,10,view_mod,2026-01-07 02:59:00
778,47,20,view_mod,2026-01-07 03:00:00
681,245,4,view_mod,2026-01-07 03:01:00
477,22,2,download_mod,2026-01-07 03:02:00
649,493,19,download_mod,2026-01-07 03:03:00
829,372,18,view_mod,2026-01-07 03:04:00
572,221,25,view_mod,2026-01-07 03:05:00
866,412,3,view_mod,2026-01-07 03:06:00
62,355,6,like_mod,2026-01-07 03:07:00
796,163,10,like_mod,2026-01-07 03:08:00
970,73,36,download_mod,2026-01-07 03:09:00
683,293,10,view_mod,2026-01-07 03:10:00
525,93,5,view_mod,2026-01-07 03:11:00
586,163,18,view_mod,2026-01-07 03:12:00
300,148,33,view_mod,2026-01-07 03:13:00
388,89,2,view_mod,2026-01-07 03:14:00
950,228,36,view_mod,2026-01-07 03:15:00
668,271,27,view_mod,2026-01-07 03:16:00
769,262,4,upload_mod,2026-01-07 03:17:00
681,174,36,like_mod,2026-01-07 03:18:00
187,200,43,view_mod,2026-01-07 03:19:00
580,85,6,view_mod,2026-01-07 03:20:00
570,167,49,view_mod,2026-01-07 03:21:00
283,164,41,download_mod,2026-01-07 03:22:00
215,78,39,view_mod,2026-01-07 03:23:00
237,413,4,view_mod,2026-01-07 03:24:00
969,261,16,download_mod,2026-01-07 03:25:00
825,41,37,download_mod,2026-01-07 03:26:00
489,242,33,like_mod,2026-01-07 03:27:00
13,198,37,download_mod,2026-01-07 03:28:00
663,344,34,download_mod,2026-01-07 03:29:00
922,219,22,download_mod,2026-01-07 03:30:00
846,252,49,view_mod,2026-01-07 03:31:00
98,281,4,view_mod,2026-01-07 03:32:00
954,446,19,view_mod,2026-01-07 03:33:00
329,453,23,view_mod,2026-01-07 03:34:00
416,76,23,view_mod,2026-01-07 03:35:00
243,372,42,view_mod,2026-01-07 03:36:00
190,1,42,view_mod,2026-01-07 03:37:00
512,447,43,like_mod,2026-01-07 03:38:00
618,220,2,view_mod,2026-01-07 03:39:00
832,115,17,upload_mod,2026-01-07 03:40:00
912,269,11,view_mod,2026-01-07 03:41:00
5,437,44,download_mod,2026-01-07 03:42:00
758,278,25,download_mod,2026-01-07 03:43:00
786,91,16,view_mod,2026-01-07 03:44:00
692,99,45,like_mod,2026-01-07 03:45:00
404,471,9,like_mod,2026-01-07 03:46:00
438,340,34,upload_mod,2026-01-07 03:47:00
193,17,46,view_mod,2026-01-07 03:48:00
189,192,12,download_mod,2026-01-07 03:49:00
800,427,5,upload_mod,2026-01-07 03:50:00
684,471,22,download_mod,2026-01-07 03:51:00
673,64,28,view_mod,2026-01-07 03:52:00
343,483,6,download_mod,2026-01-07 03:53:00
464,280,23,like_mod,2026-01-07 03:54:00
285,52,39,download_mod,2026-01-07 03:55:00
350,237,3,upload_mod,2026-01-07 03:56:00
272,204,9,download_mod,2026-01-07 03:57:00
930,198,41,view_mod,2026-01-07 03:58:00
529,223,27,view_mod,2026-01-07 03:59:00
195,431,30,download_mod,2026-01-07 04:00:00
974,36,28,like_mod,2026-01-07 04:01:00
355,5,41,view_mod,2026-01-07 04:02:00
550,117,39,view_mod,2026-01-07 04:03:00
33,356,12,view_mod,2026-01-07 04:04:00
306,215,42,view_mod,2026-01-07 04:05:00
505,371,38,download_mod,2026-01-07 04:06:00
787,92,11,download_mod,2026-01-07 04:07:00
686,457,41,upload_mod,2026-01-07 04:08:00
278,83,18,view_mod,2026-01-07 04:09:00
535,275,23,view_mod,2026-01-07 04:10:00
367,259,41,view_mod,2026-01-07 04:11:00
445,427,5,view_mod,2026-01-07 04:12:00
880,398,23,view_mod,2026-01-07 04:13:00
883,337,24,view_mod,2026-01-07 04:14:00
208,383,17,view_mod,2026-01-07 04:15:00
237,282,20,view_mod,2026-01-07 04:16:00
311,427,24,view_mod,2026-01-07 04:17:00
441,123,32,download_mod,2026-01-07 04:18:00
987,300,47,upload_mod,2026-01-07 04:19:00
258,473,32,download_mod,2026-01-07 04:20:00
539,331,32,view_mod,2026-01-07 04:21:00
391,15,32,download_mod,2026-01-07 04:22:00
428,379,2,view_mod,2026-01-07 04:23:00
461,177,32,view_mod,2026-01-07 04:24:00
369,361,4,view_mod,2026-01-07 04:25:00
172,134,46,view_mod,2026-01-07 04:26:00
560,166,22,view_mod,2026-01-07 04:27:00
780,171,2,view_mod,2026-01-07 04:28:00
502,319,30,download_mod,2026-01-07 04:29:00
344,412,11,view_mod,2026-01-07 04:30:00
404,203,37,view_mod,2026-01-07 04:31:00
320,328,23,like_mod,2026-01-07 04:32:00
558,159,38,view_mod,2026-01-07 04:33:00
631,491,38,download_mod,2026-01-07 04:34:00
784,159,17,view_mod,2026-01-07 04:35:00
223,398,44,view_mod,2026-01-07 04:36:00
614,157,9,download_mod,2026-01-07 04:37:00
991,313,21,upload_mod,2026-01-07 04:38:00
453,71,23,view_mod,2026-01-07 04:39:00
590,456,9,view_mod,2026-01-07 04:40:00
644,99,10,download_mod,2026-01-07 04:41:00
546,83,17,download_mod,2026-01-07 04:42:00
449,262,41,download_mod,2026-01-07 04:43:00
280,295,23,view_mod,2026-01-07 04:44:00
691,467,32,view_mod,2026-01-07 04:45:00
414,297,28,upload_mod,2026-01-07 04:46:00
401,157,29,download_mod,2026-01-07 04:47:00
182,497,28,view_mod,2026-01-07 04:48:00
355,148,38,download_mod,2026-01-07 04:49:00
37,106,22,download_mod,2026-01-07 04:50:00
372,115,4,like_mod,2026-01-07 04:51:00
124,483,42,view_mod,2026-01-07 04:52:00
756,144,16,download_mod,2026-01-07 04:53:00
799,66,16,download_mod,2026-01-07 04:54:00
57,438,31,view_mod,2026-01-07 04:55:00
245,375,17,view_mod,2026-01-07 04:56:00
261,489,18,download_mod,2026-01-07 04:57:00
382,21,15,view_mod,2026-01-07 04:58:00
234,361,39,view_mod,2026-01-07 04:59:00
324,116,10,view_mod,2026-01-07 05:00:00
685,95,22,view_mod,2026-01-07 05:01:00
983,170,15,view_mod,2026-01-07 05:02:00
655,311,28,download_mod,2026-01-07 05:03:00
381,151,8,download_mod,2026-01-07 05:04:00
314,96,31,like_mod,2026-01-07 05:05:00
963,198,19,download_mod,2026-01-07 05:06:00
461,342,25,view_mod,2026-01-07 05:07:00
649,467,48,view_mod,2026-01-07 05:08:00
174,441,27,view_mod,2026-01-07 05:09:00
284,381,27,like_mod,2026-01-07 05:10:00
151,114,31,view_mod,2026-01-07 05:11:00
43,334,19,view_mod,2026-01-07 05:12:00
263,29,42,like_mod,2026-01-07 05:13:00
27,291,25,download_mod,2026-01-07 05:14:00
987,327,26,view_mod,2026-01-07 05:15:00
574,440,40,download_mod,2026-01-07 05:16:00
771,30,33,view_mod,2026-01-07 05:17:00
219,438,18,download_mod,2026-01-07 05:18:00
281,424,17,like_mod,2026-01-07 05:19:00
868,109,16,like_mod,2026-01-07 05:20:00
629,129,4,download_mod,2026-01-07 05:21:00
78,26,41,view_mod,2026-01-07 05:22:00
199,119,31,view_mod,2026-01-07 05:23:00
432,144,21,like_mod,2026-01-07 05:24:00
872,49,35,upload_mod,2026-01-07 05:25:00
838,87,37,view_mod,2026-01-07 05:26:00
163,250,11,view_mod,2026-01-07 05:27:00
816,492,3,download_mod,2026-01-07 05:28:00
845,11,31,download_mod,2026-01-07 05:29:00
999,316,39,like_mod,2026-01-07 05:30:00
770,490,46,upload_mod,2026-01-07 05:31:00
495,225,43,view_mod,2026-01-07 05:32:00
837,57,14,view_mod,2026-01-07 05:33:00
907,207,13,download_mod,2026-01-07 05:34:00
582,315,1,download_mod,2026-01-07 05:35:00
931,22,1,like_mod,2026-01-07 05:36:00
548,91,23,download_mod,2026-01-07 05:37:00
459,431,19,view_mod,2026-01-07 05:38:00
848,166,42,upload_mod,2026-01-07 05:39:00
482,30,32,view_mod,2026-01-07 05:40:00
390,315,8,download_mod,2026-01-07 05:41:00
965,353,20,download_mod,2026-01-07 05:42:00
462,265,26,like_mod,2026-01-07 05:43:00
316,309,20,view_mod,2026-01-07 05:44:00
90,360,42,view_mod,2026-01-07 05:45:00
134,366,16,download_mod,2026-01-07 05:46:00
358,457,20,view_mod,2026-01-07 05:47:00
821,47,22,download_mod,2026-01-07 05:48:00
404,320,10,view_mod,2026-01-07 05:49:00
422,210,46,view_mod,2026-01-07 05:50:00
55,416,46,view_mod,2026-01-07 05:51:00
469,275,7,view_mod,2026-01-07 05:52:00
206,86,17,download_mod,2026-01-07 05:53:00
975,69,31,download_mod,2026-01-07 05:54:00
205,24,17,download_mod,2026-01-07 05:55:00
187,202,44,view_mod,2026-01-07 05:56:00
973,357,3,download_mod,2026-01-07 05:57:00
613,333,47,view_mod,2026-01-07 05:58:00
169,401,26,view_mod,2026-01-07 05:59:00
808,14,17,view_mod,2026-01-07 06:00:00
715,114,23,like_mod,2026-01-07 06:01:00
633,254,12,upload_mod,2026-01-07 06:02:00
564,7,8,view_mod,2026-01-07 06:03:00
453,29,43,download_mod,2026-01-07 06:04:00
986,286,38,view_mod,2026-01-07 06:05:00
71,443,44,like_mod,2026-01-07 06:06:00
951,298,4,download_mod,2026-01-07 06:07:00
800,50,1,download_mod,2026-01-07 06:08:00
984,244,26,view_mod,2026-01-07 06:09:00
78,250,3,download_mod,2026-01-07 06:10:00
824,344,8,view_mod,2026-01-07 06:11:00
276,217,13,download_mod,2026-01-07 06:12:00
13,133,1,view_mod,2026-01-07 06:13:00
668,456,35,view_mod,2026-01-07 06:14:00
276,394,18,view_mod,2026-01-07 06:15:00
919,145,39,download_mod,2026-01-07 06:16:00
609,382,49,like_mod,2026-01-07 06:17:00
113,352,37,view_mod,2026-01-07 06:18:00
847,227,37,download_mod,2026-01-07 06:19:00
550,82,4,download_mod,2026-01-07 06:20:00
332,435,28,download_mod,2026-01-07 06:21:00
34,473,26,download_mod,2026-01-07 06:22:00
504,143,16,download_mod,2026-01-07 06:23:00
198,432,5,view_mod,2026-01-07 06:24:00
730,17,30,upload_mod,2026-01-07 06:25:00
220,471,19,download_mod,2026-01-07 06:26:00
697,355,19,view_mod,2026-01-07 06:27:00
794,463,20,view_mod,2026-01-07 06:28:00
191,435,12,view_mod,2026-01-07 06:29:00
174,206,45,view_mod,2026-01-07 06:30:00
899,158,10,download_mod,2026-01-07 06:31:00
993,41,43,download_mod,2026-01-07 06:32:00
985,290,48,view_mod,2026-01-07 06:33:00
363,486,3,view_mod,2026-01-07 06:34:00
72,40,4,view_mod,2026-01-07 06:35:00
226,34,22,view_mod,2026-01-07 06:36:00
922,22,27,view_mod,2026-01-07 06:37:00
185,389,40,download_mod,2026-01-07 06:38:00
745,132,25,view_mod,2026-01-07 06:39:00
994,428,8,view_mod,2026-01-07 06:40:00
67,402,27,download_mod,2026-01-07 06:41:00
615,391,44,download_mod,2026-01-07 06:42:00
221,421,19,upload_mod,2026-01-07 06:43:00
520,254,11,view_mod,2026-01-07 06:44:00
612,463,40,download_mod,2026-01-07 06:45:00
424,194,5,download_mod,2026-01-07 06:46:00
646,449,25,like_mod,2026-01-07 06:47:00
918,383,35,download_mod,2026-01-07 06:48:00
880,66,4,download_mod,2026-01-07 06:49:00
189,402,45,download_mod,2026-01-07 06:50:00
678,382,42,view_mod,2026-01-07 06:51:00
566,496,39,like_mod,2026-01-07 06:52:00
521,222,5,view_mod,2026-01-07 06:53:00
513,49,42,download_mod,2026-01-07 06:54:00
897,130,19,view_mod,2026-01-07 06:55:00
168,470,6,download_mod,2026-01-07 06:56:00
730,421,25,like_mod,2026-01-07 06:57:00
375,79,32,view_mod,2026-01-07 06:58:00
324,386,47,view_mod,2026-01-07 06:59:00
894,158,26,view_mod,2026-01-07 07:00:00
209,363,31,download_mod,2026-01-07 07:01:00
177,70,11,download_mod,2026-01-07 07:02:00
66,53,47,view_mod,2026-01-07 07:03:00
622,104,34,download_mod,2026-01-07 07:04:00
203,251,43,like_mod,2026-01-07 07:05:00
376,298,7,upload_mod,2026-01-07 07:06:00
801,470,39,view_mod,2026-01-07 07:07:00
355,320,45,like_mod,2026-01-07 07:08:00
851,185,44,view_mod,2026-01-07 07:09:00
825,71,1,upload_mod,2026-01-07 07:10:00
236,433,24,upload_mod,2026-01-07 07:11:00
308,102,13,view_mod,2026-01-07 07:12:00
384,477,20,view_mod,2026-01-07 07:13:00
2,253,49,download_mod,2026-01-07 07:14:00
86,481,47,view_mod,2026-01-07 07:15:00
636,480,3,upload_mod,2026-01-07 07:16:00
972,339,32,download_mod,2026-01-07 07:17:00
200,290,17,upload_mod,2026-01-07 07:18:00
447,389,21,download_mod,2026-01-07 07:19:00
563,477,23,download_mod,2026-01-07 07:20:00
57,392,5,view_mod,2026-01-07 07:21:00
835,388,10,view_mod,2026-01-07 07:22:00
685,340,18,download_mod,2026-01-07 07:23:00
565,11,30,view_mod,2026-01-07 07:24:00
165,21,47,download_mod,2026-01-07 07:25:00
338,420,26,view_mod,2026-01-07 07:26:00
936,476,13,view_mod,2026-01-07 07:27:00
673,218,32,download_mod,2026-01-07 07:28:00
521,64,49,view_mod,2026-01-07 07:29:00
309,210,31,download_mod,2026-01-07 07:30:00
523,145,6,view_mod,2026-01-07 07:31:00
362,176,47,like_mod,2026-01-07 07:32:00
655,260,42,download_mod,2026-01-07 07:33:00
525,93,22,like_mod,2026-01-07 07:34:00
365,22,6,download_mod,2026-01-07 07:35:00
52,96,38,download_mod,2026-01-07 07:36:00
835,448,16,view_mod,2026-01-07 07:37:00
194,309,29,download_mod,2026-01-07 07:38:00
977,64,16,view_mod,2026-01-07 07:39:00
807,167,47,view_mod,2026-01-07 07:40:00
176,375,43,view_mod,2026-01-07 07:41:00
670,125,12,view_mod,2026-01-07 07:42:00
148,491,37,download_mod,2026-01-07 07:43:00
222,327,44,download_mod,2026-01-07 07:44:00
344,5,16,view_mod,2026-01-07 07:45:00
709,373,8,download_mod,2026-01-07 07:46:00
470,461,34,download_mod,2026-01-07 07:47:00
57,280,18,upload_mod,2026-01-07 07:48:00
31,61,8,download_mod,2026-01-07 07:49:00
420,12,22,view_mod,2026-01-07 07:50:00
771,171,47,download_mod,2026-01-07 07:51:00
975,141,38,upload_mod,2026-01-07 07:52:00
85,8,47,view_mod,2026-01-07 07:53:00
144,381,26,view_mod,2026-01-07 07:54:00
294,388,11,view_mod,2026-01-07 07:55:00
249,80,46,download_mod,2026-01-07 07:56:00
150,18,20,upload_mod,2026-01-07 07:57:00
22,100,33,view_mod,2026-01-07 07:58:00
640,100,40,view_mod,2026-01-07 07:59:00
897,200,20,view_mod,2026-01-07 08:00:00
276,319,22,view_mod,2026-01-07 08:01:00
339,480,3,view_mod,2026-01-07 08:02:00
216,90,17,like_mod,2026-01-07 08:03:00
317,421,30,view_mod,2026-01-07 08:04:00
574,135,44,download_mod,2026-01-07 08:05:00
309,203,12,download_mod,2026-01-07 08:06:00
912,447,24,view_mod,2026-01-07 08:07:00
971,389,26,view_mod,2026-01-07 08:08:00
461,217,41,view_mod,2026-01-07 08:09:00
373,479,25,download_mod,2026-01-07 08:10:00
441,272,49,view_mod,2026-01-07 08:11:00
817,182,41,download_mod,2026-01-07 08:12:00
15,34,40,view_mod,2026-01-07 08:13:00
849,325,33,view_mod,2026-01-07 08:14:00
554,1,42,view_mod,2026-01-07 08:15:00
166,495,26,download_mod,2026-01-07 08:16:00
127,411,46,upload_mod,2026-01-07 08:17:00
510,425,12,download_mod,2026-01-07 08:18:00
702,29,4,view_mod,2026-01-07 08:19:00
449,101,8,like_mod,2026-01-07 08:20:00
775,489,44,view_mod,2026-01-07 08:21:00
358,19,4,download_mod,2026-01-07 08:22:00
402,44,16,view_mod,2026-01-07 08:23:00
466,125,36,upload_mod,2026-01-07 08:24:00
300,422,13,like_mod,2026-01-07 08:25:00
523,389,22,download_mod,2026-01-07 08:26:00
594,343,11,view_mod,2026-01-07 08:27:00
851,175,43,view_mod,2026-01-07 08:28:00
925,159,8,upload_mod,2026-01-07 08:29:00
525,431,22,like_mod,2026-01-07 08:30:00
48,22,37,upload_mod,2026-01-07 08:31:00
772,438,36,view_mod,2026-01-07 08:32:00
165,368,2,view_mod,2026-01-07 08:33:00
920,171,13,view_mod,2026-01-07 08:34:00
211,389,38,view_mod,2026-01-07 08:35:00
29,103,1,view_mod,2026-01-07 08:36:00
392,287,27,like_mod,2026-01-07 08:37:00
995,407,47,view_mod,2026-01-07 08:38:00
876,383,42,like_mod,2026-01-07 08:39:00
633,110,28,view_mod,2026-01-07 08:40:00
902,41,36,view_mod,2026-01-07 08:41:00
50,184,42,view_mod,2026-01-07 08:42:00
373,209,1,download_mod,2026-01-07 08:43:00
293,309,26,view_mod,2026-01-07 08:44:00
763,245,45,download_mod,2026-01-07 08:45:00
413,320,29,upload_mod,2026-01-07 08:46:00
154,336,30,view_mod,2026-01-07 08:47:00
644,240,40,download_mod,2026-01-07 08:48:00
291,337,43,view_mod,2026-01-07 08:49:00
742,444,32,download_mod,2026-01-07 08:50:00
976,179,4,upload_mod,2026-01-07 08:51:00
375,183,11,like_mod,2026-01-07 08:52:00
667,387,11,view_mod,2026-01-07 08:53:00
165,257,13,view_mod,2026-01-07 08:54:00
614,95,12,download_mod,2026-01-07 08:55:00
698,473,15,like_mod,2026-01-07 08:56:00
627,486,28,view_mod,2026-01-07 08:57:00
515,404,30,download_mod,2026-01-07 08:58:00
59,309,30,view_mod,2026-01-07 08:59:00
263,451,2,view_mod,2026-01-07 09:00:00
324,376,6,download_mod,2026-01-07 09:01:00
953,482,15,view_mod,2026-01-07 09:02:00
370,200,19,download_mod,2026-01-07 09:03:00
770,227,24,view_mod,2026-01-07 09:04:00
758,434,18,view_mod,2026-01-07 09:05:00
192,468,11,download_mod,2026-01-07 09:06:00
499,251,3,download_mod,2026-01-07 09:07:00
601,238,29,view_mod,2026-01-07 09:08:00
443,329,4,download_mod,2026-01-07 09:09:00
556,258,48,download_mod,2026-01-07 09:10:00
593,353,7,like_mod,2026-01-07 09:11:00
995,2,47,upload_mod,2026-01-07 09:12:00
631,388,45,view_mod,2026-01-07 09:13:00
46,44,1,like_mod,2026-01-07 09:14:00
332,198,30,view_mod,2026-01-07 09:15:00
555,308,34,view_mod,2026-01-07 09:16:00
556,202,16,view_mod,2026-01-07 09:17:00
281,83,43,upload_mod,2026-01-07 09:18:00
85,424,5,like_mod,2026-01-07 09:19:00
781,250,34,view_mod,2026-01-07 09:20:00
266,265,3,like_mod,2026-01-07 09:21:00
103,241,44,view_mod,2026-01-07 09:22:00
934,215,37,view_mod,2026-01-07 09:23:00
693,269,27,view_mod,2026-01-07 09:24:00
937,302,45,download_mod,2026-01-07 09:25:00
837,164,41,view_mod,2026-01-07 09:26:00
397,297,38,view_mod,2026-01-07 09:27:00
690,421,21,like_mod,2026-01-07 09:28:00
378,325,46,view_mod,2026-01-07 09:29:00
594,55,34,view_mod,2026-01-07 09:30:00
946,106,33,download_mod,2026-01-07 09:31:00
840,45,2,upload_mod,2026-01-07 09:32:00
53,430,26,download_mod,2026-01-07 09:33:00
617,493,32,like_mod,2026-01-07 09:34:00
682,421,8,view_mod,2026-01-07 09:35:00
133,404,48,view_mod,2026-01-07 09:36:00
281,264,46,view_mod,2026-01-07 09:37:00
575,188,2,download_mod,2026-01-07 09:38:00
152,311,24,view_mod,2026-01-07 09:39:00
37,302,23,view_mod,2026-01-07 09:40:00
141,169,43,download_mod,2026-01-07 09:41:00
304,178,13,view_mod,2026-01-07 09:42:00
947,301,48,view_mod,2026-01-07 09:43:00
442,286,39,like_mod,2026-01-07 09:44:00
955,197,41,download_mod,2026-01-07 09:45:00
895,261,31,view_mod,2026-01-07 09:46:00
500,81,49,view_mod,2026-01-07 09:47:00
624,116,49,view_mod,2026-01-07 09:48:00
770,65,29,view_mod,2026-01-07 09:49:00
449,20,16,view_mod,2026-01-07 09:50:00
737,416,13,view_mod,2026-01-07 09:51:00
557,438,12,like_mod,2026-01-07 09:52:00
587,460,21,view_mod,2026-01-07 09:53:00
136,5,37,download_mod,2026-01-07 09:54:00
682,45,49,view_mod,2026-01-07 09:55:00
789,80,47,download_mod,2026-01-07 09:56:00
365,448,34,view_mod,2026-01-07 09:57:00
440,6,10,like_mod,2026-01-07 09:58:00
599,416,40,view_mod,2026-01-07 09:59:00
844,195,12,view_mod,2026-01-07 10:00:00
952,282,11,view_mod,2026-01-07 10:01:00
291,217,43,upload_mod,2026-01-07 10:02:00
177,428,23,download_mod,2026-01-07 10:03:00
1,105,17,view_mod,2026-01-07 10:04:00
83,74,37,download_mod,2026-01-07 10:05:00
729,493,15,view_mod,2026-01-07 10:06:00
354,383,2,download_mod,2026-01-07 10:07:00
165,52,9,download_mod,2026-01-07 10:08:00
119,459,33,view_mod,2026-01-07 10:09:00
210,18,37,download_mod,2026-01-07 10:10:00
285,256,10,download_mod,2026-01-07 10:11:00
257,341,46,download_mod,2026-01-07 10:12:00
162,443,17,view_mod,2026-01-07 10:13:00
203,72,35,like_mod,2026-01-07 10:14:00
599,94,18,view_mod,2026-01-07 10:15:00
453,304,35,download_mod,2026-01-07 10:16:00
955,60,5,view_mod,2026-01-07 10:17:00
193,249,29,view_mod,2026-01-07 10:18:00
224,348,21,like_mod,2026-01-07 10:19:00
143,479,30,view_mod,2026-01-07 10:20:00
465,316,49,view_mod,2026-01-07 10:21:00
690,64,39,view_mod,2026-01-07 10:22:00
311,328,35,download_mod,2026-01-07 10:23:00
537,353,37,download_mod,2026-01-07 10:24:00
720,329,45,download_mod,2026-01-07 10:25:00
478,152,42,view_mod,2026-01-07 10:26:00
869,147,38,view_mod,2026-01-07 10:27:00
549,442,40,view_mod,2026-01-07 10:28:00
386,146,33,view_mod,2026-01-07 10:29:00
239,121,39,view_mod,2026-01-07 10:30:00
835,392,19,download_mod,2026-01-07 10:31:00
194,170,10,view_mod,2026-01-07 10:32:00
470,110,18,view_mod,2026-01-07 10:33:00
644,429,36,download_mod,2026-01-07 10:34:00
672,173,45,download_mod,2026-01-07 10:35:00
594,201,16,view_mod,2026-01-07 10:36:00
172,429,1,view_mod,2026-01-07 10:37:00
685,209,46,download_mod,2026-01-07 10:38:00
175,46,29,upload_mod,2026-01-07 10:39:00
850,466,45,upload_mod,2026-01-07 10:40:00
297,460,41,download_mod,2026-01-07 10:41:00
682,358,33,view_mod,2026-01-07 10:42:00
450,445,48,download_mod,2026-01-07 10:43:00
417,215,46,download_mod,2026-01-07 10:44:00
610,487,47,download_mod,2026-01-07 10:45:00
238,189,44,view_mod,2026-01-07 10:46:00
169,217,11,view_mod,2026-01-07 10:47:00
619,273,20,download_mod,2026-01-07 10:48:00
225,486,27,view_mod,2026-01-07 10:49:00
138,20,43,like_mod,2026-01-07 10:50:00
741,252,3,view_mod,2026-01-07 10:51:00
111,40,36,download_mod,2026-01-07 10:52:00
919,47,25,upload_mod,2026-01-07 10:53:00
254,173,49,view_mod,2026-01-07 10:54:00
336,378,30,download_mod,2026-01-07 10:55:00
129,40,16,view_mod,2026-01-07 10:56:00
243,294,43,download_mod,2026-01-07 10:57:00
156,187,23,download_mod,2026-01-07 10:58:00
204,469,46,download_mod,2026-01-07 10:59:00
9,279,40,download_mod,2026-01-07 11:00:00
650,395,37,download_mod,2026-01-07 11:01:00
916,334,47,like_mod,2026-01-07 11:02:00
776,144,18,download_mod,2026-01-07 11:03:00
24,448,45,view_mod,2026-01-07 11:04:00
664,200,6,download_mod,2026-01-07 11:05:00
4,30,6,view_mod,2026-01-07 11:06:00
738,498,27,view_mod,2026-01-07 11:07:00
254,412,16,view_mod,2026-01-07 11:08:00
270,93,18,download_mod,2026-01-07 11:09:00
634,479,18,download_mod,2026-01-07 11:10:00
316,350,20,like_mod,2026-01-07 11:11:00
887,374,49,view_mod,2026-01-07 11:12:00
236,267,49,view_mod,2026-01-07 11:13:00
94,438,38,like_mod,2026-01-07 11:14:00
256,152,34,view_mod,2026-01-07 11:15:00
859,116,33,download_mod,2026-01-07 11:16:00
95,213,4,download_mod,2026-01-07 11:17:00
990,37,30,like_mod,2026-01-07 11:18:00
52,294,20,view_mod,2026-01-07 11:19:00
974,273,16,download_mod,2026-01-07 11:20:00
828,45,31,download_mod,2026-01-07 11:21:00
939,492,2,view_mod,2026-01-07 11:22:00
859,36,18,view_mod,2026-01-07 11:23:00
900,197,39,view_mod,2026-01-07 11:24:00
725,42,16,download_mod,2026-01-07 11:25:00
85,169,5,like_mod,2026-01-07 11:26:00
934,470,30,view_mod,2026-01-07 11:27:00
903,388,35,view_mod,2026-01-07 11:28:00
892,2,13,view_mod,2026-01-07 11:29:00
680,40,2,download_mod,2026-01-07 11:30:00
817,111,36,download_mod,2026-01-07 11:31:00
41,438,34,upload_mod,2026-01-07 11:32:00
580,220,45,view_mod,2026-01-07 11:33:00
970,288,43,download_mod,2026-01-07 11:34:00
827,376,14,view_mod,2026-01-07 11:35:00
625,477,21,download_mod,2026-01-07 11:36:00
680,443,47,upload_mod,2026-01-07 11:37:00
947,391,44,view_mod,2026-01-07 11:38:00
892,16,48,view_mod,2026-01-07 11:39:00
431,497,47,download_mod,2026-01-07 11:40:00
317,342,35,view_mod,2026-01-07 11:41:00
180,14,31,view_mod,2026-01-07 11:42:00
189,347,11,upload_mod,2026-01-07 11:43:00
638,493,49,view_mod,2026-01-07 11:44:00
234,375,22,download_mod,2026-01-07 11:45:00
702,411,36,view_mod,2026-01-07 11:46:00
960,84,4,view_mod,2026-01-07 11:47:00
309,294,32,download_mod,2026-01-07 11:48:00
295,341,21,upload_mod,2026-01-07 11:49:00
670,195,47,download_mod,2026-01-07 11:50:00
637,212,18,upload_mod,2026-01-07 11:51:00
515,494,22,view_mod,2026-01-07 11:52:00
269,275,26,view_mod,2026-01-07 11:53:00
118,498,29,like_mod,2026-01-07 11:54:00
218,21,33,view_mod,2026-01-07 11:55:00
270,78,49,view_mod,2026-01-07 11:56:00
88,429,12,view_mod,2026-01-07 11:57:00
480,261,20,view_mod,2026-01-07 11:58:00
522,304,11,download_mod,2026-01-07 11:59:00
179,356,44,view_mod,2026-01-07 12:00:00
693,252,23,view_mod,2026-01-07 12:01:00
860,208,18,upload_mod,2026-01-07 12:02:00
461,198,15,like_mod,2026-01-07 12:03:00
2,212,29,view_mod,2026-01-07 12:04:00
695,62,1,view_mod,2026-01-07 12:05:00
248,213,23,view_mod,2026-01-07 12:06:00
754,49,1,view_mod,2026-01-07 12:07:00
390,107,24,download_mod,2026-01-07 12:08:00
15,397,6,download_mod,2026-01-07 12:09:00
989,16,15,view_mod,2026-01-07 12:10:00
306,135,14,download_mod,2026-01-07 12:11:00
191,334,40,download_mod,2026-01-07 12:12:00
56,375,3,view_mod,2026-01-07 12:13:00
144,425,42,download_mod,2026-01-07 12:14:00
190,288,18,download_mod,2026-01-07 12:15:00
427,75,16,view_mod,2026-01-07 12:16:00
220,250,27,like_mod,2026-01-07 12:17:00
953,454,24,view_mod,2026-01-07 12:18:00
259,388,12,view_mod,2026-01-07 12:19:00
476,494,26,view_mod,2026-01-07 12:20:00
1,137,6,view_mod,2026-01-07 12:21:00
797,282,26,view_mod,2026-01-07 12:22:00
227,168,40,upload_mod,2026-01-07 12:23:00
502,312,40,download_mod,2026-01-07 12:24:00
641,363,17,view_mod,2026-01-07 12:25:00
994,137,28,view_mod,2026-01-07 12:26:00
150,202,35,like_mod,2026-01-07 12:27:00
605,38,43,download_mod,2026-01-07 12:28:00
45,240,40,download_mod,2026-01-07 12:29:00
694,16,12,view_mod,2026-01-07 12:30:00
89,166,33,view_mod,2026-01-07 12:31:00
237,182,12,view_mod,2026-01-07 12:32:00
100,248,3,view_mod,2026-01-07 12:33:00
9,393,3,view_mod,2026-01-07 12:34:00
366,391,23,download_mod,2026-01-07 12:35:00
232,57,25,upload_mod,2026-01-07 12:36:00
500,341,25,view_mod,2026-01-07 12:37:00
10,479,26,view_mod,2026-01-07 12:38:00
484,373,16,download_mod,2026-01-07 12:39:00
511,347,16,download_mod,2026-01-07 12:40:00
77,59,17,view_mod,2026-01-07 12:41:00
420,109,27,download_mod,2026-01-07 12:42:00
791,359,5,view_mod,2026-01-07 12:43:00
403,371,7,like_mod,2026-01-07 12:44:00
85,270,5,view_mod,2026-01-07 12:45:00
925,373,1,view_mod,2026-01-07 12:46:00
35,459,48,view_mod,2026-01-07 12:47:00
943,226,23,download_mod,2026-01-07 12:48:00
729,446,10,view_mod,2026-01-07 12:49:00
402,121,44,view_mod,2026-01-07 12:50:00
776,32,30,view_mod,2026-01-07 12:51:00
803,188,13,view_mod,2026-01-07 12:52:00
661,321,36,download_mod,2026-01-07 12:53:00
486,355,21,view_mod,2026-01-07 12:54:00
109,281,27,view_mod,2026-01-07 12:55:00
26,159,3,view_mod,2026-01-07 12:56:00
594,450,43,upload_mod,2026-01-07 12:57:00
158,158,15,view_mod,2026-01-07 12:58:00
314,330,47,view_mod,2026-01-07 12:59:00
36,454,40,view_mod,2026-01-07 13:00:00
797,188,27,download_mod,2026-01-07 13:01:00
616,152,27,upload_mod,2026-01-07 13:02:00
761,110,48,download_mod,2026-01-07 13:03:00
506,85,3,view_mod,2026-01-07 13:04:00
728,203,15,view_mod,2026-01-07 13:05:00
932,108,28,like_mod,2026-01-07 13:06:00
455,275,19,download_mod,2026-01-07 13:07:00
161,413,43,view_mod,2026-01-07 13:08:00
923,215,25,like_mod,2026-01-07 13:09:00
663,179,24,view_mod,2026-01-07 13:10:00
519,333,10,download_mod,2026-01-07 13:11:00
486,169,1,like_mod,2026-01-07 13:12:00
750,479,4,view_mod,2026-01-07 13:13:00
528,143,37,view_mod,2026-01-07 13:14:00
234,293,2,download_mod,2026-01-07 13:15:00
232,360,43,view_mod,2026-01-07 13:16:00
403,388,42,download_mod,2026-01-07 13:17:00
95,482,47,like_mod,2026-01-07 13:18:00
826,256,35,upload_mod,2026-01-07 13:19:00
888,39,9,download_mod,2026-01-07 13:20:00
435,98,11,download_mod,2026-01-07 13:21:00
258,75,47,view_mod,2026-01-07 13:22:00
675,10,29,view_mod,2026-01-07 13:23:00
819,406,49,view_mod,2026-01-07 13:24:00
463,137,34,view_mod,2026-01-07 13:25:00
974,309,13,view_mod,2026-01-07 13:26:00
933,197,49,like_mod,2026-01-07 13:27:00
896,42,41,like_mod,2026-01-07 13:28:00
568,467,24,view_mod,2026-01-07 13:29:00
387,5,20,upload_mod,2026-01-07 13:30:00
193,348,41,view_mod,2026-01-07 13:31:00
638,325,6,download_mod,2026-01-07 13:32:00
658,467,33,view_mod,2026-01-07 13:33:00
4,461,7,view_mod,2026-01-07 13:34:00
40,199,3,download_mod,2026-01-07 13:35:00
697,297,31,view_mod,2026-01-07 13:36:00
923,77,47,view_mod,2026-01-07 13:37:00
374,189,13,upload_mod,2026-01-07 13:38:00
204,250,43,like_mod,2026-01-07 13:39:00
33,13,30,download_mod,2026-01-07 13:40:00
343,296,21,view_mod,2026-01-07 13:41:00
342,387,47,download_mod,2026-01-07 13:42:00
703,151,11,download_mod,2026-01-07 13:43:00
870,103,10,upload_mod,2026-01-07 13:44:00
718,282,39,view_mod,2026-01-07 13:45:00
217,462,15,view_mod,2026-01-07 13:46:00
203,378,5,view_mod,2026-01-07 13:47:00
413,163,35,view_mod,2026-01-07 13:48:00
611,386,23,download_mod,2026-01-07 13:49:00
264,100,35,view_mod,2026-01-07 13:50:00
900,277,4,view_mod,2026-01-07 13:51:00
392,173,9,view_mod,2026-01-07 13:52:00
747,395,10,download_mod,2026-01-07 13:53:00
333,71,16,download_mod,2026-01-07 13:54:00
132,415,27,upload_mod,2026-01-07 13:55:00
331,277,6,view_mod,2026-01-07 13:56:00
330,230,27,view_mod,2026-01-07 13:57:00
342,467,45,download_mod,2026-01-07 13:58:00
574,202,34,view_mod,2026-01-07 13:59:00
379,174,7,upload_mod,2026-01-07 14:00:00
934,352,10,download_mod,2026-01-07 14:01:00
165,474,25,view_mod,2026-01-07 14:02:00
233,167,19,like_mod,2026-01-07 14:03:00
40,182,24,download_mod,2026-01-07 14:04:00
61,401,15,view_mod,2026-01-07 14:05:00
256,48,27,view_mod,2026-01-07 14:06:00
522,348,45,upload_mod,2026-01-07 14:07:00
94,471,19,download_mod,2026-01-07 14:08:00
486,132,29,view_mod,2026-01-07 14:09:00
355,119,32,view_mod,2026-01-07 14:10:00
258,79,13,download_mod,2026-01-07 14:11:00
4,84,17,view_mod,2026-01-07 14:12:00
67,423,46,view_mod,2026-01-07 14:13:00
978,334,8,view_mod,2026-01-07 14:14:00
973,222,47,view_mod,2026-01-07 14:15:00
197,360,16,upload_mod,2026-01-07 14:16:00
650,450,3,view_mod,2026-01-07 14:17:00
384,67,2,view_mod,2026-01-07 14:18:00
677,163,30,view_mod,2026-01-07 14:19:00
276,247,48,upload_mod,2026-01-07 14:20:00
57,455,16,download_mod,2026-01-07 14:21:00
899,432,13,view_mod,2026-01-07 14:22:00
705,124,7,download_mod,2026-01-07 14:23:00
696,334,32,download_mod,2026-01-07 14:24:00
849,497,11,view_mod,2026-01-07 14:25:00
658,402,23,download_mod,2026-01-07 14:26:00
759,245,18,like_mod,2026-01-07 14:27:00
153,38,23,view_mod,2026-01-07 14:28:00
475,212,23,download_mod,2026-01-07 14:29:00
248,219,25,view_mod,2026-01-07 14:30:00
934,357,46,like_mod,2026-01-07 14:31:00
231,361,18,download_mod,2026-01-07 14:32:00
579,391,30,view_mod,2026-01-07 14:33:00
888,416,9,upload_mod,2026-01-07 14:34:00
809,41,29,view_mod,2026-01-07 14:35:00
24,260,38,view_mod,2026-01-07 14:36:00
57,21,24,upload_mod,2026-01-07 14:37:00
580,90,34,view_mod,2026-01-07 14:38:00
849,273,15,view_mod,2026-01-07 14:39:00
125,84,29,download_mod,2026-01-07 14:40:00
481,326,46,download_mod,2026-01-07 14:41:00
820,195,1,view_mod,2026-01-07 14:42:00
528,219,28,download_mod,2026-01-07 14:43:00
978,346,49,download_mod,2026-01-07 14:44:00
347,159,39,like_mod,2026-01-07 14:45:00
176,463,45,view_mod,2026-01-07 14:46:00
643,366,3,view_mod,2026-01-07 14:47:00
882,305,16,view_mod,2026-01-07 14:48:00
982,191,26,view_mod,2026-01-07 14:49:00
793,193,7,view_mod,2026-01-07 14:50:00
532,283,31,view_mod,2026-01-07 14:51:00
37,319,21,download_mod,2026-01-07 14:52:00
984,21,47,view_mod,2026-01-07 14:53:00
180,161,15,like_mod,2026-01-07 14:54:00
369,245,48,like_mod,2026-01-07 14:55:00
206,234,2,download_mod,2026-01-07 14:56:00
117,45,21,like_mod,2026-01-07 14:57:00
916,66,46,view_mod,2026-01-07 14:58:00
559,166,33,view_mod,2026-01-07 14:59:00
251,269,21,view_mod,2026-01-07 15:00:00
44,467,33,upload_mod,2026-01-07 15:01:00
833,393,29,download_mod,2026-01-07 15:02:00
469,235,36,download_mod,2026-01-07 15:03:00
485,453,37,view_mod,2026-01-07 15:04:00
524,261,25,download_mod,2026-01-07 15:05:00
813,194,9,download_mod,2026-01-07 15:06:00
906,210,1,view_mod,2026-01-07 15:07:00
996,454,39,view_mod,2026-01-07 15:08:00
986,480,12,download_mod,2026-01-07 15:09:00
685,269,17,view_mod,2026-01-07 15:10:00
178,339,13,view_mod,2026-01-07 15:11:00
398,188,22,upload_mod,2026-01-07 15:12:00
639,190,37,view_mod,2026-01-07 15:13:00
967,392,44,view_mod,2026-01-07 15:14:00
350,297,29,download_mod,2026-01-07 15:15:00
726,444,45,view_mod,2026-01-07 15:16:00
950,133,43,view_mod,2026-01-07 15:17:00
179,363,19,view_mod,2026-01-07 15:18:00
704,454,22,like_mod,2026-01-07 15:19:00
295,157,49,view_mod,2026-01-07 15:20:00
522,307,36,download_mod,2026-01-07 15:21:00
868,471,18,download_mod,2026-01-07 15:22:00
709,35,49,download_mod,2026-01-07 15:23:00
185,71,6,like_mod,2026-01-07 15:24:00
259,342,22,view_mod,2026-01-07 15:25:00
479,123,23,view_mod,2026-01-07 15:26:00
526,374,26,download_mod,2026-01-07 15:27:00
566,324,25,view_mod,2026-01-07 15:28:00
145,51,5,download_mod,2026-01-07 15:29:00
325,272,27,view_mod,2026-01-07 15:30:00
21,150,18,download_mod,2026-01-07 15:31:00
376,417,6,download_mod,2026-01-07 15:32:00
244,453,35,upload_mod,2026-01-07 15:33:00
441,385,16,view_mod,2026-01-07 15:34:00
304,235,22,view_mod,2026-01-07 15:35:00
784,434,38,upload_mod,2026-01-07 15:36:00
709,272,12,view_mod,2026-01-07 15:37:00
663,252,21,like_mod,2026-01-07 15:38:00
847,301,24,download_mod,2026-01-07 15:39:00
16,108,16,upload_mod,2026-01-07 15:40:00
56,337,35,view_mod,2026-01-07 15:41:00
543,249,29,like_mod,2026-01-07 15:42:00
837,160,4,download_mod,2026-01-07 15:43:00
48,389,16,download_mod,2026-01-07 15:44:00
647,434,49,download_mod,2026-01-07 15:45:00
853,271,9,view_mod,2026-01-07 15:46:00
701,188,25,download_mod,2026-01-07 15:47:00
18,464,36,view_mod,2026-01-07 15:48:00
674,143,4,like_mod,2026-01-07 15:49:00
44,368,48,download_mod,2026-01-07 15:50:00
367,36,45,download_mod,2026-01-07 15:51:00
59,193,21,upload_mod,2026-01-07 15:52:00
872,167,21,like_mod,2026-01-07 15:53:00
528,266,24,view_mod,2026-01-07 15:54:00
873,201,44,download_mod,2026-01-07 15:55:00
383,324,27,download_mod,2026-01-07 15:56:00
86,81,14,view_mod,2026-01-07 15:57:00
603,256,39,view_mod,2026-01-07 15:58:00
208,378,49,view_mod,2026-01-07 15:59:00
195,201,26,download_mod,2026-01-07 16:00:00
683,72,30,upload_mod,2026-01-07 16:01:00
598,186,6,view_mod,2026-01-07 16:02:00
713,125,48,upload_mod,2026-01-07 16:03:00
558,428,43,view_mod,2026-01-07 16:04:00
727,139,14,download_mod,2026-01-07 16:05:00
367,461,35,download_mod,2026-01-07 16:06:00
63,335,10,upload_mod,2026-01-07 16:07:00
280,474,31,upload_mod,2026-01-07 16:08:00
10,422,39,view_mod,2026-01-07 16:09:00
221,424,46,download_mod,2026-01-07 16:10:00
254,187,26,upload_mod,2026-01-07 16:11:00
117,369,48,view_mod,2026-01-07 16:12:00
678,37,18,download_mod,2026-01-07 16:13:00
537,118,36,view_mod,2026-01-07 16:14:00
568,450,42,upload_mod,2026-01-07 16:15:00
580,414,45,view_mod,2026-01-07 16:16:00
958,200,3,view_mod,2026-01-07 16:17:00
893,230,1,like_mod,2026-01-07 16:18:00
96,291,26,like_mod,2026-01-07 16:19:00
820,53,29,view_mod,2026-01-07 16:20:00
488,494,27,view_mod,2026-01-07 16:21:00
816,353,32,view_mod,2026-01-07 16:22:00
567,420,8,upload_mod,2026-01-07 16:23:00
868,292,45,download_mod,2026-01-07 16:24:00
689,393,3,view_mod,2026-01-07 16:25:00
589,77,45,view_mod,2026-01-07 16:26:00
527,357,49,view_mod,2026-01-07 16:27:00
301,315,35,view_mod,2026-01-07 16:28:00
521,255,12,upload_mod,2026-01-07 16:29:00
12,135,23,view_mod,2026-01-07 16:30:00
924,284,34,view_mod,2026-01-07 16:31:00
801,62,25,download_mod,2026-01-07 16:32:00
365,481,21,view_mod,2026-01-07 16:33:00
235,375,9,like_mod,2026-01-07 16:34:00
258,427,12,upload_mod,2026-01-07 16:35:00
511,91,4,view_mod,2026-01-07 16:36:00
503,125,9,view_mod,2026-01-07 16:37:00
577,410,2,view_mod,2026-01-07 16:38:00
455,145,48,view_mod,2026-01-07 16:39:00
57,17,6,view_mod,2026-01-07 16:40:00
558,218,24,upload_mod,2026-01-07 16:41:00
452,254,30,view_mod,2026-01-07 16:42:00
281,333,25,view_mod,2026-01-07 16:43:00
37,168,14,view_mod,2026-01-07 16:44:00
319,41,29,upload_mod,2026-01-07 16:45:00
8,356,36,view_mod,2026-01-07 16:46:00
391,401,6,download_mod,2026-01-07 16:47:00
361,310,3,view_mod,2026-01-07 16:48:00
769,263,20,download_mod,2026-01-07 16:49:00
707,481,16,view_mod,2026-01-07 16:50:00
67,108,15,download_mod,2026-01-07 16:51:00
262,451,47,view_mod,2026-01-07 16:52:00
211,495,19,upload_mod,2026-01-07 16:53:00
453,157,17,download_mod,2026-01-07 16:54:00
492,80,32,download_mod,2026-01-07 16:55:00
362,206,40,download_mod,2026-01-07 16:56:00
81,494,44,view_mod,2026-01-07 16:57:00
120,366,26,download_mod,2026-01-07 16:58:00
523,342,41,download_mod,2026-01-07 16:59:00
830,45,35,view_mod,2026-01-07 17:00:00
680,241,44,upload_mod,2026-01-07 17:01:00
370,438,38,view_mod,2026-01-07 17:02:00
888,114,37,view_mod,2026-01-07 17:03:00
941,65,28,like_mod,2026-01-07 17:04:00
526,453,47,upload_mod,2026-01-07 17:05:00
932,274,41,view_mod,2026-01-07 17:06:00
450,181,46,view_mod,2026-01-07 17:07:00
786,268,29,view_mod,2026-01-07 17:08:00
396,427,2,view_mod,2026-01-07 17:09:00
956,465,31,download_mod,2026-01-07 17:10:00
726,231,18,view_mod,2026-01-07 17:11:00
296,460,30,download_mod,2026-01-07 17:12:00
15,409,39,like_mod,2026-01-07 17:13:00
169,320,16,view_mod,2026-01-07 17:14:00
111,463,48,view_mod,2026-01-07 17:15:00
828,398,38,view_mod,2026-01-07 17:16:00
983,370,22,view_mod,2026-01-07 17:17:00
863,312,13,view_mod,2026-01-07 17:18:00
603,441,25,view_mod,2026-01-07 17:19:00
466,404,36,download_mod,2026-01-07 17:20:00
118,211,5,upload_mod,2026-01-07 17:21:00
748,216,36,download_mod,2026-01-07 17:22:00
233,50,6,download_mod,2026-01-07 17:23:00
731,413,39,view_mod,2026-01-07 17:24:00
900,392,5,download_mod,2026-01-07 17:25:00
216,349,13,view_mod,2026-01-07 17:26:00
409,298,32,view_mod,2026-01-07 17:27:00
948,195,9,view_mod,2026-01-07 17:28:00
987,358,47,view_mod,2026-01-07 17:29:00
981,471,26,view_mod,2026-01-07 17:30:00
827,264,48,view_mod,2026-01-07 17:31:00
1,145,44,upload_mod,2026-01-07 17:32:00
919,480,41,view_mod,2026-01-07 17:33:00
743,474,32,view_mod,2026-01-07 17:34:00
281,122,16,view_mod,2026-01-07 17:35:00
977,459,20,like_mod,2026-01-07 17:36:00
364,217,5,view_mod,2026-01-07 17:37:00
10,440,4,view_mod,2026-01-07 17:38:00
590,3,34,download_mod,2026-01-07 17:39:00
15,323,4,upload_mod,2026-01-07 17:40:00
955,86,45,view_mod,2026-01-07 17:41:00
362,429,3,view_mod,2026-01-07 17:42:00
315,300,4,download_mod,2026-01-07 17:43:00
736,172,3,upload_mod,2026-01-07 17:44:00
617,389,30,download_mod,2026-01-07 17:45:00
888,31,28,download_mod,2026-01-07 17:46:00
283,311,22,view_mod,2026-01-07 17:47:00
295,492,14,view_mod,2026-01-07 17:48:00
686,304,1,view_mod,2026-01-07 17:49:00
559,317,39,download_mod,2026-01-07 17:50:00
78,135,46,download_mod,2026-01-07 17:51:00
566,56,41,download_mod,2026-01-07 17:52:00
104,456,9,view_mod,2026-01-07 17:53:00
492,225,40,view_mod,2026-01-07 17:54:00
979,433,49,view_mod,2026-01-07 17:55:00
961,493,20,view_mod,2026-01-07 17:56:00
570,171,37,view_mod,2026-01-07 17:57:00
385,107,26,view_mod,2026-01-07 17:58:00
620,265,26,upload_mod,2026-01-07 17:59:00
829,153,35,view_mod,2026-01-07 18:00:00
8,58,44,download_mod,2026-01-07 18:01:00
437,117,29,upload_mod,2026-01-07 18:02:00
10,486,45,view_mod,2026-01-07 18:03:00
833,304,23,view_mod,2026-01-07 18:04:00
467,155,46,view_mod,2026-01-07 18:05:00
772,261,10,view_mod,2026-01-07 18:06:00
454,251,13,view_mod,2026-01-07 18:07:00
876,189,9,view_mod,2026-01-07 18:08:00
173,34,29,upload_mod,2026-01-07 18:09:00
506,403,49,upload_mod,2026-01-07 18:10:00
992,317,22,like_mod,2026-01-07 18:11:00
211,208,14,view_mod,2026-01-07 18:12:00
477,269,24,view_mod,2026-01-07 18:13:00
292,322,14,view_mod,2026-01-07 18:14:00
533,388,36,view_mod,2026-01-07 18:15:00
334,207,34,download_mod,2026-01-07 18:16:00
143,158,43,download_mod,2026-01-07 18:17:00
899,71,36,download_mod,2026-01-07 18:18:00
904,287,22,view_mod,2026-01-07 18:19:00
676,256,1,view_mod,2026-01-07 18:20:00
47,299,22,view_mod,2026-01-07 18:21:00
693,240,26,view_mod,2026-01-07 18:22:00
824,417,49,view_mod,2026-01-07 18:23:00
431,309,39,upload_mod,2026-01-07 18:24:00
38,89,47,view_mod,2026-01-07 18:25:00
436,329,13,view_mod,2026-01-07 18:26:00
509,461,32,view_mod,2026-01-07 18:27:00
994,65,40,view_mod,2026-01-07 18:28:00
527,444,13,download_mod,2026-01-07 18:29:00
683,352,28,download_mod,2026-01-07 18:30:00
870,379,49,download_mod,2026-01-07 18:31:00
736,494,34,download_mod,2026-01-07 18:32:00
67,252,17,download_mod,2026-01-07 18:33:00
585,43,25,view_mod,2026-01-07 18:34:00
255,273,11,download_mod,2026-01-07 18:35:00
360,142,38,view_mod,2026-01-07 18:36:00
390,392,20,view_mod,2026-01-07 18:37:00
118,114,25,view_mod,2026-01-07 18:38:00
511,43,30,view_mod,2026-01-07 18:39:00
73,451,41,like_mod,2026-01-07 18:40:00
376,477,7,view_mod,2026-01-07 18:41:00
416,115,36,view_mod,2026-01-07 18:42:00
546,32,8,upload_mod,2026-01-07 18:43:00
687,115,46,view_mod,2026-01-07 18:44:00
8,448,38,view_mod,2026-01-07 18:45:00
657,92,37,view_mod,2026-01-07 18:46:00
295,399,24,download_mod,2026-01-07 18:47:00
248,484,13,upload_mod,2026-01-07 18:48:00
48,36,3,download_mod,2026-01-07 18:49:00
715,9,20,upload_mod,2026-01-07 18:50:00
243,322,37,view_mod,2026-01-07 18:51:00
64,333,13,download_mod,2026-01-07 18:52:00
64,70,23,download_mod,2026-01-07 18:53:00
454,183,24,download_mod,2026-01-07 18:54:00
839,358,6,download_mod,2026-01-07 18:55:00
63,265,13,download_mod,2026-01-07 18:56:00
254,95,11,like_mod,2026-01-07 18:57:00
930,252,47,view_mod,2026-01-07 18:58:00
772,280,29,view_mod,2026-01-07 18:59:00
360,406,10,download_mod,2026-01-07 19:00:00
439,339,26,upload_mod,2026-01-07 19:01:00
276,436,42,download_mod,2026-01-07 19:02:00
532,303,44,view_mod,2026-01-07 19:03:00
231,296,22,download_mod,2026-01-07 19:04:00
893,161,11,view_mod,2026-01-07 19:05:00
856,472,1,like_mod,2026-01-07 19:06:00
730,269,16,upload_mod,2026-01-07 19:07:00
879,155,12,like_mod,2026-01-07 19:08:00
452,147,47,upload_mod,2026-01-07 19:09:00
309,30,24,download_mod,2026-01-07 19:10:00
113,150,14,download_mod,2026-01-07 19:11:00
609,245,5,download_mod,2026-01-07 19:12:00
404,146,17,download_mod,2026-01-07 19:13:00
613,486,7,upload_mod,2026-01-07 19:14:00
409,401,5,view_mod,2026-01-07 19:15:00
487,263,49,download_mod,2026-01-07 19:16:00
265,412,15,view_mod,2026-01-07 19:17:00
917,89,26,upload_mod,2026-01-07 19:18:00
214,76,36,view_mod,2026-01-07 19:19:00
53,231,4,download_mod,2026-01-07 19:20:00
518,498,46,view_mod,2026-01-07 19:21:00
214,330,13,view_mod,2026-01-07 19:22:00
998,41,11,view_mod,2026-01-07 19:23:00
557,404,24,download_mod,2026-01-07 19:24:00
640,424,8,view_mod,2026-01-07 19:25:00
687,376,39,download_mod,2026-01-07 19:26:00
753,85,1,view_mod,2026-01-07 19:27:00
80,496,34,upload_mod,2026-01-07 19:28:00
260,16,8,view_mod,2026-01-07 19:29:00
776,271,35,download_mod,2026-01-07 19:30:00
16,150,1,like_mod,2026-01-07 19:31:00
340,184,38,view_mod,2026-01-07 19:32:00
164,426,17,view_mod,2026-01-07 19:33:00
657,323,47,upload_mod,2026-01-07 19:34:00
469,457,1,view_mod,2026-01-07 19:35:00
287,301,38,download_mod,2026-01-07 19:36:00
399,128,48,like_mod,2026-01-07 19:37:00
39,371,13,upload_mod,2026-01-07 19:38:00
729,385,7,view_mod,2026-01-07 19:39:00
663,450,44,download_mod,2026-01-07 19:40:00
112,373,17,view_mod,2026-01-07 19:41:00
505,67,39,view_mod,2026-01-07 19:42:00
437,451,38,download_mod,2026-01-07 19:43:00
847,44,49,download_mod,2026-01-07 19:44:00
867,49,40,download_mod,2026-01-07 19:45:00
583,127,32,view_mod,2026-01-07 19:46:00
59,294,11,upload_mod,2026-01-07 19:47:00
41,323,1,view_mod,2026-01-07 19:48:00
219,323,20,download_mod,2026-01-07 19:49:00
50,145,42,view_mod,2026-01-07 19:50:00
286,244,13,view_mod,2026-01-07 19:51:00
399,413,38,download_mod,2026-01-07 19:52:00
798,324,14,download_mod,2026-01-07 19:53:00
441,296,21,view_mod,2026-01-07 19:54:00
347,205,4,upload_mod,2026-01-07 19:55:00
214,469,4,view_mod,2026-01-07 19:56:00
286,245,2,like_mod,2026-01-07 19:57:00
553,215,10,like_mod,2026-01-07 19:58:00
886,452,34,view_mod,2026-01-07 19:59:00
800,461,14,view_mod,2026-01-07 20:00:00
167,23,47,view_mod,2026-01-07 20:01:00
120,8,41,like_mod,2026-01-07 20:02:00
967,250,42,view_mod,2026-01-07 20:03:00
845,26,20,upload_mod,2026-01-07 20:04:00
427,273,33,upload_mod,2026-01-07 20:05:00
870,180,37,view_mod,2026-01-07 20:06:00
54,418,40,view_mod,2026-01-07 20:07:00
754,424,10,view_mod,2026-01-07 20:08:00
403,285,14,view_mod,2026-01-07 20:09:00
992,474,46,download_mod,2026-01-07 20:10:00
435,298,41,view_mod,2026-01-07 20:11:00
490,67,29,view_mod,2026-01-07 20:12:00
243,411,5,upload_mod,2026-01-07 20:13:00
45,187,22,download_mod,2026-01-07 20:14:00
521,258,7,download_mod,2026-01-07 20:15:00
141,455,15,download_mod,2026-01-07 20:16:00
189,414,49,download_mod,2026-01-07 20:17:00
340,121,4,like_mod,2026-01-07 20:18:00
6,436,43,like_mod,2026-01-07 20:19:00
26,39,9,view_mod,2026-01-07 20:20:00
165,102,31,upload_mod,2026-01-07 20:21:00
158,21,46,view_mod,2026-01-07 20:22:00
951,379,9,download_mod,2026-01-07 20:23:00
981,136,41,view_mod,2026-01-07 20:24:00
573,381,37,view_mod,2026-01-07 20:25:00
790,126,14,view_mod,2026-01-07 20:26:00
157,66,2,view_mod,2026-01-07 20:27:00
857,218,25,view_mod,2026-01-07 20:28:00
906,31,10,upload_mod,2026-01-07 20:29:00
337,106,14,download_mod,2026-01-07 20:30:00
412,466,46,download_mod,2026-01-07 20:31:00
146,253,12,upload_mod,2026-01-07 20:32:00
359,471,24,like_mod,2026-01-07 20:33:00
726,359,29,view_mod,2026-01-07 20:34:00
587,51,27,upload_mod,2026-01-07 20:35:00
833,403,32,view_mod,2026-01-07 20:36:00
639,396,8,view_mod,2026-01-07 20:37:00
413,159,33,view_mod,2026-01-07 20:38:00
462,253,14,view_mod,2026-01-07 20:39:00
858,231,43,view_mod,2026-01-07 20:40:00
742,440,49,like_mod,2026-01-07 20:41:00
406,218,18,download_mod,2026-01-07 20:42:00
383,279,3,view_mod,2026-01-07 20:43:00
25,176,27,download_mod,2026-01-07 20:44:00
379,9,11,download_mod,2026-01-07 20:45:00
543,465,38,view_mod,2026-01-07 20:46:00
890,189,29,download_mod,2026-01-07 20:47:00
209,238,37,like_mod,2026-01-07 20:48:00
1,484,24,view_mod,2026-01-07 20:49:00
947,113,1,download_mod,2026-01-07 20:50:00
531,86,42,view_mod,2026-01-07 20:51:00
532,243,45,view_mod,2026-01-07 20:52:00
838,425,9,download_mod,2026-01-07 20:53:00
970,208,1,view_mod,2026-01-07 20:54:00
984,20,6,view_mod,2026-01-07 20:55:00
832,317,45,upload_mod,2026-01-07 20:56:00
233,413,36,download_mod,2026-01-07 20:57:00
428,225,27,upload_mod,2026-01-07 20:58:00
577,43,40,view_mod,2026-01-07 20:59:00
150,224,27,view_mod,2026-01-07 21:00:00
532,376,7,download_mod,2026-01-07 21:01:00
638,253,7,view_mod,2026-01-07 21:02:00
207,212,16,download_mod,2026-01-07 21:03:00
954,368,48,view_mod,2026-01-07 21:04:00
418,51,4,view_mod,2026-01-07 21:05:00
603,215,5,download_mod,2026-01-07 21:06:00
965,7,36,download_mod,2026-01-07 21:07:00
802,417,41,view_mod,2026-01-07 21:08:00
645,304,12,view_mod,2026-01-07 21:09:00
844,415,49,view_mod,2026-01-07 21:10:00
957,259,17,upload_mod,2026-01-07 21:11:00
313,132,36,like_mod,2026-01-07 21:12:00
809,225,15,view_mod,2026-01-07 21:13:00
766,487,28,view_mod,2026-01-07 21:14:00
46,94,20,download_mod,2026-01-07 21:15:00
937,48,15,download_mod,2026-01-07 21:16:00
561,496,24,view_mod,2026-01-07 21:17:00
393,299,32,download_mod,2026-01-07 21:18:00
877,489,43,download_mod,2026-01-07 21:19:00
959,27,40,upload_mod,2026-01-07 21:20:00
945,392,23,like_mod,2026-01-07 21:21:00
613,222,28,view_mod,2026-01-07 21:22:00
83,413,36,view_mod,2026-01-07 21:23:00
403,119,30,view_mod,2026-01-07 21:24:00
563,427,10,view_mod,2026-01-07 21:25:00
147,326,41,view_mod,2026-01-07 21:26:00
885,481,6,view_mod,2026-01-07 21:27:00
866,77,16,download_mod,2026-01-07 21:28:00
172,323,49,download_mod,2026-01-07 21:29:00
688,306,22,download_mod,2026-01-07 21:30:00
232,458,39,view_mod,2026-01-07 21:31:00
690,105,21,view_mod,2026-01-07 21:32:00
819,18,26,download_mod,2026-01-07 21:33:00
556,290,35,view_mod,2026-01-07 21:34:00
785,432,46,view_mod,2026-01-07 21:35:00
891,18,4,download_mod,2026-01-07 21:36:00
173,334,28,download_mod,2026-01-07 21:37:00
305,384,39,view_mod,2026-01-07 21:38:00
563,467,8,download_mod,2026-01-07 21:39:00
473,72,31,download_mod,2026-01-07 21:40:00
977,423,22,like_mod,2026-01-07 21:41:00
35,30,43,view_mod,2026-01-07 21:42:00
708,9,39,view_mod,2026-01-07 21:43:00
166,96,18,view_mod,2026-01-07 21:44:00
894,382,27,view_mod,2026-01-07 21:45:00
427,251,42,view_mod,2026-01-07 21:46:00
322,467,2,view_mod,2026-01-07 21:47:00
676,104,44,download_mod,2026-01-07 21:48:00
702,397,18,download_mod,2026-01-07 21:49:00
706,404,34,like_mod,2026-01-07 21:50:00
914,293,34,upload_mod,2026-01-07 21:51:00
881,261,45,download_mod,2026-01-07 21:52:00
66,100,44,download_mod,2026-01-07 21:53:00
161,200,46,view_mod,2026-01-07 21:54:00
691,77,1,view_mod,2026-01-07 21:55:00
482,470,36,download_mod,2026-01-07 21:56:00
859,177,48,view_mod,2026-01-07 21:57:00
852,146,25,view_mod,2026-01-07 21:58:00
301,277,35,upload_mod,2026-01-07 21:59:00
317,172,20,view_mod,2026-01-07 22:00:00
942,189,1,like_mod,2026-01-07 22:01:00
941,359,39,upload_mod,2026-01-07 22:02:00
118,120,39,view_mod,2026-01-07 22:03:00
569,429,5,view_mod,2026-01-07 22:04:00
626,309,6,view_mod,2026-01-07 22:05:00
869,168,33,download_mod,2026-01-07 22:06:00
998,267,13,download_mod,2026-01-07 22:07:00
821,464,2,view_mod,2026-01-07 22:08:00
378,191,4,view_mod,2026-01-07 22:09:00
174,292,11,view_mod,2026-01-07 22:10:00
5,278,30,upload_mod,2026-01-07 22:11:00
664,317,10,view_mod,2026-01-07 22:12:00
769,188,41,upload_mod,2026-01-07 22:13:00
252,20,32,view_mod,2026-01-07 22:14:00
939,78,2,view_mod,2026-01-07 22:15:00
345,433,9,like_mod,2026-01-07 22:16:00
366,59,20,download_mod,2026-01-07 22:17:00
202,347,4,view_mod,2026-01-07 22:18:00
954,280,2,view_mod,2026-01-07 22:19:00
906,179,44,download_mod,2026-01-07 22:20:00
402,14,33,view_mod,2026-01-07 22:21:00
184,213,48,view_mod,2026-01-07 22:22:00
719,280,25,download_mod,2026-01-07 22:23:00
553,37,46,upload_mod,2026-01-07 22:24:00
876,128,29,view_mod,2026-01-07 22:25:00
947,281,17,view_mod,2026-01-07 22:26:00
105,126,1,view_mod,2026-01-07 22:27:00
489,304,31,view_mod,2026-01-07 22:28:00
312,227,34,view_mod,2026-01-07 22:29:00
471,320,36,view_mod,2026-01-07 22:30:00
991,167,15,download_mod,2026-01-07 22:31:00
342,198,35,download_mod,2026-01-07 22:32:00
615,78,10,upload_mod,2026-01-07 22:33:00
473,271,20,download_mod,2026-01-07 22:34:00
9,385,41,view_mod,2026-01-07 22:35:00
307,72,10,view_mod,2026-01-07 22:36:00
519,286,14,view_mod,2026-01-07 22:37:00
832,471,18,view_mod,2026-01-07 22:38:00
233,344,23,view_mod,2026-01-07 22:39:00
